conversation_id,tweet_id,created_at,username,full_text,like_count,retweet_count,reply_count,is_quote_status,user_followers,lang
1800078698386776422,1801636324405088315,Fri Jun 14 15:22:27 +0000 2024,Bertemujodoh,@detikcom Ini PSI ya ?,0,0,0,0,0,in
1800078698386776422,1801125226107068803,Thu Jun 13 05:31:31 +0000 2024,p_widyanto,@detikcom Kasih...berapapun kasih..duit joko banyak,0,0,0,0,0,in
1800078698386776422,1801029473065926665,Wed Jun 12 23:11:02 +0000 2024,RizaPermadi1,"@detikcom Bakal jauh dr berhasil IKN..
Ujung2nya masuk Bui semua..",0,0,0,0,0,in
1800078698386776422,1800770440908181622,Wed Jun 12 06:01:44 +0000 2024,Imgsyln_,@detikcom https://t.co/csbMrgRH3S,0,0,0,0,0,qme
1800078698386776422,1800765761725804670,Wed Jun 12 05:43:08 +0000 2024,nntweetnn,@detikcom Tiga puluh Triliun? Pakai uangnya sendiri saja. Public menolak.,0,0,0,0,0,in
1800078698386776422,1800749825635602489,Wed Jun 12 04:39:49 +0000 2024,SuhariadiHarry,"@detikcom Bocah ingusan mimpin pembangunan IKN, paraaah. Ni",0,0,0,0,0,in
1800078698386776422,1800745654534517182,Wed Jun 12 04:23:14 +0000 2024,SyahlanR71315,"@detikcom Kemarin katanya sisa angaran buat IKN yg bersumber dari APBN tinggal 16 T, tiba² bocah ingusan minta tambah 29.8 T, uangnya dari mana yg 12.8T lagi, dari tunggu TAPERA?",0,0,0,0,0,in
1800078698386776422,1800739148523081826,Wed Jun 12 03:57:23 +0000 2024,SuriaB5,"@detikcom Manusia Hina, sangat menjijikan.",0,0,0,0,0,in
1800078698386776422,1800735821261328401,Wed Jun 12 03:44:10 +0000 2024,varietas73,"@detikcom Weleh2...kwmungkinan ngak akan beres, KPK lakukan pengawasan pada semua pejabat yang lagi ngurusin IKN, anggran besar banget",0,0,0,0,0,in
1800078698386776422,1800728288924754200,Wed Jun 12 03:14:14 +0000 2024,LokalPendaki,@detikcom Proyek bancakan nih.... Nambah utang jadi gak kari karuan,0,0,0,0,0,in
1800078698386776422,1800725498185879557,Wed Jun 12 03:03:09 +0000 2024,4benyaQiqin,"@detikcom Walaupun gak lolos parlemen tp kadernya dapat jatah maknyus, usaha tak khianati hasil. Bentar lagi mendominasi kementrian 👍🏻👍🏻👍🏻",0,0,0,0,0,in
1800078698386776422,1800724812182274338,Wed Jun 12 03:00:25 +0000 2024,rizki_ariesa,@detikcom Hancurrrrr,0,0,0,0,0,in
1800078698386776422,1800705468928827571,Wed Jun 12 01:43:33 +0000 2024,Del_tahta,@detikcom Palak lagi rakyat,0,0,0,0,0,in
1800078698386776422,1800698082285547996,Wed Jun 12 01:14:12 +0000 2024,bangbungwae,@detikcom Semua2 koq minta tambahan.. Woiii..gak mikir apa yak?..Pikirin itu utang NKRI sdh membludak.. Pikirin cara melunasinya.bukan malah efisiensi pengeluaran.. Klo cuman nambah hutang lagi.semua org bisa bro,0,0,0,0,0,in
1800078698386776422,1800682710182297786,Wed Jun 12 00:13:07 +0000 2024,Malindeman23,@detikcom Ooo ini plt nya😳😳😳,0,0,0,0,0,in
1800078698386776422,1800666141481996659,Tue Jun 11 23:07:17 +0000 2024,Pegawai14,"@detikcom Muwakakakakak
Anggaran terooooooosssss",0,0,0,0,0,tl
1800078698386776422,1800660183666069607,Tue Jun 11 22:43:37 +0000 2024,Rawing1274,@detikcom Nyari jgn Mnta jul,0,0,0,0,0,in
1800078698386776422,1800653692934164604,Tue Jun 11 22:17:49 +0000 2024,NowToegi,@detikcom Cah cilik muka boros ternyata juga mata duitan. Rambut ponimu mana Jul ?,0,0,0,0,0,in
1800078698386776422,1800652891004285397,Tue Jun 11 22:14:38 +0000 2024,elisemom1,@detikcom Raine nggateli,0,0,0,0,0,in
1800078698386776422,1800650105881546992,Tue Jun 11 22:03:34 +0000 2024,berkelana81,"@detikcom Rezim konoha bener2 kuras duit rakyat,dia enak2,an minta yang tanggung rakyat kecil",0,0,0,0,0,in
1800078698386776422,1800609896754528695,Tue Jun 11 19:23:47 +0000 2024,Slamet_24wiro,@detikcom Cuan maning....👍👍👍👍👍,0,0,0,0,0,es
1800078698386776422,1800596649452114364,Tue Jun 11 18:31:09 +0000 2024,rezpahlevi,"@detikcom Tenang, rakyat yg bayar sampe 7 turunan lu jul.",0,0,0,0,0,in
1800078698386776422,1800593475731407129,Tue Jun 11 18:18:32 +0000 2024,Alqadriwahyu14,"@detikcom Tukang ketoprak di angkat jadi camat,mana tahan boss,jaka sembung bawa golog....terusin artinya",0,0,0,0,0,in
1800078698386776422,1800567947297239268,Tue Jun 11 16:37:06 +0000 2024,Priyo__Muhammad,@detikcom Gerombolan otak pekok mengelola uang rakyat ya begini,0,0,0,0,0,in
1800078698386776422,1800552715682246927,Tue Jun 11 15:36:34 +0000 2024,anfalsemangat,@detikcom Sumbernya dari APBN apa investor?.. sudah banyak investor masuk.. coba bukalah biar rakyat tahu,0,0,0,0,0,in
1800078698386776422,1800551889706332513,Tue Jun 11 15:33:17 +0000 2024,StupidHusband87,@detikcom Ga kreatif,0,0,0,0,0,in
1800078698386776422,1800541999105511737,Tue Jun 11 14:53:59 +0000 2024,arjainal21,@detikcom Yahh... lapar banget,0,0,0,0,0,in
1800078698386776422,1800538810587230393,Tue Jun 11 14:41:19 +0000 2024,toxynuscaV2,"@detikcom Bukannya wakil &amp; kepala itu tugasnya nyari investor utk membiayai kerjaan di Ib-Kor-Nep? Lalu krn gagal, kepala sebelumnya diundurin?
Ini malah penggantinya langsung minta anggaran. Dah dari awal gak kompeten? Tapi ya mmg semua mereka spt itu, apa mau dikata",0,0,0,0,0,in
1800078698386776422,1800533409464533275,Tue Jun 11 14:19:51 +0000 2024,Anto32895488,@detikcom Anak kemarin sore bisa jdi wakil plt ikn wkkwkwkkkw negara ni miskin org profesional...sampah2 dipungut sruh urus negara anjing betul,0,0,0,0,0,in
1800078698386776422,1800530956086120728,Tue Jun 11 14:10:06 +0000 2024,risnand59179688,@detikcom Orang model begini bisa apa?????,0,0,0,0,0,in
1800078698386776422,1800526893839728860,Tue Jun 11 13:53:58 +0000 2024,sukalurah,"@detikcom kapasitasnya apa ya raja juli ini jadi plt wakil kepala. gimana mau ga telat, org2 nyari duit doang di pasang, yg terima gaji aja tanpa tau teknis dilapangan 😂🤣",0,0,0,0,0,in
1800078698386776422,1800524658590241247,Tue Jun 11 13:45:05 +0000 2024,mawardi21642,@detikcom 🤣🤣🤣  IKN rada2 akan macet ..🤣🤣,0,0,0,0,0,in
1800078698386776422,1800523212562063773,Tue Jun 11 13:39:20 +0000 2024,24kataareddio,@detikcom Nenek gw jg bisa klo gt2an mah,0,0,0,0,0,in
1800078698386776422,1800521289494577561,Tue Jun 11 13:31:42 +0000 2024,atmajasborneo,@detikcom Enak bener congor,0,0,0,0,0,in
1800078698386776422,1800506957494951953,Tue Jun 11 12:34:45 +0000 2024,Samudra_Biru90,"@detikcom Ambisi proyek pribadi jokowi yang tidak jelas
.
padahal itu duit IKN bisa beli peralatan tempur:

12 mirage 2000-5 ex qatar
36 mirage 2000-6 ex uea
40 mirage 2000-9 ex yunani
40 F16 ex yunani
9 c130j super hercules ex inggris
100 tank harimau
2 fregat duke class ex inggris
.
.
.",0,0,0,0,0,in
1800078698386776422,1800500094514675767,Tue Jun 11 12:07:28 +0000 2024,AFHanin,"@detikcom Kasih. Besok tinggal bikin aturan paksa rakyat iuran lagi, santai aja. 
Gausah sungkan",0,0,0,0,0,in
1800078698386776422,1800491385176633510,Tue Jun 11 11:32:52 +0000 2024,H21J,"@detikcom Hutang lagi, tambah lagi....",0,0,0,0,0,in
1800078698386776422,1800491301093494886,Tue Jun 11 11:32:32 +0000 2024,SoewarnoBudi,@Dani97aza @detikcom Euweuh kasieun si bule...😂,0,0,0,0,0,in
1800078698386776422,1800489259851538828,Tue Jun 11 11:24:25 +0000 2024,faisal_ded16773,@detikcom Duuh..kok wong iki...ajuur,0,0,0,0,0,in
1800078698386776422,1800489062933189098,Tue Jun 11 11:23:38 +0000 2024,LMuhammadiy,"@detikcom Abisin aje bang!!?? 
Mumpung. masih menjabat, apalagi kerja bersama kroni aman, yg penting tau sama tau",0,0,0,0,0,in
1800078698386776422,1800486815432155348,Tue Jun 11 11:14:42 +0000 2024,aruninda,@aisamini @detikcom :'),0,0,0,0,0,qam
1800078698386776422,1800485856811344290,Tue Jun 11 11:10:54 +0000 2024,febaba,@detikcom Tambahh sampe muntah...*Gar*ngModus,0,0,0,0,0,in
1800078698386776422,1800484738215588158,Tue Jun 11 11:06:27 +0000 2024,Herbert_Pa1000,@detikcom Darimana duitnya...🙄🙄🙄,0,0,0,0,0,in
1800078698386776422,1800482460427596248,Tue Jun 11 10:57:24 +0000 2024,adypiliang,"@detikcom Ciri ciri penjilat, setelah mendapat jabatan dan kekuasaan, sudah tergoda dengan duit.
Karena : "" Kekuasaan menggoda untuk korupsi, kekuasaan mutlak pasti digunakan untuk Korupsi, walaupun kekuasaan itu masih PLT 😁😄""",0,0,0,0,0,in
1800078698386776422,1800478998105137660,Tue Jun 11 10:43:39 +0000 2024,RuddyChandra16,@detikcom Oala eloe oeang kau seenak jidat kau mau ditelep yah uang keringst rakyat baj***** bo***(,0,0,0,0,0,in
1800078698386776422,1800469329236095063,Tue Jun 11 10:05:13 +0000 2024,ummadiba,"@detikcom Tebak, duitnya darimana?",0,0,0,0,0,in
1800078698386776422,1800467916812636171,Tue Jun 11 09:59:37 +0000 2024,negerilama,@detikcom Partai ga lolos threshold masih bisa nemplok sana sini,0,0,0,0,0,in
1800078698386776422,1800465378596077816,Tue Jun 11 09:49:31 +0000 2024,Uram0501,"@detikcom Makanya kita ini belum saatnya punya ibukota baru, sdh tahu anggaran selalu defisit malah dipaksakan ga ada lagi sumber pendapatan..akhirnya peras rakyat wajib nabung 2,5% dan 0,5 persen pengusaha..",0,0,0,0,0,in
1800078698386776422,1800461123097096368,Tue Jun 11 09:32:37 +0000 2024,dwinitayu,"@detikcom wong sumber dari apbnny udh 16 atau 20% gt, harusnya kan ada pembiayaan lain, mana investor yang katanya akan banyak masuk?",0,0,0,0,0,in
1800078698386776422,1800459415986045259,Tue Jun 11 09:25:50 +0000 2024,3momss,"@detikcom Demi ikn... keuangan negara  abis²an...
Pajak rakyat digenjot..
Bikin aturan wajib tapera..
Cari sumber dana dengan buat regulasi kenaikan tax dan buat aturan sumber² tax yg baru...
.
Endonesah... ini demi legitimasi seorang presidennya",0,0,0,0,0,in
1800078698386776422,1800455134176280935,Tue Jun 11 09:08:49 +0000 2024,irwananca,@detikcom TOLAK,0,0,0,0,0,eu
1800078698386776422,1800453629654323410,Tue Jun 11 09:02:50 +0000 2024,shxxmiroh,@detikcom akhirnya org PSI dapet jatah jabatan 🤭,0,0,0,0,0,in
1800078698386776422,1800453391254241559,Tue Jun 11 09:01:53 +0000 2024,JhonRinaldo10,"@detikcom Seandainya uang rakyat triliunan itu digunakan untuk bangun perbaikan sekolah2, jalan baru/ rusak, subsidi pupuk petani, tentu jauh berfaedah daripada bangun gedung2 mewah untuk segelintir orang yg tak berguna",1,0,0,0,0,in
1800078698386776422,1800439557365920030,Tue Jun 11 08:06:55 +0000 2024,LunarGosh,@detikcom Setan alas,0,0,0,0,0,in
1800078698386776422,1800438993961771185,Tue Jun 11 08:04:41 +0000 2024,agusYud62540639,@detikcom Oke....drpd nanggung sy kasih 50 t sekalian ya...usul kk cm dikit....😀😀,0,0,0,0,0,in
1800078698386776422,1800434546946756930,Tue Jun 11 07:47:01 +0000 2024,FitriaWorld,@detikcom Maksa bangun ikn padahal uangnya g ada,0,0,0,0,0,in
1800078698386776422,1800433159626264945,Tue Jun 11 07:41:30 +0000 2024,ginanjar_yp,@detikcom Geblek,0,0,0,0,0,nl
1800078698386776422,1800432337127350387,Tue Jun 11 07:38:14 +0000 2024,hihellomega,@detikcom Duit duit duit terooooossss,0,0,0,0,0,nl
1800078698386776422,1800431540364890477,Tue Jun 11 07:35:04 +0000 2024,Awalanur,@detikcom ..nikmatnya anggaran...nikmatnya pengadaan barang &amp; jasa...,0,0,0,0,0,in
1800078698386776422,1800431165947707484,Tue Jun 11 07:33:35 +0000 2024,bayualf1412,@detikcom Niat bgt 🐕,0,0,0,0,0,in
1800078698386776422,1800430754700440049,Tue Jun 11 07:31:56 +0000 2024,Farah69724896,@detikcom Bisa beli peci lagi donk,0,0,0,0,0,in
1800078698386776422,1800428549586964655,Tue Jun 11 07:23:11 +0000 2024,kersopesawatgm1,@detikcom Amaaaaan........tapera cair langsung transfer. Gue transfer via Bluetooth,0,0,0,0,0,in
1800078698386776422,1800428474559344778,Tue Jun 11 07:22:53 +0000 2024,DadarGanteng,"@wansrosadi @detikcom Kok pake daun
Kan berkelanjutan ....tinggal lanjutin semua",0,0,0,0,0,in
1800078698386776422,1800422404327714989,Tue Jun 11 06:58:46 +0000 2024,SurjawanDe33967,@detikcom Tambah 100 T juga ga pa2. Bikin bangkrut negara,0,0,0,0,0,in
1800078698386776422,1800420829169389603,Tue Jun 11 06:52:30 +0000 2024,giraffffffff,"@detikcom Kalo cuman usul nya nambah anggaran, gw juga bisa coy",0,0,0,0,0,in
1800078698386776422,1800416845746635242,Tue Jun 11 06:36:40 +0000 2024,Cillipari,@detikcom Sabar bro wkwk...bener2 dah,0,0,0,0,0,in
1800078698386776422,1800414429517095071,Tue Jun 11 06:27:04 +0000 2024,BudiTeguhSanto4,@detikcom Akhirnya,0,0,0,0,0,in
1800078698386776422,1800413244173238461,Tue Jun 11 06:22:22 +0000 2024,taufik_q,@detikcom 25% masuk kantong sendiri dan kroninya...,1,0,0,0,0,in
1800078698386776422,1800412001728172280,Tue Jun 11 06:17:25 +0000 2024,titalkamkawan,"@detikcom Jika memang pembangunan gedung belum memenuhi standar layak, usulan tambahan  anggaran knp tidak . .??",0,0,0,0,0,in
1800078698386776422,1800406588458725437,Tue Jun 11 05:55:55 +0000 2024,AlfianNoro,"@detikcom Bisanya hanya itu.. Tambahan anggaran, penggusuran, investasi NOL .. Ide NOL",3,0,0,0,0,in
1800078698386776422,1800406465699881080,Tue Jun 11 05:55:26 +0000 2024,nofreedani,@detikcom Suatu hari akan sama nyungsepnya 😎,0,0,0,0,0,in
1800078698386776422,1800405284516712799,Tue Jun 11 05:50:44 +0000 2024,pentjitraan,@detikcom Usul yg pasti 100% di acc,0,0,0,0,0,in
1800078698386776422,1800402136645435527,Tue Jun 11 05:38:13 +0000 2024,apaytalemponk,"@detikcom Lah, minta tambahan amggaran. Kirain bs datengin investor",0,0,0,0,0,in
1800078698386776422,1800401742666096949,Tue Jun 11 05:36:39 +0000 2024,CakTotok66,"@detikcom jgn kasih, bahaya",0,0,0,0,0,in
1800078698386776422,1800400662225961417,Tue Jun 11 05:32:22 +0000 2024,ramdaniirpan1,@detikcom Lahan basah 😁,0,0,0,0,0,in
1800078698386776422,1800399953195667950,Tue Jun 11 05:29:33 +0000 2024,arno2303,@detikcom Asyik bisa di korupsi nih...😁😛,0,0,0,0,0,in
1800078698386776422,1800398263251821042,Tue Jun 11 05:22:50 +0000 2024,budinarso,@detikcom Enak ya kerja ditempat basah.,0,0,0,0,0,in
1800078698386776422,1800397959449989359,Tue Jun 11 05:21:37 +0000 2024,esdaogan,@detikcom siap siap tarikan upeti makin naik lebih tinggi lagi,0,0,0,0,0,in
1800078698386776422,1800396983502520757,Tue Jun 11 05:17:45 +0000 2024,NurAlamSyhClcap,"@detikcom Haduh, S. Ag disuruh ngurus tata kota. Ya gini hasilnya",0,0,0,0,0,in
1800078698386776422,1800396861733568719,Tue Jun 11 05:17:16 +0000 2024,FendiSetya5068,@detikcom Eh Mo buat dkirim ke hamas y tuh duit,0,0,0,0,0,in
1800078698386776422,1800394063256092678,Tue Jun 11 05:06:09 +0000 2024,ucieamoi,@detikcom Duid teryuuuuuus,0,0,0,0,0,ca
1800078698386776422,1800389701746258126,Tue Jun 11 04:48:49 +0000 2024,zenstrive,"@detikcom Jangan, ntar dipake kampanye kaesang",0,0,0,0,0,in
1800078698386776422,1800387980609339892,Tue Jun 11 04:41:58 +0000 2024,peace_n_truth_,@detikcom Masa RAB yang jelas sudah dihitung dengan segala kelebihannya masa masih kureng,0,0,0,0,0,in
1800078698386776422,1800387318588875161,Tue Jun 11 04:39:20 +0000 2024,karsonosan,"@detikcom Buset, mungkin buat bantu biayain partainya kali 🥴",0,0,0,0,0,in
1800078698386776422,1800384150127759487,Tue Jun 11 04:26:45 +0000 2024,kimicikim,@detikcom Aji mumpung. Bangsat,0,0,0,0,0,in
1800078698386776422,1800382427547963752,Tue Jun 11 04:19:54 +0000 2024,Lucfer62,@detikcom Parah..,0,0,0,0,0,in
1800078698386776422,1800379736440656361,Tue Jun 11 04:09:13 +0000 2024,Ai_iNyoman,"@detikcom VANGKE, parpol Mukidi yg gak lolos senayan malah pelorotin APBN, mana neh IQ58",0,0,0,0,0,in
1800078698386776422,1800379286983172496,Tue Jun 11 04:07:26 +0000 2024,sgyntwm,@detikcom Bancakan.. ..,0,0,0,0,0,in
1800078698386776422,1800377921137463759,Tue Jun 11 04:02:00 +0000 2024,heryajalagi,"@detikcom Enreng banget buang duit 29T... sementara anggaran pendidikan, keshatan dan pupuk nambah subaidi 1 T aja..
Nyaris imposible",0,0,0,0,0,in
1800078698386776422,1800376720257950133,Tue Jun 11 03:57:14 +0000 2024,JeronePulen,@detikcom mau bangun pentagon?,0,0,0,0,0,in
1800078698386776422,1800375684252250527,Tue Jun 11 03:53:07 +0000 2024,DiabetesIDN,"@detikcom Gak apa-apa, toh 58% setuju",0,0,0,0,0,in
1800078698386776422,1800375545538212139,Tue Jun 11 03:52:34 +0000 2024,HardiRyan29,@detikcom Enak amat tinggal minta2 doang,0,0,0,0,0,in
1800078698386776422,1800375528433860947,Tue Jun 11 03:52:29 +0000 2024,RBSShelby,"@detikcom Udah lah Pak, bangun sisanya pakai kardus saja toh presiden terpilih juga ngga mau pindah kesana 😂😂😂",0,0,0,0,0,in
1800078698386776422,1800371226164207835,Tue Jun 11 03:35:24 +0000 2024,khidlirkarawita,"@detikcom Baru login, udah ngaco @RajaJuliAntoni",0,0,0,0,0,in
1800078698386776422,1800371114084024377,Tue Jun 11 03:34:57 +0000 2024,G_Junaidi,"@detikcom Buang terus tuh duit, nyari nya gampang ini tinggal periksa pajak terus aja semua perusahaan di Indonesia. Jangan kasih kendor.",0,0,0,0,0,in
1800078698386776422,1800370050425295077,Tue Jun 11 03:30:43 +0000 2024,wawan57044761,"@detikcom nambahnya dari APBN, APBN nambahnya dari Utang?",0,0,0,0,0,in
1800078698386776422,1800369662246703379,Tue Jun 11 03:29:11 +0000 2024,nasutionfaisal3,@detikcom Genapin aja 30T bisa ga?,0,0,0,0,0,in
1800078698386776422,1800369000150655059,Tue Jun 11 03:26:33 +0000 2024,kanghurairah,@detikcom Miris ya pak @prabowo anda belum dilantik ini ada yg mau hambur²kan APBN.,0,0,0,0,0,in
1800078698386776422,1800368779106689521,Tue Jun 11 03:25:40 +0000 2024,ewidd_widd,@detikcom Ya asalkan rakyat jelata macam saya ini kagak disuruh gotong royong patungan buat danain itu ya Pak!!,0,0,0,0,0,in
1800078698386776422,1800368348989112378,Tue Jun 11 03:23:58 +0000 2024,aruninda,@detikcom Wamenmu @aisamini,0,0,1,0,0,in
1800078698386776422,1800365799913496683,Tue Jun 11 03:13:50 +0000 2024,TIANGBICARA,@detikcom 100t aja tanggung banget lagian utang di baayar rakyat jelata kok sungkan,0,0,0,0,0,in
1800078698386776422,1800365105328345397,Tue Jun 11 03:11:04 +0000 2024,MUSHABmoeba,"@detikcom di saat semua naik, pemerintah malah minta nambah biaya untuk bangun istana",0,0,0,0,0,in
1800078698386776422,1800365061002957116,Tue Jun 11 03:10:54 +0000 2024,Raihan_ehann,"@detikcom Gedungnya aja belum ada, maen kelola aja, koplak.",0,0,0,0,0,in
1800078698386776422,1800365023333961784,Tue Jun 11 03:10:45 +0000 2024,Dedy44169434,@detikcom Oh rupanya mundurnya Ketua OIkN dan wakil ketua buat majuin si Raja Juli jadi pemimpin tertinggi di OiKN.. lihai sekali taktik mereka.. awam gak akan bisa baca,0,0,0,0,0,in
1800078698386776422,1800364565538226603,Tue Jun 11 03:08:56 +0000 2024,FollowingSeaz,"@detikcom semua minta duit.. hahaha
ntar bakal ada Tapera jilid 2, dan pajak pajak lain nya",0,0,0,0,0,in
1800078698386776422,1800361743325298859,Tue Jun 11 02:57:43 +0000 2024,_aadrasyad,@detikcom Hmmm,0,0,0,0,0,und
1800078698386776422,1800361692502884545,Tue Jun 11 02:57:31 +0000 2024,ahidayata9,@detikcom Harusnya Raja agustus gak sih,0,0,0,0,0,in
1800078698386776422,1800361605529849986,Tue Jun 11 02:57:10 +0000 2024,FerroBudhi,@detikcom Investor asing mana ya?,0,0,0,0,0,in
1800078698386776422,1800360921451409845,Tue Jun 11 02:54:27 +0000 2024,YaminLee274562,@detikcom Waaah tambah enak korup nya  😜,0,0,0,0,0,in
1800078698386776422,1800358375466946855,Tue Jun 11 02:44:20 +0000 2024,Najazi731,@detikcom duit lagi....duit lagi....apa sih URGENSINYA BIKIN IKN....,0,0,0,0,0,in
1800078698386776422,1800357862742565234,Tue Jun 11 02:42:18 +0000 2024,uphy1989,@detikcom Dikit bngt kalo perlu 1.000 T biar cepet selesai,0,0,0,0,0,in
1800078698386776422,1800356844541730816,Tue Jun 11 02:38:15 +0000 2024,harmonisme,@detikcom Ujung ujungnya ngerampok!,0,0,0,0,0,in
1800078698386776422,1800356662194360819,Tue Jun 11 02:37:31 +0000 2024,LanangJagad31,"@detikcom Ya udah.. sono cari utangan lagi

 🙈🙈🙈",1,0,0,0,0,in
1800078698386776422,1800356456165958139,Tue Jun 11 02:36:42 +0000 2024,ardikum212,@detikcom Baru jabatan langsung minta 29triliun masbroooooo ngegasssss,0,0,0,0,0,in
1800078698386776422,1800355980833902772,Tue Jun 11 02:34:49 +0000 2024,linuxternate,@detikcom Gass,0,0,0,0,0,en
1800078698386776422,1800355892233466124,Tue Jun 11 02:34:28 +0000 2024,AirinDatangLagi,@detikcom Kalau soal Duit Itung²annya Cepat yaaa ngalah²in Kalkulator😁🤣,2,0,0,0,0,in
1800078698386776422,1800355489194426829,Tue Jun 11 02:32:52 +0000 2024,harifarmadi,"@detikcom Gas trs, anggaran trs, ayo bang gak usah malu2",0,0,0,0,0,in
1800078698386776422,1800355474099126712,Tue Jun 11 02:32:48 +0000 2024,dominiko13,@detikcom Potensi kerugian negara dari korupsi di tahun 2023 hampir 29 Triliun. Silahkan diambil 🙂,0,0,0,0,0,in
1800078698386776422,1800355295325278380,Tue Jun 11 02:32:06 +0000 2024,pristiana92,"@detikcom Buat bangun Sekolah, jembatan atau benerin jalan pdhl lbh berguna. Etapi masa bodoh dink y sist @evaheni yg penting bangun IKN. IKN kebanggaanku🥳😍💃🏻",0,0,0,0,0,in
1800078698386776422,1800354276558197023,Tue Jun 11 02:28:03 +0000 2024,vbxyz,@detikcom GENJOT TERUS UTANG RAKYAT,0,0,0,0,0,in
1800078698386776422,1800353045433434402,Tue Jun 11 02:23:09 +0000 2024,SBioteach,"@detikcom Minta ke investor dong, awas sj kalau ambil dr APBN. Rakyat bakal malas bayar pajak....",0,0,0,0,0,in
1800078698386776422,1800352820740358199,Tue Jun 11 02:22:16 +0000 2024,Kundi99148510,@detikcom pejabat lucu,0,0,0,0,0,in
1800078698386776422,1800352394016104509,Tue Jun 11 02:20:34 +0000 2024,fandoyy,@detikcom Gob... Udah habis 90t masih kurang...,0,0,0,0,0,in
1800078698386776422,1800351334979539170,Tue Jun 11 02:16:21 +0000 2024,eko412,"@detikcom mending di pikirinnya pake jalur inves,minta anggaran yg ada muncul tapera2 lain",0,0,0,0,0,in
1800078698386776422,1800350918074040787,Tue Jun 11 02:14:42 +0000 2024,easywinamien,@detikcom cuman minta aja bisanya lu @RajaJuliAntoni  . mending tukang bajaj aja dipasang disitu kalau taunya cuman minta duit,0,0,0,0,0,in
1800078698386776422,1800348125988901293,Tue Jun 11 02:03:36 +0000 2024,MKA77217578,@detikcom Bisa split di tapera,0,0,0,0,0,in
1800078698386776422,1800347883625144751,Tue Jun 11 02:02:38 +0000 2024,PikiranRayap,@detikcom Kenapa jokowi nggak mengangkat orang ini langsung jd Kepala Otorita IKN saja,0,0,0,0,0,in
1800078698386776422,1800346583848087818,Tue Jun 11 01:57:29 +0000 2024,Furukaw63137658,@detikcom Mukanya aja bokep banget,0,0,0,0,0,in
1800078698386776422,1800342545320566919,Tue Jun 11 01:41:26 +0000 2024,mithakhalifa,"@detikcom Dia pikir dia Raja...

Ya iya sih",0,0,0,0,0,in
1800078698386776422,1800342028590661887,Tue Jun 11 01:39:23 +0000 2024,ridamarydatary2,@detikcom IKN=Ibukota Korupsi Nepotisme,0,0,0,0,0,in
1800078698386776422,1800341185564967204,Tue Jun 11 01:36:02 +0000 2024,anangshikamaru1,@detikcom Bangkrut2 dah..negara ini terlalu banyak garong,0,0,0,0,0,in
1800078698386776422,1800340846820360502,Tue Jun 11 01:34:41 +0000 2024,Azis_abuHamzah,@detikcom Gas keun ....,0,0,0,0,0,in
1800078698386776422,1800339187952230495,Tue Jun 11 01:28:05 +0000 2024,untuN9ADsY,@detikcom butuh duit tinggal minta,0,0,0,0,0,in
1800078698386776422,1800339016849743924,Tue Jun 11 01:27:24 +0000 2024,QshareinaIfada,@detikcom Minta duit ama jin ping noh,0,0,0,0,0,in
1800078698386776422,1800337717030682772,Tue Jun 11 01:22:15 +0000 2024,bambangdaru1,@detikcom Mulai....mulai....,0,0,0,0,0,in
1800078698386776422,1800336797777768919,Tue Jun 11 01:18:35 +0000 2024,HimawanHibar,@detikcom 🤣 bajigur,0,0,0,0,0,in
1800078698386776422,1800336187359625351,Tue Jun 11 01:16:10 +0000 2024,DermagaGarely,@detikcom hawa nafsu satu org... yg susah rakyat,0,0,0,0,0,in
1800078698386776422,1800335958954705288,Tue Jun 11 01:15:15 +0000 2024,DermagaGarely,"@detikcom otak kader PSI sama saja..😜
narkoba-syahwat-duit-ngemplang

musibah baru penempatannya
duit duit hanya utk memuaskan HAWA NAFSU paduka...😜

minta uang sebesar itu didepan rakyat yg sdg antri sembako...!!!",2,0,1,0,0,in
1800078698386776422,1800335940264890636,Tue Jun 11 01:15:11 +0000 2024,firman_kanima,@detikcom Sampe oktober doang  30 T ?? Gile lu ndroo ??!!,0,0,0,0,0,in
1800078698386776422,1800335610240213287,Tue Jun 11 01:13:52 +0000 2024,ndialamsyah,@detikcom Ea dana lagi....cuan cuan. Peres perea ampe abis. 🤭,0,0,0,0,0,in
1800078698386776422,1800334224651854073,Tue Jun 11 01:08:22 +0000 2024,AngestikaD,@detikcom Duitnya darimana,0,0,0,0,0,in
1800078698386776422,1800332246244860311,Tue Jun 11 01:00:30 +0000 2024,Eko72308133,@detikcom Kenapa ga 11 ribu trilyun aja sekalian  tambahnya,0,0,0,0,0,in
1800078698386776422,1800330824824635458,Tue Jun 11 00:54:51 +0000 2024,syinhll,@detikcom matamu jul,0,0,0,0,0,in
1800078698386776422,1800330104670961812,Tue Jun 11 00:52:00 +0000 2024,Kode_Bagus,@detikcom Enteng ya ba**tnya,0,0,0,0,0,in
1800078698386776422,1800329763070115998,Tue Jun 11 00:50:38 +0000 2024,sweetaugusts,@detikcom Busett,0,0,0,0,0,en
1800078698386776422,1800328753249468626,Tue Jun 11 00:46:37 +0000 2024,SemuaOKE710920,@detikcom Namanya juga Raja,0,0,0,0,0,in
1800078698386776422,1800328392749023469,Tue Jun 11 00:45:11 +0000 2024,CahyadiSapto1,@detikcom Kurang banyak boss...,0,0,0,0,0,in
1800078698386776422,1800327901952569673,Tue Jun 11 00:43:14 +0000 2024,ada_pohan,@vernandozz @detikcom 🤣 https://t.co/bHs6ZZuh83,0,0,0,0,0,qme
1800078698386776422,1800326980656906302,Tue Jun 11 00:39:35 +0000 2024,indra210470,"@detikcom Duit rakyat lagi yg di palak....ampyun deh..pantes aja harga bahan pokok naik terus, segala macam pajak dipungut...semoga penderitaan rakyat menjadi dosa jariyah buat kalian",0,0,0,0,0,in
1800078698386776422,1800326955541385286,Tue Jun 11 00:39:29 +0000 2024,APalloeppy,@detikcom Segeeeer bener tuh duit,0,0,0,0,0,in
1800078698386776422,1800325138808000591,Tue Jun 11 00:32:16 +0000 2024,dillenonly,@detikcom Bisa buat bangun daerah tertinggal atau bahkan ibukota jkt yg kumuh bgt daerah pinggirannya….,0,0,0,0,0,in
1800078698386776422,1800324368167583766,Tue Jun 11 00:29:12 +0000 2024,BerthaAstu32435,@wansrosadi @detikcom Prabowo  bilng IKN gk pkai uang APBN tpi uang pribadi,1,0,0,0,0,in
1800078698386776422,1800324120535777405,Tue Jun 11 00:28:13 +0000 2024,BerthaAstu32435,@detikcom Hutang lgi gk nie,0,0,0,0,0,in
1800078698386776422,1800322563555664289,Tue Jun 11 00:22:02 +0000 2024,xlfrby,@detikcom ngambil kesempatan dalam kesempitan. su,0,0,0,0,0,in
1800078698386776422,1800320200249880720,Tue Jun 11 00:12:38 +0000 2024,NanangK13339713,"@detikcom Prasaan blon sebln deh die diangkat,... kok bs tau yah perlu dana tambahan sebsr itu utk kelola gedung..... mang gedungnya sdh ada yg jadi...?
Semoga apa yg die utarakan itu benar adanya dan amanah utk kebaikan rakyat khususnya rakyat di kalimantan..... 🤲",2,0,0,0,0,in
1800078698386776422,1800319664670863618,Tue Jun 11 00:10:31 +0000 2024,lowerabdomen,@detikcom BU mau beli apaan sih bang?,0,0,0,0,0,in
1800078698386776422,1800318962716258607,Tue Jun 11 00:07:43 +0000 2024,Dani97aza,@detikcom Oooo IKN?? https://t.co/au0Q9TA4jq,23,7,1,0,0,in
1800078698386776422,1800318374385520829,Tue Jun 11 00:05:23 +0000 2024,Mass212223,@detikcom Makin jauh dari rencana awal. Ayok tambah terus hutang mumpung belum Bangkrut,0,0,0,0,0,in
1800078698386776422,1800318099851460627,Tue Jun 11 00:04:17 +0000 2024,akulahayahaboy,@eyelibooaboy @detikcom Duit pajak dan Tapera kan ada 🤭,0,0,0,0,0,in
1800078698386776422,1800317457842000133,Tue Jun 11 00:01:44 +0000 2024,arysandysendy,"@detikcom Yang bayar rakyat sampe anak cucu, yang nikmatin para pejabat, dan yang dapet jatah proyek. Nkri harga xxxxxxx",0,0,0,0,0,in
1800078698386776422,1800317345648533980,Tue Jun 11 00:01:18 +0000 2024,EndroHandri,@detikcom Cm dimanfaatkan karena paham orang ini gak punya kapabilitas.,0,0,0,0,0,in
1800078698386776422,1800316952268935279,Mon Jun 10 23:59:44 +0000 2024,eyelibooaboy,@detikcom Pake duit siapa?,0,0,1,0,0,in
1800078698386776422,1800315433855353112,Mon Jun 10 23:53:42 +0000 2024,brkskbnn,@detikcom Ini yang di sebut sebagai program K3,0,0,0,0,0,in
1800078698386776422,1800315273955921965,Mon Jun 10 23:53:04 +0000 2024,rainerpoillot,"@detikcom Ntar diganti lagi juga minta lagi tambahan
Memang benar mau mewujudkan ibukota korupsi nepotisme?",0,0,0,0,0,in
1800078698386776422,1800314609372660195,Mon Jun 10 23:50:25 +0000 2024,anggaimaginer,"@srwicak @detikcom Nggak ada investor besar yang tertarik, prediksinya meleset 🤣",0,0,0,0,0,in
1800078698386776422,1800313783287767503,Mon Jun 10 23:47:08 +0000 2024,ufimario,"@detikcom Waduh, jadi ingat Tapera",0,0,0,0,0,in
1800078698386776422,1800312924076224828,Mon Jun 10 23:43:43 +0000 2024,Rezqi_CL,@detikcom Hahaha,0,0,0,0,0,tl
1800078698386776422,1800312046678094030,Mon Jun 10 23:40:14 +0000 2024,panjid70,"@detikcom GOOO..,..BLOK",1,0,0,0,0,en
1800078698386776422,1800311488558846404,Mon Jun 10 23:38:01 +0000 2024,simpeg,@detikcom yakin hanya segitu?,0,0,0,0,0,in
1800078698386776422,1800311061574496745,Mon Jun 10 23:36:19 +0000 2024,Alexparisyel,@detikcom Kalau cuma minta anggaran anak kecil pun bisa 😂,0,0,0,0,0,in
1800078698386776422,1800310938824028632,Mon Jun 10 23:35:50 +0000 2024,zathijaudaun,@detikcom Bacoottt...duit rakyat itu tolol!,0,0,0,0,0,in
1800078698386776422,1800310655746261337,Mon Jun 10 23:34:43 +0000 2024,gaya_2019,@detikcom Tambah terus......,0,0,0,0,0,in
1800078698386776422,1800310141352636796,Mon Jun 10 23:32:40 +0000 2024,masihmagangNIH,"@detikcom Partai gak lolos PT, tapi punya kenalan orang dalam. Powerfull betul",0,0,0,0,0,in
1800078698386776422,1800308237126021381,Mon Jun 10 23:25:06 +0000 2024,Alqasam7,@detikcom 𝚂𝚊𝚖𝚙𝚊𝚑,0,0,0,0,0,in
1800078698386776422,1800307861131759643,Mon Jun 10 23:23:36 +0000 2024,iim_umiamanah,"@detikcom Jangan kwatir, msh banyak dana yg bisa diserap",0,0,0,0,0,in
1800078698386776422,1800307772950806582,Mon Jun 10 23:23:15 +0000 2024,choianwar11,@detikcom Baru aja,0,0,0,0,0,in
1800078698386776422,1800307068450271428,Mon Jun 10 23:20:27 +0000 2024,dragoeinside,@detikcom Proyek meneh,0,0,0,0,0,in
1800078698386776422,1800307007637041516,Mon Jun 10 23:20:13 +0000 2024,penemusedotan,@detikcom Gass terus..,0,0,0,0,0,in
1800078698386776422,1800306917417595200,Mon Jun 10 23:19:51 +0000 2024,mo26545,@detikcom Mulai dehhhhh,0,0,0,0,0,in
1800078698386776422,1800305768945917975,Mon Jun 10 23:15:18 +0000 2024,JawaraOnline,"@detikcom coba buat bangun sekolah,Jalan² nasional dan pedesaan,biaya pendidikan dasar dan menengah ditengah kesulitan warga",0,0,0,0,0,in
1800078698386776422,1800305707721601065,Mon Jun 10 23:15:03 +0000 2024,wiraghazid,@detikcom Cair barang itu,0,0,0,0,0,in
1800078698386776422,1800305516851372099,Mon Jun 10 23:14:17 +0000 2024,yoodaisymee_,@detikcom halah,0,0,0,0,0,in
1800078698386776422,1800305404955767028,Mon Jun 10 23:13:51 +0000 2024,ronaldaditya4,@detikcom Baru diangkat udah minta duit. Cari sana investor,0,0,0,0,0,in
1800078698386776422,1800304371802284508,Mon Jun 10 23:09:44 +0000 2024,khalidz_akbar,@detikcom Genepin 100 triliun,0,0,0,0,0,in
1800078698386776422,1800304359185760540,Mon Jun 10 23:09:41 +0000 2024,Rockgar12,@detikcom Jabatan tinggal hitungan bulan minta yg gak2,0,0,0,0,0,in
1800078698386776422,1800303560154034380,Mon Jun 10 23:06:31 +0000 2024,Fahdian01,@detikcom Hahaaaa... Katanya Mampuh. Padahal minta Nambah Uang Saku lagi sih... 😁🙏,1,0,0,0,0,in
1800078698386776422,1800302483283292416,Mon Jun 10 23:02:14 +0000 2024,AkiSuminta,"@detikcom Lah UUD,ini yg jd alasan ketua otorita ma wakilnya cabut krn kurangnya dana,ampe g digaji,krn pemerintah minta ketua IKN agar nyari dana di luar pemerintah,ga sanggup makanya mundur,lah ini si @RajaJuliAntoni malah minya duit lg ke IKN iki guoblok namanya,guoooobloook🤣🤣🤣",0,0,0,0,0,in
1800078698386776422,1800302076167401926,Mon Jun 10 23:00:37 +0000 2024,AshhabulYamin4,"@detikcom Tenang aja, kecil segitu mach.....saldo masih banyak dikantong....!!! https://t.co/dwk9fdxDoX",2,0,0,0,0,in
1800078698386776422,1800301981954965878,Mon Jun 10 23:00:15 +0000 2024,one_ted,@detikcom Jd inget biaya kampanye @psi_id  kmrn cuma ratusan ribu 🤣,0,0,0,0,0,in
1800078698386776422,1800301706229756341,Mon Jun 10 22:59:09 +0000 2024,Dede_Darmansyah,@detikcom Wong edan kabeh,0,0,0,0,0,tl
1800078698386776422,1800300599424262655,Mon Jun 10 22:54:45 +0000 2024,kunfayakun_jadi,"@detikcom Ya kalo sekedar minta nambah anggaran mah, gw jg bs..",0,0,0,0,0,in
1800078698386776422,1800300460538306767,Mon Jun 10 22:54:12 +0000 2024,KimiaHendra,@detikcom Dah mau mangkrak buru2 cari tambahan.......eh,0,0,0,0,0,in
1800078698386776422,1800300318414291298,Mon Jun 10 22:53:38 +0000 2024,prokontraID,@detikcom Mulai makan uang rakyat,0,0,0,0,0,in
1800078698386776422,1800299687674860010,Mon Jun 10 22:51:08 +0000 2024,agenk_bonchel,"@detikcom Bajindal....
Lgsg golek...🤮🤭🤭🤭",0,0,0,0,0,in
1800078698386776422,1800299247319020007,Mon Jun 10 22:49:23 +0000 2024,Moniqque___,@detikcom Cairrrr,0,0,0,0,0,fr
1800078698386776422,1800298598166585520,Mon Jun 10 22:46:48 +0000 2024,arJannatan,@detikcom Haissssshhhhhhhh,0,0,0,0,0,en
1800078698386776422,1800298245027135801,Mon Jun 10 22:45:24 +0000 2024,WongDes90513142,"@detikcom Buahahahaaaaa 🤣😂
Kerja aje belom, boro2 datengin investor. Ini malah minta duittt 🤣😂",0,0,0,0,0,in
1800078698386776422,1800296073774379360,Mon Jun 10 22:36:46 +0000 2024,indehoojs,@detikcom Make duit sorangan we,0,0,0,0,0,in
1800078698386776422,1800295353490780476,Mon Jun 10 22:33:54 +0000 2024,HeyAldi,@detikcom Enak bener ngomong triliun-triliunan. Coba pikir itu duit datangnya dari profit BUMN apa dari pajak ke rakyat?,0,0,0,0,0,in
1800078698386776422,1800292869066170697,Mon Jun 10 22:24:02 +0000 2024,hustaf4ever,@detikcom Ok gas ok gas ada uang kita gas...,0,0,0,0,0,in
1800078698386776422,1800292287869747565,Mon Jun 10 22:21:43 +0000 2024,Abuyaya5,@detikcom Bagooos,0,0,0,0,0,pt
1800078698386776422,1800292244651647210,Mon Jun 10 22:21:33 +0000 2024,kipyiksamgong,@detikcom Sepertinya setiap dua periode akan ada prasasti bernilai trilyunan yg mangkrak. Hambalang terkenal setelah mangkrak. Dan sampai sekarang tidak semua diproses hukum. Klopun d penjara juga nyaman nyaman saja dipenjara koruptor yg berfasilitas,0,0,0,0,0,in
1800078698386776422,1800290767552102590,Mon Jun 10 22:15:41 +0000 2024,ManduMiu27,@detikcom Kami bangga atas bacot kalian.. 😬😬 https://t.co/gv3ffTeApX,6,0,0,0,0,in
1800078698386776422,1800289687128752503,Mon Jun 10 22:11:23 +0000 2024,wicaksena,@detikcom Anak muda yang punya solidaritas 😎,0,0,0,0,0,in
1800078698386776422,1800289061619519972,Mon Jun 10 22:08:54 +0000 2024,genio922963,"@detikcom Target makin ketat ya musti cepet cair...,",0,0,0,0,0,in
1800078698386776422,1800288830630855127,Mon Jun 10 22:07:59 +0000 2024,genio922963,@detikcom Belum dipake ......,0,0,0,0,0,in
1800078698386776422,1800287791974326470,Mon Jun 10 22:03:51 +0000 2024,jack_sparok,@detikcom Ini buat RAPBN 2025 gaes,0,0,0,0,0,in
1800078698386776422,1800283372146901341,Mon Jun 10 21:46:18 +0000 2024,rifa7ar,"@detikcom Dari 29,8 king Juli dapet berapa persen kah?",0,0,0,0,0,in
1800078698386776422,1800281797592572298,Mon Jun 10 21:40:02 +0000 2024,HeryCahyadi16,"@detikcom Gedung belum jadi, sudah ada biaya maintenance (belajar dulu dg pemilik gedung pencakar langit &amp; apartemen)",0,0,0,0,0,in
1800078698386776422,1800280602845032566,Mon Jun 10 21:35:17 +0000 2024,andri8583,@detikcom org2 psi aja suruh patungan,0,0,0,0,0,in
1800078698386776422,1800280462231007232,Mon Jun 10 21:34:44 +0000 2024,oncom_mentah,@detikcom https://t.co/ZgS2YX1q2U,0,0,0,0,0,qme
1800078698386776422,1800278593962226107,Mon Jun 10 21:27:19 +0000 2024,erniyatin16392,@detikcom Mukanya mirip Bahlil ya,0,0,0,0,0,in
1800078698386776422,1800274865590870371,Mon Jun 10 21:12:30 +0000 2024,mlypqs,@detikcom wkwk orgil,0,0,0,0,0,in
1800078698386776422,1800265134721704180,Mon Jun 10 20:33:50 +0000 2024,yuniepertiwi,@detikcom 🤮🤮🤮🤮🤮🤮🤮🤮🤮,0,0,0,0,0,qme
1800078698386776422,1800262871810822159,Mon Jun 10 20:24:50 +0000 2024,1968Hanung,@detikcom Ketika para maling diserahi tugas...minta tambah minta tambah dulu tereak2 korupsi2 begitu para maling punya kesempatan...ya itulah bandit2 sesungguhnya negeri ini.,0,0,0,0,0,in
1800078698386776422,1800261120349102428,Mon Jun 10 20:17:52 +0000 2024,Nanangraonse,@detikcom Pajakin aja rakya terus...,0,0,0,0,0,in
1800078698386776422,1800258966661796125,Mon Jun 10 20:09:19 +0000 2024,firdaus_00,@detikcom Memang Partai yang berlandaskan ....,0,0,0,0,0,in
1800078698386776422,1800254364638126152,Mon Jun 10 19:51:02 +0000 2024,AtiKusumawati4,@detikcom Duit nyaa sapaaaa? Ketua lu suruh nyumbang gih,0,0,0,0,0,in
1800078698386776422,1800246441912545683,Mon Jun 10 19:19:33 +0000 2024,Partikellirs,@detikcom baahh bapak ini bukanya kader muhammadiyah ya ?? 😁😁😁,0,0,0,0,0,in
1800078698386776422,1800242107766219208,Mon Jun 10 19:02:20 +0000 2024,trothelfox,@detikcom Loh katanya ada investor,0,0,0,0,0,in
1800078698386776422,1800241672087027782,Mon Jun 10 19:00:36 +0000 2024,LilyLil56624484,@detikcom Jadi tanda tny??? Kenapa yg kmrn mundur??,0,0,0,0,0,in
1800078698386776422,1800240368027607397,Mon Jun 10 18:55:25 +0000 2024,chef_bamz,@detikcom Hahahhahaha …. PSI broooo … berani ngak ??,0,0,0,0,0,tl
1800078698386776422,1800240089257447570,Mon Jun 10 18:54:18 +0000 2024,bagjoz,@detikcom Mumpung menjabat,0,0,0,0,0,in
1800078698386776422,1800237150283182174,Mon Jun 10 18:42:38 +0000 2024,aamin254935,"@detikcom Ngapain jokowi milih manusia ini klw cuman minta nambah anggaran , 
Cuk jancuk ,...",0,0,0,0,0,in
1800078698386776422,1800234514243100719,Mon Jun 10 18:32:09 +0000 2024,ardianxdreams,"@detikcom Roman-romannya bakal kayaHambalang ini IKN.,",0,0,0,0,0,in
1800078698386776422,1800230211793129801,Mon Jun 10 18:15:03 +0000 2024,AfajumadiJoe,@detikcom 😁😁😁😁,0,0,0,0,0,qme
1800078698386776422,1800226643484799209,Mon Jun 10 18:00:53 +0000 2024,DedyNad_id,@detikcom 🙄🤔🤭,0,0,0,0,0,qme
1800078698386776422,1800222590340108523,Mon Jun 10 17:44:46 +0000 2024,GlitchinRandom,"@detikcom Gue tau die ni
Die kan antek psi yang bahkan gak lulus ujian kemaren,udah dapet jatah jabatan aje
Negara macem playgroup
Semua serba titipan",0,0,0,0,0,in
1800078698386776422,1800222292884312205,Mon Jun 10 17:43:35 +0000 2024,26Widi,"@detikcom Pajak gw mah diperes mulu, elu enak main politik bisa nikmatin duit rakyat, tai lo",0,0,0,0,0,in
1800078698386776422,1800220934378529017,Mon Jun 10 17:38:11 +0000 2024,istomcool,"@detikcom Katanya banyak investor yang masuk dan siap bantu bangun IKN. 
Semua anggaran dipangkas pajak mencekik rakyat. Teruskan sesuai khayalan Mukidi 
Kayaknya akan jadi Hambalang 2 yg lebih ngeri",0,0,0,0,0,in
1800078698386776422,1800219837756846502,Mon Jun 10 17:33:50 +0000 2024,rudymarjono70,@detikcom Cangkemu ojok asal  mengo Jul !,0,0,0,0,0,in
1800078698386776422,1800218884458590404,Mon Jun 10 17:30:03 +0000 2024,emnaro1,"@detikcom Sekarang aja sijokowi sibuk cari investor buat ikn malah kau minta tambah lagi, apa blm cukup korupsinya baru aja diangkat udah macam² kau eh tolol apbn bukan untuk ikn aja. ngerti kau ga ?",0,0,0,0,0,in
1800078698386776422,1800217568336330984,Mon Jun 10 17:24:49 +0000 2024,dannieliciouss,@detikcom Mukanya ahahah,0,0,0,0,0,tl
1800078698386776422,1800216692670542232,Mon Jun 10 17:21:20 +0000 2024,Gumilang1111,@detikcom Assseeeek.. masuk kantong..,0,0,0,0,0,in
1800078698386776422,1800216115366502830,Mon Jun 10 17:19:02 +0000 2024,twitt_xyz,@detikcom https://t.co/KgS6Ww2FXC,0,0,0,0,0,qme
1800078698386776422,1800215034859311472,Mon Jun 10 17:14:45 +0000 2024,OnoZiliwu,@detikcom Nanggung amat... Kenapa komanya ngga dihilangin aja jadi Rp298 T.,0,0,0,0,0,in
1800078698386776422,1800214643811754369,Mon Jun 10 17:13:12 +0000 2024,kang_moch80,"@detikcom ""peluang emas""",0,0,0,0,0,in
1800078698386776422,1800213492240417157,Mon Jun 10 17:08:37 +0000 2024,anggigiantinap,@detikcom Anggaran terussss,0,0,0,0,0,in
1800078698386776422,1800212661105459480,Mon Jun 10 17:05:19 +0000 2024,saptotobinak,@detikcom Tanggung lah genapi 30T,0,0,0,0,0,in
1800078698386776422,1800212161165398096,Mon Jun 10 17:03:20 +0000 2024,Rikky49370944,@detikcom Dr partai ini sekali tampil emang banyak nyusahin ketimbang memberi manfaat,0,0,0,0,0,in
1800078698386776422,1800211767559323666,Mon Jun 10 17:01:46 +0000 2024,ebnusa,"@detikcom Semangat Juli, tinggal 1 bulan lagi",0,0,0,0,0,in
1800078698386776422,1800211258161205710,Mon Jun 10 16:59:44 +0000 2024,aris_prmn,"@detikcom Anda diangkat itu untuk cari investor, bukan untuk minta ke pemerintah.",0,0,0,0,0,in
1800078698386776422,1800210346554388845,Mon Jun 10 16:56:07 +0000 2024,eddusays,@detikcom Usul kmn? Oktober dpr ud mo gnti yg baru! Ap yg skrg buat pesangon suruh teken setuju semua,0,0,0,0,0,in
1800078698386776422,1800209281905840630,Mon Jun 10 16:51:53 +0000 2024,gilinganbesi,"@detikcom Modelan begini jadi ""panitia"" ibu kota negara baru. Astaghfirullah",0,0,0,0,0,in
1800078698386776422,1800208389697597524,Mon Jun 10 16:48:21 +0000 2024,RK_Lamongan,@detikcom Duite mbahmu le....,0,0,0,0,0,in
1800078698386776422,1800206045316603994,Mon Jun 10 16:39:02 +0000 2024,julsdaelani,"@detikcom Badjin9an gak bisa liat duit dikit...
Proletar hidup merana demi politbiro agar hidupnya sejahtera..",0,0,0,0,0,in
1800078698386776422,1800205936583410161,Mon Jun 10 16:38:36 +0000 2024,IsmailHamka,@detikcom T.A.I,0,0,0,0,0,und
1800078698386776422,1800205331819364359,Mon Jun 10 16:36:11 +0000 2024,benikhayla,@detikcom Muka Nye liet..muke penjilat cuiihh,0,0,0,0,0,in
1800078698386776422,1800204261424550137,Mon Jun 10 16:31:56 +0000 2024,media_sain,@detikcom Baru juga seminggu,0,0,0,0,0,in
1800078698386776422,1800203888114733460,Mon Jun 10 16:30:27 +0000 2024,hutapeacpg,@detikcom Disangka si Raja Juli ini uang APbN itu uang Nenek moyangnya @jokowi ?!?mikirlah raja..itu uang rakyat dan indonesia masih banyak yg miskin,0,0,0,0,0,in
1800078698386776422,1800203739720192413,Mon Jun 10 16:29:52 +0000 2024,adangkomarudin3,"@detikcom Raja tapi wakil begimana cerita selanjutnya ? 😁

Kami sebagai aparatur negara anggota 3 Pilar selalu mempertahankan mengamankan menentramkan dan menertibkan semua.

Mengajak pada warga negara untuk membangun jiwa raga terlebih dahulu agar di dalam jiwa kuat ada raga yg sehat. 🤲",0,0,0,0,0,in
1800078698386776422,1800202365519405065,Mon Jun 10 16:24:24 +0000 2024,LeeRona16,@detikcom Mata duitan,0,0,0,0,0,in
1800078698386776422,1800202195289419842,Mon Jun 10 16:23:44 +0000 2024,wlaha_sarimbit,@detikcom yg ahli ajaa mundur... ni rajasinga malah sotoy🤪,0,0,0,0,0,in
1800078698386776422,1800202038489583914,Mon Jun 10 16:23:06 +0000 2024,jondtor,@detikcom Taex..taex..bajingan juga nih,0,0,0,0,0,tl
1800078698386776422,1800201986694140347,Mon Jun 10 16:22:54 +0000 2024,spanduksponsor,@detikcom Sejak kapan dia jadi PLT anjinggg?,0,0,0,0,0,in
1800078698386776422,1800200531585138709,Mon Jun 10 16:17:07 +0000 2024,Boslebong,@detikcom Suruh sdm 58% ini kumpul2,0,0,0,0,0,in
1800078698386776422,1800199557818839097,Mon Jun 10 16:13:15 +0000 2024,Abdoeljegger202,@detikcom Urusan duit cepetnya ruaaar binasa 😏,0,0,0,0,0,in
1800078698386776422,1800197696286040263,Mon Jun 10 16:05:51 +0000 2024,y4n_yodas,@detikcom kota blom jadi dah minta anggaran ?,0,0,0,0,0,in
1800078698386776422,1800196526012240007,Mon Jun 10 16:01:12 +0000 2024,sastri200531,@detikcom Emang duit mbah kali,0,0,0,0,0,in
1800078698386776422,1800195581257891924,Mon Jun 10 15:57:27 +0000 2024,ArsipMedia,"@detikcom Bocil itu, sudah mulai bekerja dengan benar🙄",0,0,0,0,0,in
1800078698386776422,1800194556593611122,Mon Jun 10 15:53:22 +0000 2024,aditwortel,@detikcom Ouuh,0,0,0,0,0,fr
1800078698386776422,1800194383687696801,Mon Jun 10 15:52:41 +0000 2024,daffdav,@detikcom Duitnya mbahmu ....,0,0,0,0,0,in
1800078698386776422,1800194296517394486,Mon Jun 10 15:52:20 +0000 2024,erimeureun,"@detikcom Begitu dilantik, lgsg minta duit.. 😂",0,0,0,0,0,in
1800078698386776422,1800193583410245788,Mon Jun 10 15:49:30 +0000 2024,gsppermai,@detikcom Enteng banget hamburkan uang rakyat? Ga takut akherat ?,0,0,0,0,0,in
1800078698386776422,1800193120212308200,Mon Jun 10 15:47:40 +0000 2024,NurHayati179253,@detikcom Bangsat ni orang,0,0,0,0,0,in
1800078698386776422,1800192908106354794,Mon Jun 10 15:46:49 +0000 2024,PoliticIsBS,@detikcom Klo 10% nya kira kira berapaaaa? 🤣👍,0,0,0,0,0,in
1800078698386776422,1800192655114297508,Mon Jun 10 15:45:49 +0000 2024,COLOKMRIPATMU,"@detikcom 29,8 T kalo dijadiin beasiswa, hasilnya berapa orang lulusan sarjana tuh?",0,0,0,0,0,in
1800078698386776422,1800192196148334716,Mon Jun 10 15:44:00 +0000 2024,cintasejatiyou,@detikcom Habisss APBN hanya buat IKN dul Dul mikir,0,0,0,0,0,in
1800078698386776422,1800191976983384572,Mon Jun 10 15:43:07 +0000 2024,torosingo,"@detikcom Sementara BUMN KARYA waskita kolaps, tak lagi mampu bayar karyawan dan vendor!!!!!",0,0,0,0,0,in
1800078698386776422,1800190790884552894,Mon Jun 10 15:38:25 +0000 2024,laksitamochtar,@detikcom Pinjem ke Adakami aja gih,0,0,0,0,0,in
1800078698386776422,1800190706780360990,Mon Jun 10 15:38:05 +0000 2024,QMalayeka,@detikcom Seremmmmm,0,0,0,0,0,en
1800078698386776422,1800190350491078961,Mon Jun 10 15:36:40 +0000 2024,crazy_richs,@detikcom Lirikan nya maut,0,0,0,0,0,in
1800078698386776422,1800189491510129078,Mon Jun 10 15:33:15 +0000 2024,staysaferek,@detikcom Cepet banget ngitungnya... baru sehari langsung ketemu  anggaran segitu gedenya...apa ga di cek dulu? Ketua Otorita sebelumnya ga minta kah?,0,0,0,0,0,in
1800078698386776422,1800189093885964387,Mon Jun 10 15:31:40 +0000 2024,zendayazen45,@detikcom Now I know why those two guys resigned,0,0,0,0,0,en
1800078698386776422,1800188895663190110,Mon Jun 10 15:30:53 +0000 2024,ivan_hrmwn87,@detikcom Duite sopo???,0,0,0,0,0,it
1800078698386776422,1800187969632080358,Mon Jun 10 15:27:12 +0000 2024,FaiqHusaen81683,"@Anak__Ogi @detikcom 𝘋𝘪𝘢 𝘣𝘦𝘳𝘢𝘯𝘪 𝘬𝘢𝘳𝘦𝘯𝘢 𝘢𝘥𝘢 𝘺𝘨 
𝘕𝘺𝘶𝘳𝘶𝘩, 𝘣𝘦𝘨𝘪𝘵𝘶 𝘬𝘶𝘳𝘢 𝘬𝘶𝘳𝘢",0,0,0,0,0,in
1800078698386776422,1800187112857424021,Mon Jun 10 15:23:48 +0000 2024,ontatakbersayap,@detikcom Kok raja minta anggaran?,0,0,0,0,0,in
1800078698386776422,1800185749066924209,Mon Jun 10 15:18:23 +0000 2024,KopiSus14474018,@detikcom Woiiiiii rakyatmu ni pontang panting cari maka su..,0,0,0,0,0,in
1800078698386776422,1800184593695608955,Mon Jun 10 15:13:47 +0000 2024,Anak__Ogi,"@detikcom Baru aja menjabat langsung duit, pantas jadi penjilat.",11,0,1,0,0,in
1800078698386776422,1800184264006521099,Mon Jun 10 15:12:29 +0000 2024,aybegx,"@detikcom Tambah terus, anggaran membengkak, Subsidi solusi nya.",0,0,0,0,0,in
1800078698386776422,1800184150680608823,Mon Jun 10 15:12:01 +0000 2024,kang_kuota,"@detikcom Sok atuh kumpulkan dari partai Anda.
Atau kumpulkan saja dari Orang yang mau tinggal disana.
Kan katanya yang tinggal disana juga dibatasi.",0,0,0,0,0,in
1800078698386776422,1800183350357033430,Mon Jun 10 15:08:51 +0000 2024,phingan200,"@detikcom Mau cepat beres memang kudu punya duit banyak.  Masalahnya kas ada ga duitnya? Kalo ga ada duit, investor tambah molor.",0,0,0,0,0,in
1800078698386776422,1800182803705041110,Mon Jun 10 15:06:40 +0000 2024,Kang__moel,@detikcom 𝘗𝘢𝘳𝘵𝘢𝘪 𝘴𝘦𝘭𝘢𝘯𝘨𝘬𝘢𝘯𝘨𝘢𝘯 𝘵𝘢𝘯𝘨𝘢𝘯 𝘱𝘢𝘯𝘫𝘢𝘯𝘨𝘯𝘺𝘢 𝘰𝘭𝘪𝘨𝘢𝘳𝘬𝘪 (𝘬𝘢𝘶𝘮 𝘣𝘢𝘯𝘥𝘢𝘳 𝘴𝘪𝘱𝘪𝘵) 𝘨𝘶𝘯𝘢𝘬𝘢𝘯 𝘫𝘶𝘳𝘶𝘴 𝘳𝘢𝘮𝘱𝘰𝘬,0,0,0,0,0,in
1800078698386776422,1800182481741848859,Mon Jun 10 15:05:24 +0000 2024,rudolphoramire1,@detikcom Anak muda macam apa ini,0,0,0,0,0,in
1800078698386776422,1800181085181256107,Mon Jun 10 14:59:51 +0000 2024,bambang314,"@detikcom Gedung dan jalan nya saja belum jadi &amp; serah terima semua, apa yg mau dikelola?",0,0,0,0,0,in
1800078698386776422,1800181077946069455,Mon Jun 10 14:59:49 +0000 2024,taman_bermain25,"@detikcom Tambah tambah teruss, utang makin banyak",8,0,0,0,0,in
1800078698386776422,1800180504907628562,Mon Jun 10 14:57:32 +0000 2024,ikhsanamakoe,@detikcom Demi ikn rakyat di paksa kerja rodi,0,0,0,0,0,in
1800078698386776422,1800180496271597593,Mon Jun 10 14:57:30 +0000 2024,ngopikaliah,@detikcom investor pada kemana sampe minta anggaran negara?,0,0,0,0,0,in
1800078698386776422,1800180462868214041,Mon Jun 10 14:57:22 +0000 2024,SyahrulDA2,"@detikcom Untung aja @psi_id nggak lolos ke Senayan. Lihat anggaran kecil dg wilayah kecil aja digasak. Coba kalau lihat anggaran besar puluhan triliun, pasti digarong! https://t.co/xcSdMMvkeP",0,0,0,0,0,in
1800078698386776422,1800179463654887457,Mon Jun 10 14:53:24 +0000 2024,Mas_Berto77,@detikcom Brti proyek raksasa ini kan mmg blm siap...msh minta ini itu,0,0,0,0,0,in
1800078698386776422,1800178799998550278,Mon Jun 10 14:50:46 +0000 2024,SyahrulDA2,@detikcom Kocluk ‼️,0,0,0,0,0,nl
1800078698386776422,1800178329271869672,Mon Jun 10 14:48:54 +0000 2024,thropusc,@detikcom 😃,0,0,0,0,0,qme
1800078698386776422,1800178239060726179,Mon Jun 10 14:48:32 +0000 2024,OkkyPriyo,@detikcom Wangi banget,0,0,0,0,0,in
1800078698386776422,1800178213207085306,Mon Jun 10 14:48:26 +0000 2024,saptodewo123,"@detikcom Kalau blm mampu@jangan dipaksakan, sesuaikan dengan kantong sendiri.",0,0,0,0,0,in
1800078698386776422,1800178106168418410,Mon Jun 10 14:48:00 +0000 2024,militanNKRI,@detikcom Kayak duit lu sendiri aja cuk...,0,0,0,0,0,in
1800078698386776422,1800177851590979770,Mon Jun 10 14:47:00 +0000 2024,KurniaDewi84,@detikcom Tambah teruuus,0,0,0,0,0,in
1800078698386776422,1800177348790354337,Mon Jun 10 14:45:00 +0000 2024,TaklimH18275,@detikcom Bocah gendeng titipane @psi_id bro sis wakil mah cicing aja toh melangkahi kepala otorita hadaah toli kuen duite sapa cook,0,0,0,0,0,in
1800078698386776422,1800177276535140723,Mon Jun 10 14:44:43 +0000 2024,dede_iding,@detikcom Peras terus ini negara..  dan rakyat..,0,0,0,0,0,in
1800078698386776422,1800176689579950460,Mon Jun 10 14:42:23 +0000 2024,sojpiya,@detikcom Minta duit aja terooooss...hbs ini rakyat yg disuruh patungan buat nombokin...negara bukannya bikin rakyatnya sejahtera malah malakin &amp; meres rakyatnya mulu...dzalim kalian para pejabat yg duduk di pemerintahan,0,0,0,0,0,in
1800078698386776422,1800176276613021783,Mon Jun 10 14:40:44 +0000 2024,srwicak,"@detikcom ada apa dengan planing pembiayaan pas dulu mau bikin ikn, kok naik terus, ada inflasi yah atau rupiah meroket? karena kenapa tuh, karena mau 16,5ribu, oh itu ngaruh yah",0,0,1,0,0,in
1800078698386776422,1800175887247360004,Mon Jun 10 14:39:11 +0000 2024,mhammam_,@detikcom Edan edan 😄😄😄,0,0,0,0,0,ht
1800078698386776422,1800174116303253510,Mon Jun 10 14:32:09 +0000 2024,anns931,@detikcom Elu mah duit mulu,0,0,0,0,0,in
1800078698386776422,1800173775914450977,Mon Jun 10 14:30:48 +0000 2024,sandyprak,@detikcom 50 sekalian bos,0,0,0,0,0,in
1800078698386776422,1800172147740217519,Mon Jun 10 14:24:20 +0000 2024,renaldy_permana,@detikcom bocah tooool kuontol. baru jd plt lho.,0,0,0,0,0,in
1800078698386776422,1800171639130501569,Mon Jun 10 14:22:18 +0000 2024,2024_anies62406,@detikcom Apa kapasitas ini org sampai dikasih tugas ngelola anggaran sebesar itu???,0,0,0,0,0,in
1800078698386776422,1800169533505990902,Mon Jun 10 14:13:56 +0000 2024,JohnnyTheBoyyyy,@detikcom Ngeri bermain T....,0,0,0,0,0,in
1800078698386776422,1800169099840180519,Mon Jun 10 14:12:13 +0000 2024,JackGoekk,"@detikcom kalo pejabat dipilih berdasarkan pesanan/balas budi ya gini, gak kompeten",0,0,0,0,0,in
1800078698386776422,1800168880796729760,Mon Jun 10 14:11:21 +0000 2024,JackGoekk,@detikcom 🤑🤑🤑,0,0,0,0,0,qme
1800078698386776422,1800168650307174724,Mon Jun 10 14:10:26 +0000 2024,AkbarGin,@detikcom Bisa bisanya dipilih 😂,0,0,0,0,0,in
1800078698386776422,1800167782493106213,Mon Jun 10 14:06:59 +0000 2024,TonggoPakpahan,@detikcom Tambo ciek..!,0,0,0,0,0,pl
1800078698386776422,1800166905002741913,Mon Jun 10 14:03:30 +0000 2024,FajarRamdani31_,@detikcom Mata lu soek terus aja kuras!,0,0,0,0,0,in
1800078698386776422,1800164524743631340,Mon Jun 10 13:54:02 +0000 2024,BennyKustono6,@detikcom Kerja belum udah minta duwit .. kucluk,1,0,0,0,0,in
1800078698386776422,1800164445530018147,Mon Jun 10 13:53:43 +0000 2024,RelawanSleman,@detikcom Kebut anggaran 😅,0,0,0,0,0,in
1800078698386776422,1800164041421369657,Mon Jun 10 13:52:07 +0000 2024,radityaarsatya,@detikcom politisi disuruh ngurusin pembangunan kota baru. negara gila,0,0,0,0,0,in
1800078698386776422,1800164036623118575,Mon Jun 10 13:52:06 +0000 2024,umamiteapot,@detikcom Usul apa disuruh Pak Lurah cek ombak?,0,0,0,0,0,in
1800078698386776422,1800163319262982240,Mon Jun 10 13:49:15 +0000 2024,raenovaldy_,@detikcom Nambah lagi dananya? Masih kurang kemarin?,0,0,0,0,0,in
1800078698386776422,1800162914185384305,Mon Jun 10 13:47:38 +0000 2024,DeraOyy,@detikcom lumayanlah buat beli .... 🌚,0,0,0,0,0,in
1800078698386776422,1800162444356341905,Mon Jun 10 13:45:46 +0000 2024,PetaniSelatan,@detikcom Akhirnya APBN jadi andalan untuk IKN,0,0,0,0,0,in
1800078698386776422,1800161604824424797,Mon Jun 10 13:42:26 +0000 2024,mustcho_55555,@detikcom awokwokwoookkkkk....,1,0,0,0,0,in
1800078698386776422,1800160191385858175,Mon Jun 10 13:36:49 +0000 2024,Susiloh,@detikcom Orang ini kompetensinya apa?,0,0,0,0,0,in
1800078698386776422,1800159878641778963,Mon Jun 10 13:35:35 +0000 2024,Susiloh,@detikcom Sumbernya dari mana? Semula kan IKN tidak pakai sumber APBN. Anggaran makan siang gratis kepotong lagi dong!,0,0,0,0,0,in
1800078698386776422,1800159601847120033,Mon Jun 10 13:34:29 +0000 2024,dnrvdi,"@detikcom Utang negara aja udh jatoh tempo brp ratus T, ini minta duit segitu kyk minta duit brp aja",0,0,0,0,0,in
1800078698386776422,1800159537451983294,Mon Jun 10 13:34:13 +0000 2024,adit__y,"@detikcom Yang ahlinya aja mundur Jul, lu jgn bikin malu Jul. Belom apa2 udah minta duit. Lu diangkat supaya bikin anggaran gak bengkak. Kalo bengkak mah sama aja. Kalo gak kompatibel mending mundur Jul. Jgn bikin malu",2,0,0,0,0,in
1800078698386776422,1800159428857200825,Mon Jun 10 13:33:47 +0000 2024,jemmy81485936,@detikcom Usul aja...mumpung presidennya baik🤣🤣🤣🤣🤣,0,0,0,0,0,in
1800078698386776422,1800158318335598733,Mon Jun 10 13:29:23 +0000 2024,WoDemang,@detikcom Asyyyyiiiiiiiik ada komisi/fee masuk kantong....,0,0,0,0,0,in
1800078698386776422,1800157045657837997,Mon Jun 10 13:24:19 +0000 2024,arnold5508,@detikcom Ini contoh pengelola IKN yang lack of salesmanship ... bisanya hanya spending budget ...,0,0,0,0,0,in
1800078698386776422,1800156933988700397,Mon Jun 10 13:23:53 +0000 2024,arx21,@detikcom Minta tambahan ke APBN? 🤣🤣🤣,0,0,0,0,0,in
1800078698386776422,1800156794050003291,Mon Jun 10 13:23:19 +0000 2024,udowathon,"@detikcom Nanggung, sekalian bekuin aja anggaran lain, semua buat IKN aja. PSI JOKOisME",0,0,0,0,0,in
1800078698386776422,1800156412880027670,Mon Jun 10 13:21:48 +0000 2024,cicakganteng,"@detikcom 29t klo dibandingin kasus mega korupsi 300 T emang keliatan kecil, tapi faktanya itu besar juga.",0,0,0,0,0,in
1800078698386776422,1800156299692589194,Mon Jun 10 13:21:21 +0000 2024,PermataWangi,@detikcom Kuras terus duit Negara,0,0,0,0,0,in
1800078698386776422,1800156182679806406,Mon Jun 10 13:20:53 +0000 2024,janetez69,@detikcom Pake rumah gedek aja.. Murcee,0,0,0,0,0,in
1800078698386776422,1800155826654695800,Mon Jun 10 13:19:29 +0000 2024,andilancok,@detikcom Hahaa,0,0,0,0,0,tl
1800078698386776422,1800155815619567641,Mon Jun 10 13:19:26 +0000 2024,knot33367,@detikcom suruh dia makan tai kebo dlu 1 ember full baru kasih,0,0,0,0,0,in
1800078698386776422,1800155803346997274,Mon Jun 10 13:19:23 +0000 2024,ZaemKribo,"@detikcom @jokowi Kalo pilih orang, tidak mikir dulu
Orang belum pengalaman di pilih, otaknya saja kosong, ini lah Pemikiran Jokowi ugal ugalan ,memilih karena politik balas budi,akhirnya hancur.",0,0,0,0,0,in
1800078698386776422,1800155776998347169,Mon Jun 10 13:19:17 +0000 2024,Erik_Alfredo5,@detikcom Pakai duit bapak mu aja jul,0,0,0,0,0,in
1800078698386776422,1800155589634650182,Mon Jun 10 13:18:32 +0000 2024,taufan_makki,@detikcom Kalo dah soal duit gercep banget,0,0,0,0,0,in
1800078698386776422,1800155507820552416,Mon Jun 10 13:18:12 +0000 2024,rejal_ajib,@detikcom Hanya orang2 goblok yg mau dipimpin orang goblok,5,0,0,0,0,in
1800078698386776422,1800155421002649809,Mon Jun 10 13:17:52 +0000 2024,arga_perwira31,@detikcom ahlinya ini pasti. hehe,0,0,0,0,0,in
1800078698386776422,1800155121328017423,Mon Jun 10 13:16:40 +0000 2024,RudiartoT78475,@andikusuma5758 @detikcom Dana talangan bunganya gede..🤣🤣,0,0,0,0,0,in
1800078698386776422,1800154823452725342,Mon Jun 10 13:15:29 +0000 2024,unap_yo,@detikcom Bakar duit sampai defisit anggaran let's gooo,0,0,0,0,0,in
1800078698386776422,1800154638567776625,Mon Jun 10 13:14:45 +0000 2024,RudiartoT78475,"@detikcom Duite mbahe opo yo....semua semua minta tambah...kominfo minta 14 T, skrg OIKN minta 29 T...mantap kali..apbn aja sdh defisit,..tobat le....",0,0,0,0,0,in
1800078698386776422,1800153853041762366,Mon Jun 10 13:11:38 +0000 2024,hur442,"@detikcom Ok gasss,, rebutan tapera",1,0,0,0,0,in
1800078698386776422,1800152891707318552,Mon Jun 10 13:07:49 +0000 2024,singosolo88,"@detikcom Tombol + kalkulatornya sangat responsif,  pasti bukan 
 made in Indonesia.",0,0,0,0,0,in
1800078698386776422,1800152749482619159,Mon Jun 10 13:07:15 +0000 2024,Effin40390587,"@detikcom Pencitraan doang,yg ada lanjut korupsi,lanjut ngebohong,lanjut impor,lanjut semua naik,lanjut ngerusak hutan/lingkungan,lanjut hutang negara,lanjut nipu rakyat..😱😱😱😱😱",0,0,0,0,0,in
1800078698386776422,1800152619668902386,Mon Jun 10 13:06:44 +0000 2024,main_ke_kampung,@detikcom Kalo minta duit apbn sih ngapain jadi wakil kepala OIKN.. tugas lo itu @RajaJuliAntoni buat cari duit dari investor.. wong duit apbnnya udah cekak masih dimintain juga.. gagal paham sama penugasannya nih,1,0,0,0,0,in
1800078698386776422,1800152504069750939,Mon Jun 10 13:06:16 +0000 2024,MbemLover,"@detikcom Baru diangkat dah minta tambahan aggaran....mantab bro,lanjutkan lah. Biar rakyat nanti yg pontang panting mikirin dana apalagi yg bisa digunakan untuk IKN",0,0,0,0,0,in
1800078698386776422,1800152199814877530,Mon Jun 10 13:05:04 +0000 2024,writerfreax,@detikcom Loske soeeeel,0,0,0,0,0,et
1800078698386776422,1800151944662814949,Mon Jun 10 13:04:03 +0000 2024,kingmonci,@detikcom Andaiku jadi Raja..,0,0,0,0,0,in
1800078698386776422,1800150925648212268,Mon Jun 10 13:00:00 +0000 2024,IIwantara63083,@detikcom Hasil kerja aja blm kelihatan.....udh Mita duit aja......🤣🤣🤣🤣,0,0,0,0,0,in
1800078698386776422,1800150874880434652,Mon Jun 10 12:59:48 +0000 2024,termulll,"@detikcom Mungkin yg dulu Mundur kerna Anggaran Minim
Trus Pemrentah puter Otak daripada Anggaran dikasi cuma2 sama Orang ga jelas mending dikasi sama Temen Kongkalikong",0,0,0,0,0,in
1800078698386776422,1800150222519296252,Mon Jun 10 12:57:12 +0000 2024,triono_aji,"@detikcom Biasa jd anak manja di rumah kayaknya.. tapi tampangnya bukan anak manja.. baru beberapa hari duduk jadi Wamen, langsung minta tambahan anggaran trilyunan.. emangnya uang nenek moyang elo..?",0,0,0,0,0,in
1800078698386776422,1800149564407828863,Mon Jun 10 12:54:35 +0000 2024,Rizal1518640911,@detikcom Apakah cukup om? Digenapkan saja 50 T,1,0,0,0,0,in
1800078698386776422,1800149488218280189,Mon Jun 10 12:54:17 +0000 2024,EkoApan,@detikcom Ealah jul @RajaJuliAntoni 😂😂😂,0,0,0,0,0,in
1800078698386776422,1800149375525822629,Mon Jun 10 12:53:50 +0000 2024,AchmadSugi83051,@detikcom Otaknya duit mulu,0,0,0,0,0,in
1800078698386776422,1800148676016505320,Mon Jun 10 12:51:04 +0000 2024,Ages92642406,"@detikcom Sabar ya tunggu Tapera ACC, Mayan tuh dana nya",0,0,0,0,0,in
1800078698386776422,1800147925005463797,Mon Jun 10 12:48:05 +0000 2024,GybrantR53927,"@detikcom Nyet,emangnya duit tirun dr langit?",0,0,0,0,0,in
1800078698386776422,1800146984436961578,Mon Jun 10 12:44:20 +0000 2024,Riez_1,"@detikcom Loe Kate negara ini gak punya program Prioritas lain selain ngurusin IKN, se enaknya udel luh. Makanya kalau gak punya duit ngapain bangun IKN segala, Bikin susah aja. Masoh banyak Rakyat miskin di negeri ini yang butuh sentuhan program pemberdayaan kepada Rakyat miskin.",2,1,0,0,0,in
1800078698386776422,1800146816018833566,Mon Jun 10 12:43:40 +0000 2024,Jehovah_jireh,@detikcom Masih muda begini udh dikasih tugas berat?? Menuju Indonesia Cemas,0,0,0,0,0,in
1800078698386776422,1800145079585366400,Mon Jun 10 12:36:46 +0000 2024,from_life5,@detikcom Gak qda ot*k di tengah kesulitan rakyat malah negakin gedung dan babat lahan,0,0,0,0,0,in
1800078698386776422,1800145053110980836,Mon Jun 10 12:36:40 +0000 2024,Tuah_Raya,@detikcom Untung Non APBN 🤣 https://t.co/DWHU1gn7ca,0,0,0,0,0,in
1800078698386776422,1800144459906330766,Mon Jun 10 12:34:18 +0000 2024,ajayharau,@detikcom Duit dari mana nak ?  Ayah mu gak punya duit segitu banyak ingat nak kita orang SUSAH jangan ikut ikut anak orang kaya ya nak . Gini KIRA KIRA nasehat orang tua ke anaknya,9,0,0,0,0,in
1800078698386776422,1800144236865802667,Mon Jun 10 12:33:25 +0000 2024,Ika_Iskandar64,@detikcom Nih ambil... sisanya buat loe. https://t.co/OfbNLOaD6q,22,1,0,0,0,in
1800078698386776422,1800143923429703753,Mon Jun 10 12:32:11 +0000 2024,JMumeti,"@detikcom Selama dia masang badan kaesang, pak jkw akan mengabulkan semua permintaannya",0,0,0,0,0,in
1800078698386776422,1800143885055996005,Mon Jun 10 12:32:01 +0000 2024,bima282828,@detikcom Baru berapa hari menjabat udah minta tambah anggaran.,0,0,0,0,0,in
1800078698386776422,1800143306971926889,Mon Jun 10 12:29:44 +0000 2024,sunny_daay,@detikcom kl hanya tambah anggaran semua orang juga mampu😂,0,0,0,0,0,in
1800078698386776422,1800143189074198651,Mon Jun 10 12:29:15 +0000 2024,Detw13,@detikcom baru beberapa hari menjabat sudah minta duit,2,0,0,0,0,in
1800078698386776422,1800142742540222951,Mon Jun 10 12:27:29 +0000 2024,toney_alfath,@detikcom Minta aja ke bos tambanh,0,0,0,0,0,in
1800078698386776422,1800141234067185791,Mon Jun 10 12:21:29 +0000 2024,bagushart,@detikcom Kerjaan apaan minta anggaran doank,0,0,0,0,0,in
1800078698386776422,1800140454350172571,Mon Jun 10 12:18:23 +0000 2024,put776,@detikcom Tapera solusinya😁,0,0,0,0,0,in
1800078698386776422,1800140409307635835,Mon Jun 10 12:18:13 +0000 2024,wrongman_fuck,@detikcom Koyo duit tinggal ngetik wae,0,0,0,0,0,in
1800078698386776422,1800139582161486099,Mon Jun 10 12:14:56 +0000 2024,shohibulhadi,@detikcom Kalau modal minta anggaran hampir 30T gitu banyak yg bisa,0,0,0,0,0,in
1800078698386776422,1800139238857703813,Mon Jun 10 12:13:34 +0000 2024,elyfit1531,@detikcom Enak nyaa. Lgsg minta anggaran. PSI ...PSI...😂😂😂,0,0,0,0,0,in
1800078698386776422,1800138012082471159,Mon Jun 10 12:08:41 +0000 2024,x6a283,@detikcom Tambah 271 T aja,0,0,0,0,0,in
1800078698386776422,1800137640391688248,Mon Jun 10 12:07:13 +0000 2024,panvialy,@detikcom Atur ajaa.,0,0,0,0,0,in
1800078698386776422,1800137495180624143,Mon Jun 10 12:06:38 +0000 2024,Nebulavexion,@detikcom Kelas menengah siap2 dipalakin,0,0,0,0,0,in
1800078698386776422,1800137223649866119,Mon Jun 10 12:05:33 +0000 2024,siwisuhartono,@detikcom Oke gas,0,0,0,0,0,en
1800078698386776422,1800136571162964386,Mon Jun 10 12:02:58 +0000 2024,warga_nusa,@detikcom Asyeek sekali lagi asyeeek..,0,0,0,0,0,in
1800078698386776422,1800136299678183595,Mon Jun 10 12:01:53 +0000 2024,doblang_08,"@detikcom Mantap bgt, gass poll.masbro lumayan bwt tambahan kampanye ketum utk maju pilkada ekekekekek",0,0,0,0,0,in
1800078698386776422,1800135661246369804,Mon Jun 10 11:59:21 +0000 2024,sipolossan,"@detikcom Miris yah banyak pejabat yg suka banget hambur2in duit, yg nyatanya duitnya dari hasil pajak dan hutang menyediakan pejabat kita",0,0,0,0,0,in
1800078698386776422,1800135525300601144,Mon Jun 10 11:58:48 +0000 2024,Eddysyarif,@detikcom Hutang lagi,0,0,0,0,0,in
1800078698386776422,1800135148123636148,Mon Jun 10 11:57:18 +0000 2024,RakyatNgenez,@detikcom Ndasmu picek juljuli assu khontlol,0,0,0,0,0,in
1800078698386776422,1800134633516159130,Mon Jun 10 11:55:16 +0000 2024,Fiat_just,@detikcom Ngajuin hutang lagi dong,0,0,0,0,0,in
1800078698386776422,1800133955045474401,Mon Jun 10 11:52:34 +0000 2024,satrio_roiaisas,"@detikcom Kalo cm minta duit, fresh graduate kampus jg bisa jd wakil otoritas IKN",0,0,0,0,0,in
1800078698386776422,1800133089274077317,Mon Jun 10 11:49:07 +0000 2024,podo_radong1,@detikcom lha..... udh usul minta tambahan t t an aja,0,0,0,0,0,in
1800078698386776422,1800132018862502122,Mon Jun 10 11:44:52 +0000 2024,alphonsorevy,@detikcom masih ada 11.000 trilyun. masih sedikit itu,0,0,0,0,0,in
1800078698386776422,1800131846417809607,Mon Jun 10 11:44:11 +0000 2024,MrBean68093346,@detikcom Gur njaluk duit terus isone,0,0,0,0,0,in
1800078698386776422,1800131504271708464,Mon Jun 10 11:42:50 +0000 2024,hemaviton99,@detikcom Duit lagi,0,0,0,0,0,in
1800078698386776422,1800130726266110198,Mon Jun 10 11:39:44 +0000 2024,R19cakra,@detikcom Bukankah Mas Wamen Agraria ini diberi tugas untuk menyelesaikan persoalan kepemilikan hak atas tanah di IKN? kenapa sekarang malah ngurusin pengelolaan gedung dan bangunan pake usul minta tambahan anggaran segala.,1,0,0,0,0,in
1800078698386776422,1800130383180357749,Mon Jun 10 11:38:22 +0000 2024,sulaimanariefst,@detikcom Jago banget kalau ngabisin uang rakyat !!,0,0,0,0,0,in
1800078698386776422,1800129377763782929,Mon Jun 10 11:34:23 +0000 2024,IreneLim177,@detikcom Pertanyaanya.. apakah semua usulan tambahan itu ga dipikirkan dan dihitung anggarannya sejak awal ya? Koq bisa minta tambahan anggaran sebesar itu,0,0,0,0,0,in
1800078698386776422,1800128053148111295,Mon Jun 10 11:29:07 +0000 2024,BabaNomiss,"@detikcom Gurih...
Gurih...",0,0,0,0,0,in
1800078698386776422,1800127641208639543,Mon Jun 10 11:27:29 +0000 2024,LekTupar,"@detikcom Kerja aja baru brp hari, sdh minta duit trilyunan",0,0,0,0,0,in
1800078698386776422,1800127585688625561,Mon Jun 10 11:27:15 +0000 2024,styhdprbw,@detikcom Apaan lagi ni yg mau di pajekin,0,0,0,0,0,in
1800078698386776422,1800126907637449135,Mon Jun 10 11:24:34 +0000 2024,BanyuKirik,@detikcom Hahahahahaha.. Baru juga seminggu.. 🤣🤣🤣🤣,0,0,0,0,0,in
1800078698386776422,1800126770680918286,Mon Jun 10 11:24:01 +0000 2024,appletomdr,"@detikcom Katanya cuma penggunaan 20% apbn, klo baca laporan terakhir kayaknya udah offside",0,0,0,0,0,in
1800078698386776422,1800126626145153169,Mon Jun 10 11:23:27 +0000 2024,andrecoustic,@detikcom Gak kurang jul ? Sekalian 1000 - 2000 T biar gak nanggung ugal-ugalannya,0,0,0,0,0,in
1800078698386776422,1800126309609476586,Mon Jun 10 11:22:11 +0000 2024,LotekBakulan,@detikcom https://t.co/WCpb5hFlzh,0,0,0,0,0,qme
1800078698386776422,1800125919337811994,Mon Jun 10 11:20:38 +0000 2024,Awandiatassana,@detikcom Pantes ngotot suruh raktat nabung Tapera,0,0,0,0,0,in
1800078698386776422,1800125671701967281,Mon Jun 10 11:19:39 +0000 2024,didihusadiwong,@detikcom 😭😭😭,0,0,0,0,0,qme
1800078698386776422,1800125637799383423,Mon Jun 10 11:19:31 +0000 2024,proletarsusah,"@detikcom Proyek pemerintah banyak cashback nya, makin banyak anggaran, makin banyak cashback nya, mayan bisa untuk menggenjot suara partai awokawok.",0,0,0,0,0,in
1800078698386776422,1800125489841131698,Mon Jun 10 11:18:56 +0000 2024,iyo20001,"@detikcom Edan,,,  🤣😂😅
Aya duitna eta tehh tong???",0,0,0,0,0,in
1800078698386776422,1800124601793728995,Mon Jun 10 11:15:24 +0000 2024,IlhamKusno2,@detikcom Tanda tanya besar ini...!!!!,0,0,0,0,0,in
1800078698386776422,1800124364802949557,Mon Jun 10 11:14:27 +0000 2024,krokot123,@detikcom 😂😂😂👍,0,0,0,0,0,qme
1800078698386776422,1800123226334625885,Mon Jun 10 11:09:56 +0000 2024,vernandozz,@ada_pohan @detikcom Politisi wajib pintar ngibul 😆😅,1,0,1,0,0,in
1800078698386776422,1800122389159948743,Mon Jun 10 11:06:36 +0000 2024,fachmiza,@detikcom edan 🤭,25,0,0,0,0,ht
1800078698386776422,1800122341588193301,Mon Jun 10 11:06:25 +0000 2024,Hnirankara,"@detikcom Mantap ya hasil ngejilatnya wkwk..

https://t.co/g0I6DkMFwR",0,0,0,0,0,in
1800078698386776422,1800122125694738500,Mon Jun 10 11:05:34 +0000 2024,tanmago243,@detikcom Hadeh apa.lagi ini yang mau di pajakin,1,0,0,0,0,in
1800078698386776422,1800121711809142805,Mon Jun 10 11:03:55 +0000 2024,AfienMukti,@detikcom Ngapain,0,0,0,0,0,in
1800078698386776422,1800121326369411546,Mon Jun 10 11:02:23 +0000 2024,WalkBliss,"@detikcom duit rakyat bukan turun dari langit
tapi hasil banting tulang",0,0,0,0,0,in
1800078698386776422,1800120935296704655,Mon Jun 10 11:00:50 +0000 2024,kadal15,@detikcom Gini dong langsung kelihatan kerjanya,0,0,0,0,0,in
1800078698386776422,1800120399877066885,Mon Jun 10 10:58:42 +0000 2024,AgusTia79936952,@detikcom Uang rakyat lagi?? Kalau hutang luar negeri yg bayar rakyat juga?? Sekali² dari kantong sendiri Napa.,0,0,0,0,0,in
1800078698386776422,1800120138886504518,Mon Jun 10 10:57:40 +0000 2024,Uni_RancakBana,@detikcom @RajaJuliAntoni kau menjijikkan 🤮🤮🤮,1,0,0,0,0,in
1800078698386776422,1800119880639033386,Mon Jun 10 10:56:38 +0000 2024,krtmlm,@detikcom anjai,0,0,0,0,0,hi
1800078698386776422,1800119679736066506,Mon Jun 10 10:55:50 +0000 2024,BangDunih,@detikcom Atur ae,0,0,0,0,0,en
1800078698386776422,1800119195080048948,Mon Jun 10 10:53:55 +0000 2024,publikpisang,"@detikcom Berpikir ttg angka2, stp org adl ahlinya. ""Para Kidalang Istana"" sgt faham dgn psikologis itu. Mrk ciptakan TONGSIS KLENIK utk menghisap-KERING logika2 mahluk sealam raya. Mrk sgt faham cara krjny, kpn ON dan kpd siapa OFF! 
Kita tunggu beritanya @DedynurPalakka",0,0,1,0,0,in
1800078698386776422,1800118300464320686,Mon Jun 10 10:50:22 +0000 2024,anantaprayugo,@detikcom Aturrr ajaaa... Masi ada 11rbu Trilyun kan?,0,0,0,0,0,in
1800078698386776422,1800118069354021290,Mon Jun 10 10:49:26 +0000 2024,QiuQiu_Official,"@detikcom Kok bisa sih??
Apa waktu perencanaan gak dibahas?
Emang yg bikin rencana kuli bangunan??",0,0,0,0,0,in
1800078698386776422,1800116328629776679,Mon Jun 10 10:42:31 +0000 2024,etzizu,"@detikcom Modar aja loe 30 triliun, loe petikin aja daun daun di ikn",0,0,0,0,0,in
1800078698386776422,1800116322921308548,Mon Jun 10 10:42:30 +0000 2024,jek_uncle,"@detikcom Adduhh, mintanya ke Pa Jok, beliau kan msh ada 12.000T dikantongnya.
Please, jgn pake uang rakyat..!",0,0,0,0,0,in
1800078698386776422,1800115768765686012,Mon Jun 10 10:40:18 +0000 2024,f3nn1,@detikcom Gak ada duit gak bisa kerja,0,0,0,0,0,in
1800078698386776422,1800115581238296732,Mon Jun 10 10:39:33 +0000 2024,kretekmantab,"@detikcom Tenang..hutangnya baru Rp8300-an Triliun, blm mencapai 11rb Triliun",2,0,0,0,0,in
1800078698386776422,1800113851779928421,Mon Jun 10 10:32:41 +0000 2024,ruazfln20,@detikcom Wawwww,0,0,0,0,0,und
1800078698386776422,1800113302108037244,Mon Jun 10 10:30:30 +0000 2024,meminem20,"@detikcom ga sia-sia perjuangan, mancing mania mantap",0,0,0,0,0,in
1800078698386776422,1800113292431737078,Mon Jun 10 10:30:28 +0000 2024,04JoFiKa,"@detikcom Wkwkwkwkkk...minta sama Pak Lurah sono, paling dicarikan hutangan LN lagi",1,0,0,0,0,in
1800078698386776422,1800113085765865720,Mon Jun 10 10:29:38 +0000 2024,ichan_norax,@detikcom Project birahi berkuasa Penguasa hanya memberi kesempatan pada maling2 Project utk malingin uang Negara.,2,0,0,0,0,in
1800078698386776422,1800108616571392045,Mon Jun 10 10:11:53 +0000 2024,Salmanbest41489,@detikcom Waduh ini orang nya rat maret nanti itu ini orang nya,0,0,0,0,0,in
1800078698386776422,1800108353341001956,Mon Jun 10 10:10:50 +0000 2024,rustamanuus158,@detikcom ga si yaqut fa si antoni...duit ml di pikiranya ..kerja jg blm,0,0,0,0,0,in
1800078698386776422,1800108248416301245,Mon Jun 10 10:10:25 +0000 2024,ada_pohan,"@detikcom Lho Buat apa keluar uang kalau ""Hanya"" seperti Jakarta ? 🤣 https://t.co/m0bRoUMIE0",2,0,2,0,0,in
1800078698386776422,1800107106907172880,Mon Jun 10 10:05:53 +0000 2024,raymondyunius,@detikcom yang masuk kantong sendiri berapa ini?,0,0,0,0,0,in
1800078698386776422,1800105958712197575,Mon Jun 10 10:01:19 +0000 2024,maymarmas,@detikcom Udah kenal duit...,4,0,0,0,0,in
1800078698386776422,1800105794790465999,Mon Jun 10 10:00:40 +0000 2024,archoHQ_,@detikcom Rakyat di cekik mulu,0,0,0,0,0,in
1800078698386776422,1800105696773673036,Mon Jun 10 10:00:17 +0000 2024,nadiels,@detikcom Ujung2 nya minta duit.... dari mana uang nya ????????,0,0,0,0,0,in
1800078698386776422,1800105591278620701,Mon Jun 10 09:59:51 +0000 2024,HelmiAlfian93,@detikcom Si anjing,0,0,0,0,0,in
1800078698386776422,1800105205964624149,Mon Jun 10 09:58:20 +0000 2024,1234_trees,@detikcom Emang dewi Sri setuju wkwkwk,0,0,0,0,0,in
1800078698386776422,1800105063714812251,Mon Jun 10 09:57:46 +0000 2024,rizkyprtam16,"@wansrosadi @detikcom Biarin Pak Prabowo Pusing nnti seru jadinya 🤭😂, dia pusing apalagi kita rakyat Indonesia",1,0,0,0,0,in
1800078698386776422,1800104862451212753,Mon Jun 10 09:56:58 +0000 2024,AliMF24,@detikcom Kerja dulu pak kalo ada yang kurang baru minta duit lu mah hadeh,0,0,0,0,0,in
1800078698386776422,1800104665465635252,Mon Jun 10 09:56:11 +0000 2024,alfredodragovic,@detikcom lha dilantik cuma buat nodong lagi?,0,0,0,0,0,in
1800078698386776422,1800104520443462125,Mon Jun 10 09:55:36 +0000 2024,AliMF24,@detikcom 🤣,0,0,0,0,0,qme
1800078698386776422,1800104472154390889,Mon Jun 10 09:55:25 +0000 2024,jonmamau,@detikcom PM itu bagus dicari orang professional.,1,0,0,0,0,in
1800078698386776422,1800103268326277223,Mon Jun 10 09:50:38 +0000 2024,goesman02,"@detikcom ""Ini bukan bidang saya, mohon bimbingannya'.",0,0,0,0,0,in
1800078698386776422,1800102706402770966,Mon Jun 10 09:48:24 +0000 2024,sahainsave,@detikcom Pake duit lu sendiri aja,0,0,0,0,0,in
1800078698386776422,1800102642036916384,Mon Jun 10 09:48:08 +0000 2024,Herri32407314,"@detikcom Berpestalah,mumpung masih bisa",0,0,0,0,0,in
1800078698386776422,1800102005824016624,Mon Jun 10 09:45:37 +0000 2024,rang_casper,@detikcom Hanya tinggal hitungan bulan saja masih berani minta tambahan anggaran,0,0,0,0,0,in
1800078698386776422,1800101830028063121,Mon Jun 10 09:44:55 +0000 2024,Designer_AMT,@detikcom dari @psi_id untuk Indonesia... mantaaappp...hahahaha..,0,0,0,0,0,in
1800078698386776422,1800100002599174232,Mon Jun 10 09:37:39 +0000 2024,DRoji72,@detikcom Enaknya Udah dapat tulang,0,0,0,0,0,in
1800078698386776422,1800099967367024652,Mon Jun 10 09:37:31 +0000 2024,Tischliar_death,@detikcom 🤡🤡🤡🤡🤡,0,0,0,0,0,qme
1800078698386776422,1800099669898645860,Mon Jun 10 09:36:20 +0000 2024,IdanEEGO1,@detikcom Makin bersinar bro @RajaJuliAntoni 😁,0,0,0,0,0,in
1800078698386776422,1800099558183288843,Mon Jun 10 09:35:53 +0000 2024,fariedza,@detikcom Sabar jul.. Panjul.. Duit tapera belom ngumpul nih,0,0,0,0,0,in
1800078698386776422,1800099525098701103,Mon Jun 10 09:35:45 +0000 2024,ommark1104,"@detikcom Duh mas, Masih banyak daerah lain yg sangat jauh ketimpangan infrastrukturnya, jalan akses susah hanya bisa dilewatin motor atau berjalan kaki, itu juga yg diprioritasin, kalau skrng dibangun kebayang 5-10 thn akan kelihatan kemajuannya,",0,0,0,0,0,in
1800078698386776422,1800098121692889322,Mon Jun 10 09:30:11 +0000 2024,ArryGong,@detikcom Sak mbledose wetengmu,0,0,0,0,0,in
1800078698386776422,1800097585719579069,Mon Jun 10 09:28:03 +0000 2024,wansrosadi,"@detikcom Nah ! Habiskan saja terus uang yg sdh seret buat IKN. Nanti Prabowo mau kerja pake uang dari daun?
IKN membawa sengsara banyak pihak.",52,1,5,0,0,in
1800078698386776422,1800097084122796109,Mon Jun 10 09:26:03 +0000 2024,kacasin,@detikcom langsung kayak dong keledai nya,0,0,0,0,0,in
1800078698386776422,1800096890304032845,Mon Jun 10 09:25:17 +0000 2024,LindaArito73518,"@detikcom Mintalah sama bapak kau, jangan pake pajak rakyat, kalian menikmati, rakyat yg berak mencret.",3,0,0,0,0,in
1800078698386776422,1800096812193472552,Mon Jun 10 09:24:58 +0000 2024,jarwokanghutang,@detikcom Kasihhhh😁,0,0,0,0,0,in
1800078698386776422,1800096572153499966,Mon Jun 10 09:24:01 +0000 2024,ArisNurOne,@detikcom Minta ke siapa? Kan investor yg membiayai.,0,0,0,0,0,in
1800078698386776422,1800096236714017081,Mon Jun 10 09:22:41 +0000 2024,helmanns8986,@detikcom Tambuih piti nyo da..anjirr..,0,0,0,0,0,in
1800078698386776422,1800096176160809252,Mon Jun 10 09:22:27 +0000 2024,hijiru23,@detikcom Pantes njaluk duit tapera 🙏😁,0,0,0,0,0,in
1800078698386776422,1800095949316043210,Mon Jun 10 09:21:33 +0000 2024,LutjeLucifer,@detikcom gedungnya belum jadi udah minta Trilyunan aja lu,0,0,0,0,0,in
1800078698386776422,1800095724526551226,Mon Jun 10 09:20:39 +0000 2024,tonysugiantono,"@detikcom belon kerja udah minta duit sebanyak itu !! , untuk apa nyogok pembebasan tanah adat di IKN ?? , Klo hanya nyogok doank semua orang jga bisa !! , ngomong 2 ente dpt kebagian gak ?? , berapa sih ??? , khepo aje sih !! he he 🤣😂😅😱🤦💰💰💰 https://t.co/zfzNbo3ZL1",8,0,0,0,0,in
1800078698386776422,1800094959359652220,Mon Jun 10 09:17:37 +0000 2024,iKhalis,@detikcom Sabar bos @RajaJuliAntoni . Lagi ngumpulin sadaqoh ama infaq buruh nih via @BP_Tapera .,4,0,0,0,0,in
1800078698386776422,1800094573496242620,Mon Jun 10 09:16:05 +0000 2024,haryahehe,@detikcom Gass. Duit mah bisa dicari,0,0,0,0,0,in
1800078698386776422,1800094517904986264,Mon Jun 10 09:15:51 +0000 2024,Great4ndy,@detikcom Ujung2nya duit. Ujung2nya ngutang,0,0,0,0,0,in
1800078698386776422,1800094451643375920,Mon Jun 10 09:15:36 +0000 2024,iskan45v,@detikcom Jah.... Pusing... Pusing... Pusing... Dikirain tggal melanjutkan ternyata bkn jabatan ja yg minta.. 😂😂😂,1,0,0,0,0,in
1800078698386776422,1800094331220701504,Mon Jun 10 09:15:07 +0000 2024,Fahmii_FR13,@detikcom Pantes mundur kepala otorita IKN.. Gak sanggup terus menerus minta dana yang besar tapi dananya gak ada,0,0,0,0,0,in
1800078698386776422,1800094294143082643,Mon Jun 10 09:14:58 +0000 2024,malfiandr,@detikcom Fix ada main ini,0,0,0,0,0,in
1800078698386776422,1800093806605607395,Mon Jun 10 09:13:02 +0000 2024,Rachmayanto,@detikcom Ngambil anggarannya dari mana Bro???,0,0,0,0,0,in
1800078698386776422,1800093244824715599,Mon Jun 10 09:10:48 +0000 2024,ngabdirojo,@detikcom Proyek nya dari mereka untuk mereka saja..yang lain gak boleh ikut2 an,0,0,0,0,0,in
1800078698386776422,1800092688454422954,Mon Jun 10 09:08:35 +0000 2024,Desto11879838,@detikcom Gile,0,0,0,0,0,tr
1800078698386776422,1800092513690361984,Mon Jun 10 09:07:54 +0000 2024,JowoAbangan,@detikcom Ternyta dana investor itu dari APBN 🤣,0,0,0,0,0,in
1800078698386776422,1800092162786521263,Mon Jun 10 09:06:30 +0000 2024,lampu_patromaks,@detikcom Anjayyy gampang bener minta duit. Rakyat engap bayar pajak buat mengakomodir gaya hidup dan keinginan para pejabad.,0,0,0,0,0,in
1800078698386776422,1800091891788308505,Mon Jun 10 09:05:25 +0000 2024,WongIndonesiaOK,"@detikcom Ndasmu 29,8 T 😆",0,0,0,0,0,in
1800078698386776422,1800091019901558887,Mon Jun 10 09:01:57 +0000 2024,PrakarsaWin,@detikcom keruk lagi Kas negoro. aji mumpung,7,0,0,0,0,in
1800078698386776422,1800090288461091247,Mon Jun 10 08:59:03 +0000 2024,VillageJaguar,@detikcom Hadehhhh... bang @RajaJuliAntoni  duitnya dareee meneeeeeeeeee???,0,0,0,0,0,in
1800078698386776422,1800089733739294721,Mon Jun 10 08:56:51 +0000 2024,rezatalks,@detikcom Macam negara lagi banyak duit aja  @RajaJuliAntoni minta2 tambahan anggaran.,0,0,0,0,0,in
1800078698386776422,1800088624618463339,Mon Jun 10 08:52:26 +0000 2024,yeahdiky,@detikcom https://t.co/ACL73NGY0c,0,0,0,0,0,qme
1800078698386776422,1800086642226770321,Mon Jun 10 08:44:34 +0000 2024,Ibas,"@detikcom Duh mas @kokokdirgantoro , duit 29 triliun bila dipake buat pemberdayaan perempuan atau peningkatan sarana &amp; prasarana sekolah kan mantab tuh.",3,0,0,0,0,in
1800078698386776422,1800085907288330387,Mon Jun 10 08:41:38 +0000 2024,SaptoHape,"@detikcom Baru beberapa menit menjabat, langsung minta trilyunan. Duite sopo cuuukkk..!!!",60,0,1,0,0,in
1800078698386776422,1800084735294840987,Mon Jun 10 08:36:59 +0000 2024,ardhijatmiko,@detikcom asmut,0,0,0,0,0,eu
1800078698386776422,1800082242049638514,Mon Jun 10 08:27:05 +0000 2024,ropsi1,@detikcom Mayan,0,0,0,0,0,tl
1800078698386776422,1800081525943476568,Mon Jun 10 08:24:14 +0000 2024,klanubikayu,@detikcom Koyakkan semua 🤭,0,0,0,0,0,in
1800078698386776422,1800078698386776422,Mon Jun 10 08:13:00 +0000 2024,detikcom,"Plt Wakil Kepala Otorita IKN Nusantara, Raja Juli, menyampaikan usulan tambahan anggaran sebesar Rp 29,8 triliun untuk pengelolaan gedung dan pembangunan. https://t.co/dPfaSj0Ukr",296,77,659,0,0,in
1866312242456936569,1867199246388326506,Thu Dec 12 13:26:05 +0000 2024,MunawirID,@tempodotco Nga usah di kasi.. Produk gagal itu.. Nambah nambah kerugi negara aja..,0,0,0,0,0,in
1866312242456936569,1867061103232160213,Thu Dec 12 04:17:09 +0000 2024,shintaeffendi,@tempodotco @KejaksaanRI @bpkri @BPKPgoid Pengingat (4):,0,0,0,0,0,in
1866312242456936569,1867060738122190917,Thu Dec 12 04:15:42 +0000 2024,shintaeffendi,"@tempodotco Pengingat (3): kasus timah dampak kerusakan lingkungan 300T. Belum termasuk kerusakan kesehatan masyarakat yg berujung keselamatan nyawa.
U/ #IKN berapa potensi kerugiannya? .@KejaksaanRI .@bpkri .@BPKPgoid",0,0,1,0,0,in
1866312242456936569,1867059756650877272,Thu Dec 12 04:11:48 +0000 2024,shintaeffendi,"@tempodotco Pengingat (2) BPK mengingatkan APBN yg sdh digunakan #IKN hampir 75,4T (pertengahan th 2024). 
Agustus minta tambah 27T++, pak Bas minta 8T++, belum pak dody menPU. Total berapa? 
*Janji hanya sekitar 90,4T",0,0,1,0,0,in
1866312242456936569,1867058051565621302,Thu Dec 12 04:05:02 +0000 2024,shintaeffendi,@tempodotco Pengingat: (1),0,0,1,0,0,in
1866312242456936569,1867022180569211194,Thu Dec 12 01:42:30 +0000 2024,odongdaeng,@tempodotco Ntar anak saya akan saya suruh jadi Mentri. Kerja pokoknya hanya MINTA DUIT. 😅,0,0,0,0,0,in
1866312242456936569,1866879235815809459,Wed Dec 11 16:14:29 +0000 2024,indobubarsegera,"@nauvalarif14579 @mymaymar @tempodotco udah lebih dari setengah gobloknya, parah berarti",0,0,0,0,0,in
1866312242456936569,1866875405036408939,Wed Dec 11 15:59:16 +0000 2024,azmipro75,@tempodotco Apa bener ini yg terpilih jd ketum KAGAMA?,0,0,0,0,0,in
1866312242456936569,1866872339599855769,Wed Dec 11 15:47:05 +0000 2024,pengushrnminari,"@tempodotco Golet duit dewek lah pak,nytresi tok melu nganggo ora kon urun bae",0,0,0,0,0,in
1866312242456936569,1866872022112014767,Wed Dec 11 15:45:49 +0000 2024,ShandyHarahap,@tempodotco Minta ke Mulyono lah pak.,0,0,0,0,0,in
1866312242456936569,1866838798941724987,Wed Dec 11 13:33:48 +0000 2024,Go_Drill,"@tempodotco Bas… Bas… @basuki_btp 
kalau dikit² minta minta dikit² akeh tunggal e Bas..",0,0,0,0,0,in
1866312242456936569,1866827312169357495,Wed Dec 11 12:48:09 +0000 2024,Uge41429711,@tempodotco Kalo buat kehidupan rakyat jekata ape negara bisa nambahin?????,0,0,0,0,0,in
1866312242456936569,1866774208732410045,Wed Dec 11 09:17:09 +0000 2024,2dibukaB,"@tempodotco Cari investor, bukan minta tambah anggaran.
Kan dari awal pembangunan IKN itu dari investor bukan dari APBN..
#ProyekGagal",0,0,0,0,0,in
1866312242456936569,1866764961751634342,Wed Dec 11 08:40:24 +0000 2024,NGatotkaca,"@tempodotco proyek ga penting, suruh aja jokowi nerusin sendiri",0,0,0,0,0,in
1866312242456936569,1866759446690779497,Wed Dec 11 08:18:29 +0000 2024,m_m169141,@tempodotco Investasi Kerugian Negara,1,0,0,0,0,in
1866312242456936569,1866755731476893948,Wed Dec 11 08:03:43 +0000 2024,aamiin77,@tempodotco STOP UKN PROJECT MUBAZIR 🤔,0,0,0,0,0,en
1866312242456936569,1866727729657417887,Wed Dec 11 06:12:27 +0000 2024,xyz07629305,@jondiljonson @tempodotco kalau ga dijagain mukanya kelayapan kyk sekarang ini,0,0,0,0,0,in
1866312242456936569,1866721017802240059,Wed Dec 11 05:45:47 +0000 2024,nur_arifinn,"@tempodotco Walah ... jangan habiskan anggaran utk IKN fokus untuk ekonomi dan kebutuhan mendesak : Jalan2 rusak, Sekolah, Rumah Sakit,..Pasar rakyat,... pelabuhan, bendungan, irigasi, jembatan, fasilitas publik  dll....",0,0,0,0,0,in
1866312242456936569,1866716747077914719,Wed Dec 11 05:28:49 +0000 2024,PurwandiB,@tempodotco https://t.co/deM7eyklPf,0,0,0,0,0,qme
1866312242456936569,1866716265873805339,Wed Dec 11 05:26:54 +0000 2024,faza_iwan74302,@tempodotco stupid ❗️ https://t.co/KNlnTK7suL,0,0,0,0,0,en
1866312242456936569,1866709275395100871,Wed Dec 11 04:59:07 +0000 2024,DeddyPriook,@tempodotco Klo sampe Mangkrak bs jd sarang Hantu.,0,0,0,0,0,in
1866312242456936569,1866709157250044330,Wed Dec 11 04:58:39 +0000 2024,BasirWahyu,@tempodotco Pasti ini hasil bisikan Mulyono bapaknya Fufufafa.,0,0,0,0,0,in
1866312242456936569,1866701736276267077,Wed Dec 11 04:29:10 +0000 2024,saklarslex,"@tempodotco Tutup saja pa IKN, buat makan gratis aja masih bingung 🤣",0,0,0,0,0,in
1866312242456936569,1866698805690896753,Wed Dec 11 04:17:31 +0000 2024,yogiswara1507,"@tempodotco Gak usah pake koma, langsung aja kan masih ada yg punya 11rb T",0,0,0,0,0,in
1866312242456936569,1866698199035236748,Wed Dec 11 04:15:06 +0000 2024,ipin6657379815,"@tempodotco Sy juga minta tambahan pk gak bnyak ko, cuma 100jt an, buat bikin rumah tuk kluarga kecil kami,🙏",1,0,0,0,0,in
1866312242456936569,1866696978052337976,Wed Dec 11 04:10:15 +0000 2024,kidoelkoe,@tempodotco Minta aja,0,0,0,0,0,in
1866312242456936569,1866680771467207100,Wed Dec 11 03:05:51 +0000 2024,MusicManiaa_5,"@shintaeffendi @tempodotco Minta tambahan kok ngicrit ngicrit... 

kenapa nggak sekalian aja minta tambah nya 450T",0,0,0,0,0,in
1866312242456936569,1866669826397376702,Wed Dec 11 02:22:22 +0000 2024,DadangBudiman14,"@tempodotco Kata muanas alaidid , 100% biaya swasta min !",0,0,0,0,0,in
1866312242456936569,1866669518644449411,Wed Dec 11 02:21:08 +0000 2024,farisagungh,@tempodotco Wakil rakyat wajib menolak untuk pembangunan IKN,0,0,0,0,0,in
1866312242456936569,1866668870913986572,Wed Dec 11 02:18:34 +0000 2024,KreatorMe,"@tempodotco Taiik kau ..sibuk aja dg IKN
Tidak ada jatah APBN untuk IKN , APBN itu jatah rakyat bukan IKN",0,0,0,0,0,in
1866312242456936569,1866667210380546297,Wed Dec 11 02:11:58 +0000 2024,e2oliHhZSkBYTFc,@tempodotco Mbah Bas. Jangan paksain IKN kalau duitny gak punya. Kasihan Busri ngutang terus.,0,0,0,0,0,in
1866312242456936569,1866666871325593816,Wed Dec 11 02:10:37 +0000 2024,Marvelmaliki2,@tempodotco Yang ono minta ..ene minta..ini minta ..ada apa gerangan ..ide mbah siapa ini ...☺️,0,0,0,0,0,in
1866312242456936569,1866664311889989903,Wed Dec 11 02:00:27 +0000 2024,FashionIin,"@tempodotco ^
^
^
Membalas @tempodotco
Emang cukup cuma cuma dana segitu pak.....
Jalan utama dan jalan alternatif ke arah Bontang dan TANJUNG SANTAN rusak parah lho.....BUTUH DANA LEBIH BANYAK...",0,0,0,0,0,in
1866312242456936569,1866663492885025078,Wed Dec 11 01:57:12 +0000 2024,LagiPitung,@tempodotco Rakyat segera membayar pajak agar IKN cepat selesai dan diresmikan oleh YM Jokowi,0,0,0,0,0,in
1866312242456936569,1866662874229379158,Wed Dec 11 01:54:44 +0000 2024,Aslt777,@tempodotco @muannas_alaidid masih mau komen ikn 100% dibiayain oleh swasta?,0,0,0,0,0,in
1866312242456936569,1866659331271430614,Wed Dec 11 01:40:40 +0000 2024,nauvalarif14579,@hantamherujinx @mymaymar @tempodotco iya 58% itu banyak gobloknya,0,0,1,0,0,in
1866312242456936569,1866658414467879121,Wed Dec 11 01:37:01 +0000 2024,MuhsenIrsal,"@tempodotco Yaelaaah ..
Korupsi gk habis habis d kerjakan,ee ini tiap kementrian pada mnt naik tambahan anggaran..sehat lu pada",0,0,0,0,0,in
1866312242456936569,1866658288005480693,Wed Dec 11 01:36:31 +0000 2024,Mas2Reborn,@tempodotco Semua akan MULYONO pada waktunya,0,0,0,0,0,in
1866312242456936569,1866655020017766528,Wed Dec 11 01:23:32 +0000 2024,DeddyIs23474113,@tempodotco Enak aja....katanya lagi susah...,0,0,0,0,0,in
1866312242456936569,1866646944820629735,Wed Dec 11 00:51:26 +0000 2024,Jediimar,"@Jumianto_RK @NanangBanj65689 @tempodotco Masa 01 kalah?

Tajir,bagi2 bansos &amp; transfer duit.
Pendukung banyak
Jago nge dance
Muka glowing",0,0,0,0,0,in
1866312242456936569,1866646618453549150,Wed Dec 11 00:50:09 +0000 2024,hm_dermawanzain,@tempodotco Katanya tdkmmemggsanggu apbn,0,0,0,0,0,in
1866312242456936569,1866646436651339919,Wed Dec 11 00:49:25 +0000 2024,LAC________,@tempodotco Stoppp!!!! Wes mending jadi tempat biang lala ae,0,0,0,0,0,in
1866312242456936569,1866645315148984805,Wed Dec 11 00:44:58 +0000 2024,Alfa_Bimas,"@tempodotco Buat makan gratis dikasih anggaran 10 rb pdhl buat ngisi perut anak dan berguna, ngapain nih menteri minta anggaran buat bangun KUBURAN?",0,0,0,0,0,in
1866312242456936569,1866643048140247427,Wed Dec 11 00:35:57 +0000 2024,Thomas_0705,@tempodotco 𝘒𝘈𝘗𝘈𝘕𝘓𝘈𝘏 𝘔𝘈𝘕𝘜𝘚𝘐𝘈2 𝘙𝘜𝘚𝘈𝘒 𝘐𝘕𝘐 𝘔𝘜𝘚𝘕𝘈𝘏..𝘜𝘋𝘏 𝘉𝘌𝘙𝘈𝘗𝘈 𝘉𝘕𝘠𝘒 𝘜𝘈𝘕𝘎 𝘙𝘈𝘒𝘠𝘈𝘛 𝘋𝘐𝘒𝘖𝘙𝘜𝘗𝘚𝘐 𝘖𝘓𝘌𝘏 𝘉𝘈𝘕𝘎𝘚𝘈𝘛2 𝘐𝘕𝘐...,0,0,0,0,0,in
1866312242456936569,1866637141704577317,Wed Dec 11 00:12:29 +0000 2024,DaengKolombo,@tempodotco TM IKN is taman mini ikn,0,0,0,0,0,in
1866312242456936569,1866635972458451114,Wed Dec 11 00:07:50 +0000 2024,sugi13976,@tempodotco Wong edan...???!!,0,0,0,0,0,in
1866312242456936569,1866633148144226365,Tue Dec 10 23:56:37 +0000 2024,justxddt,@tempodotco Gak usah dibangun candi IKN tu lah harusnya pembangunan nya disesuaikan dengan APBN saja itu project akal2an mulyono sahaja utk merubah hutan menjadi ladang sawit bagi para cukong nya,0,0,0,0,0,in
1866312242456936569,1866630215017042349,Tue Dec 10 23:44:58 +0000 2024,CakTugiman,@tempodotco Cakep,0,0,0,0,0,en
1866312242456936569,1866626125881123017,Tue Dec 10 23:28:43 +0000 2024,ballambinlove,@shintaeffendi @tempodotco Proyek habiskan APBN,0,0,0,0,0,in
1866312242456936569,1866619556258775347,Tue Dec 10 23:02:36 +0000 2024,yayuksuseno888,"@tempodotco WTH, APBN lagi? Minta sama Aguan aja boss!",0,0,0,0,0,in
1866312242456936569,1866605104817901715,Tue Dec 10 22:05:11 +0000 2024,Ai_iNyoman,@tempodotco https://t.co/VChddJXAMe,1,1,0,0,0,qme
1866312242456936569,1866600566161564012,Tue Dec 10 21:47:09 +0000 2024,DenasIdn1,"@tempodotco 8.1 trilyun ? Apa ini juga kelanjutan buat menyelamatkan muka seseorg ?
Kta narsum Bocor alus loh..",0,0,0,0,0,in
1866312242456936569,1866598026250228086,Tue Dec 10 21:37:03 +0000 2024,NinaOsie,"@tempodotco Bayar Hutang dulu yg kemaren Pak, udah Lunas baru hutang lagi!🤣",0,0,0,0,0,in
1866312242456936569,1866566895635402911,Tue Dec 10 19:33:21 +0000 2024,Rogey91914280,@tempodotco Ikn penting banget gitu pak kami di kampung yang jualan banyak yang beli jarang mereka yang jualan dadakan itu kena PHK lari. Jualan siapa yang beli rezeki mmg tuhan atur tapi manusia di ciptakan akal dan pikiran apalagi sampe sekolah tinggi buat buat pinter kelola negara,0,0,0,0,0,in
1866312242456936569,1866561960361464014,Tue Dec 10 19:13:45 +0000 2024,SemutRangrangGO,@tempodotco Kalo kata penjilat Mulyono/aguan ga pake uang APBN tapi murni konsorsium swasta 🤣😂,0,0,0,0,0,in
1866312242456936569,1866547828060983488,Tue Dec 10 18:17:35 +0000 2024,najaejaee14,@tempodotco Kaga usah di bangun lagi dah,0,0,0,0,0,in
1866312242456936569,1866533631487005148,Tue Dec 10 17:21:10 +0000 2024,BalatonSlagereg,"@tempodotco Biarin aje tu tempat terbengkalai

Biar ada spot buat yutuber horror",0,0,0,0,0,in
1866312242456936569,1866530449033662907,Tue Dec 10 17:08:32 +0000 2024,YunicoArdian,"@tempodotco katanya sudah ada investor, kok masih minta dari APBN ?",0,0,0,0,0,in
1866312242456936569,1866529082307121166,Tue Dec 10 17:03:06 +0000 2024,Justice83856095,@tempodotco Minta sama Mulyono pak,0,0,0,0,0,in
1866312242456936569,1866526105794134358,Tue Dec 10 16:51:16 +0000 2024,7Nascita60056,"@tempodotco Opo neehhh, Iki!",0,0,0,0,0,in
1866312242456936569,1866520712464531798,Tue Dec 10 16:29:50 +0000 2024,TjahjoWidi96290,@tempodotco Tolak,0,0,0,0,0,eu
1866312242456936569,1866518532516979062,Tue Dec 10 16:21:11 +0000 2024,Jumianto_RK,"@tempodotco Gile lu dro

https://t.co/FRhIu7lNAE",4,1,1,0,0,in
1866312242456936569,1866513526887682428,Tue Dec 10 16:01:17 +0000 2024,____gnx21__,@tempodotco apaan sih,0,0,0,0,0,in
1866312242456936569,1866512914208923658,Tue Dec 10 15:58:51 +0000 2024,4bidden403,@tempodotco Kurang ajar betul ku tengok,0,0,0,0,0,in
1866312242456936569,1866509568886624283,Tue Dec 10 15:45:33 +0000 2024,ariprachmanhkm,"@tempodotco 8.1 T mending bikin bumn sawit kek... bumn pupuk... bumn otomotif.. drpd majekin rakyat terus, gmn negara mandiri cr pemasukan diluar pajakkkkk",0,0,0,0,0,in
1866312242456936569,1866501484944453951,Tue Dec 10 15:13:26 +0000 2024,AndyUcok1,"@tempodotco Pak tua sudahlah..
Engkau sudah terlihat lelah..
@Virgiawan_L",0,0,0,0,0,in
1866312242456936569,1866500802694811663,Tue Dec 10 15:10:43 +0000 2024,Toni7216,@tempodotco Ini pasti berita hoax soalnya kata @muannas_alaidid IKN seratus persen dibiayai swasta,0,0,0,0,0,in
1866312242456936569,1866500713003807114,Tue Dec 10 15:10:22 +0000 2024,amatredjo80,"@tempodotco Pak Bas,Pak Bas.",0,0,0,0,0,in
1866312242456936569,1866498789307236823,Tue Dec 10 15:02:43 +0000 2024,inzhapt_76,@tempodotco Tolak...!! https://t.co/aVTxOehvaA,0,0,0,0,0,eu
1866312242456936569,1866490284433191267,Tue Dec 10 14:28:56 +0000 2024,PerubahanAnies,@tempodotco Sklian buat panggung musik pak..,0,0,0,0,0,in
1866312242456936569,1866488020905644497,Tue Dec 10 14:19:56 +0000 2024,sigith__,@tempodotco Habiskan bas....,0,0,0,0,0,in
1866312242456936569,1866486184240886105,Tue Dec 10 14:12:38 +0000 2024,elrumy8890,"@tempodotco stop IKN , yng sudah menyusahkan apbn hingga berdampak oajak ke rakyat akhirnya yg susah",0,0,0,0,0,in
1866312242456936569,1866478834557858049,Tue Dec 10 13:43:26 +0000 2024,Ngadimi08002459,@tempodotco Minta Mulyono sanah atuh pak Mul.,0,0,0,0,0,in
1866312242456936569,1866478724667084925,Tue Dec 10 13:43:00 +0000 2024,nicolesyahp,@tempodotco Gunakan otak untuk berpikir pak.....!!!!,0,0,0,0,0,in
1866312242456936569,1866478257413234716,Tue Dec 10 13:41:08 +0000 2024,Mriyusekali,"@tempodotco .
masih aja wikayah istana hantu mau dipaksain dibangun 
🐸🔨🔨🔨",0,0,0,0,0,in
1866312242456936569,1866474680347160780,Tue Dec 10 13:26:55 +0000 2024,RudyKla10,"@tempodotco Pak Basuki, minta tambahan anggaran ke Mulyono sebab dia yg hambur2 hutang negara",0,0,0,0,0,in
1866312242456936569,1866473365470613613,Tue Dec 10 13:21:42 +0000 2024,B4n6_H4n5,"@tempodotco Gak usah diteruskan ikn pak, 
Kecuali uangnya dari investor asing",0,0,0,0,0,in
1866312242456936569,1866470882795020792,Tue Dec 10 13:11:50 +0000 2024,pootr4timbau,@tempodotco Sudah bener pak Wowo skala prioritas swasembada pangan,0,0,0,0,0,in
1866312242456936569,1866470400139620842,Tue Dec 10 13:09:55 +0000 2024,pootr4timbau,@tempodotco Ga usah kasi kan SDH bilang ga pakai uang apbn dasar anak buah Mulyono ga usah ladeni pak Wowo,0,0,0,0,0,in
1866312242456936569,1866469326267818114,Tue Dec 10 13:05:39 +0000 2024,pootr4timbau,@tempodotco Ketuhanan pangan lebih penting dan kesehatan pendidikan,0,0,0,0,0,in
1866312242456936569,1866468918065541430,Tue Dec 10 13:04:02 +0000 2024,pootr4timbau,@tempodotco Ikn belakangan aja .. perlu banyak yg lebih pentong,0,0,0,0,0,in
1866312242456936569,1866466579397181721,Tue Dec 10 12:54:44 +0000 2024,iwan_b17ak,@tempodotco masi banyak yg lebih bermanfaat buat rakyat,0,0,0,0,0,in
1866312242456936569,1866466062616965569,Tue Dec 10 12:52:41 +0000 2024,shiroe245,"@tempodotco masjid IKN 940 miliar wow, program makan bergizi gratis 10000, janji kampanye prabowo gibran 15000",0,0,0,0,0,in
1866312242456936569,1866459482169180221,Tue Dec 10 12:26:32 +0000 2024,Ginakyo2,"@tempodotco Mentri pupr minta tambah angaran , ketua ikn minta tambah anggaran juga ...semua anak buah wowo ..duit Mulu otaknya , lumayan lahan basah  😂",0,0,0,0,0,in
1866312242456936569,1866459191260725706,Tue Dec 10 12:25:22 +0000 2024,SigitNch,@tempodotco Museum Raksasa...,0,0,0,0,0,fi
1866312242456936569,1866458819016204748,Tue Dec 10 12:23:54 +0000 2024,baramboys,@tempodotco Bikin resor kok di tempat yang sepi pak?,0,0,0,0,0,in
1866312242456936569,1866458713206452345,Tue Dec 10 12:23:29 +0000 2024,svt5400,@tempodotco ikn lagi ikn lagi dikirain sudah beres,0,0,0,0,0,in
1866312242456936569,1866452539824349371,Tue Dec 10 11:58:57 +0000 2024,RyanSyamsu36480,@tempodotco Janganlah...buat apa gak ada manfaatnya bagi rakyat,1,0,0,0,0,in
1866312242456936569,1866451025970012310,Tue Dec 10 11:52:56 +0000 2024,slametan,"@tempodotco sudah Pak, anda lebih baik jadi fotografer saja. Sayang bapak sudah tidak bisa caper-caper lagi https://t.co/7eGtxYqfvx",0,0,0,0,0,in
1866312242456936569,1866449268929884429,Tue Dec 10 11:45:57 +0000 2024,fanyyfawak,@tempodotco untuk siapa sihh ikn ... trus siapa yg butuh cuma sarang maling doank,0,0,0,0,0,in
1866312242456936569,1866447927255896075,Tue Dec 10 11:40:37 +0000 2024,LunarGosh,@tempodotco Buat nambal idung,0,0,0,0,0,in
1866312242456936569,1866447457921716501,Tue Dec 10 11:38:45 +0000 2024,Priyo__Muhammad,"@tempodotco Stop anggarannya. Investigasi proyek IKN yang jelas sarat KKN

@DPR_RI",1,0,0,0,0,in
1866312242456936569,1866446780143116301,Tue Dec 10 11:36:03 +0000 2024,NatetaF,@tempodotco Kasih saja.,0,0,0,0,0,in
1866312242456936569,1866446597976097021,Tue Dec 10 11:35:20 +0000 2024,esdaogan,@tempodotco jangan lupa tetap setia bayar upeti agar semuanya bisa terwujud,0,0,0,0,0,in
1866312242456936569,1866443764207861802,Tue Dec 10 11:24:04 +0000 2024,IlhamAtsaris,@tempodotco Mantap pakai uang PPN,0,0,0,0,0,in
1866312242456936569,1866443265337344377,Tue Dec 10 11:22:05 +0000 2024,demokrasi_ruwet,@tempodotco Hayooo ... minta tambah anggaran semua 🤣🤣🤣,0,0,0,0,0,in
1866312242456936569,1866442896586731818,Tue Dec 10 11:20:38 +0000 2024,New_live_HD,"@tempodotco Udah biarin, biar yang 58 makin sengsara, saya yakin kebanyakan dari 58 itu ga mampu survive",0,0,0,0,0,in
1866312242456936569,1866441414558806336,Tue Dec 10 11:14:44 +0000 2024,mbah_pujonggo,"@tempodotco Gak usah dikabulkan....

Klarifikasi dulu tentang kebenaran berita investor di IKN...

Pepesan kosong atawa pepes jamur ???",0,0,0,0,0,in
1866312242456936569,1866438060885545376,Tue Dec 10 11:01:25 +0000 2024,GYfhh27829,@tempodotco Ups kurang tuh 3000 trilyun dikabulkan prabowo yg menhan tuh,0,0,0,0,0,in
1866312242456936569,1866437481379533198,Tue Dec 10 10:59:06 +0000 2024,riceyello,@tempodotco BANGKEEEEE,0,0,0,0,0,in
1866312242456936569,1866435549080572395,Tue Dec 10 10:51:26 +0000 2024,indobubarsegera,@mymaymar @tempodotco goblok emang warganya...,0,0,1,0,0,in
1866312242456936569,1866435363822338113,Tue Dec 10 10:50:42 +0000 2024,indobubarsegera,@AgusSiswanto789 @arx21 @tempodotco @prabowo makanya yg jelas blok,1,0,0,0,0,in
1866312242456936569,1866434763764256901,Tue Dec 10 10:48:19 +0000 2024,outbound_malino,@tempodotco Oh Gitu Yah https://t.co/wa4dOVmeOg,5,1,0,0,0,in
1866312242456936569,1866434434821746729,Tue Dec 10 10:47:00 +0000 2024,saya_cebongers,@tempodotco Bubar graaaak,0,0,0,0,0,in
1866312242456936569,1866430837941739637,Tue Dec 10 10:32:43 +0000 2024,ade745780,@tempodotco Kan kata prabowo akan di hntikan..ko ini malah minta anggaran lagi gmna ni pak presiden.,0,0,0,0,0,in
1866312242456936569,1866427679706353911,Tue Dec 10 10:20:10 +0000 2024,AbiTsuraya,@tempodotco Asu lah..,0,0,0,0,0,in
1866312242456936569,1866427318107009045,Tue Dec 10 10:18:43 +0000 2024,tedy_ang76,"@tempodotco menteri bego, negara sudah bangkrut, masih ngotot nerusin IKN🤣",0,0,0,0,0,in
1866312242456936569,1866426275591868696,Tue Dec 10 10:14:35 +0000 2024,ainifad,@tempodotco Kata aku sih bodat ya!,0,0,0,0,0,in
1866312242456936569,1866425418896777671,Tue Dec 10 10:11:11 +0000 2024,P3gEl,@tempodotco Aturan minta mul aja pak🙃,9,0,0,0,0,in
1866312242456936569,1866424361567306052,Tue Dec 10 10:06:58 +0000 2024,EdiL1m,"@tempodotco Rakyat ga ingin IKN di bangun, Yg mau cuma Mulyono. So minta aja sono ama Mulyono ok, kalo Basuki mau rogoh koceknya ya silahkan, jangan keluarin sesen pun juga untuk Project Penipu dan  pengecut",0,0,0,0,0,in
1866312242456936569,1866419950191313221,Tue Dec 10 09:49:27 +0000 2024,JzSirait,@tempodotco lama2 pak bas akan sama kyk yg lain itu.. makin kesini makin kesana jadinya,0,0,0,0,0,in
1866312242456936569,1866416695973490864,Tue Dec 10 09:36:31 +0000 2024,cuwilansenghk,"@tempodotco Lah katanya dibiayai oleh 9 🐉 naga kok masih minta dari apbn lagi, jng lupa dibayar emak emak ini dlm video ini! 😎 https://t.co/OxsuJqh4Vm",0,0,0,0,0,in
1866312242456936569,1866415430740705512,Tue Dec 10 09:31:29 +0000 2024,MNuck2,@tempodotco Minta om naga,0,0,0,0,0,et
1866312242456936569,1866413583585939498,Tue Dec 10 09:24:09 +0000 2024,Aditlasri3,"@tempodotco Minta tambah anggaran ugal-ugalan, tapi membiarkan masih banyak rakyat miskin?",0,0,0,0,0,in
1866312242456936569,1866413512450552226,Tue Dec 10 09:23:52 +0000 2024,Achmadchar27917,@tempodotco Jangan nanggung pak!! Dapat bisikan dari muljoko ya setelah dari Kertanegara??  Itulah sulitnya memelihara bekas mentri kabinet terdahulu,0,0,0,0,0,in
1866312242456936569,1866412409545728009,Tue Dec 10 09:19:29 +0000 2024,romabja,"@tempodotco Cari investor lah, katanya banyak yang antrii 🤮",0,0,0,0,0,in
1866312242456936569,1866411890789978261,Tue Dec 10 09:17:25 +0000 2024,GreenRange89644,@tempodotco Bencana alam dimana2 mending untuk bantu wilayah yg terdampak https://t.co/nTOjQXBpMU,0,0,0,0,0,in
1866312242456936569,1866411161698308528,Tue Dec 10 09:14:31 +0000 2024,pratikno_priyo,@tempodotco Bapak ini kok ikut2an temannya yang receh.,0,0,0,0,0,in
1866312242456936569,1866410910870561044,Tue Dec 10 09:13:32 +0000 2024,FirdausyMuh,"@shintaeffendi @tempodotco Emang gayanya udah pada kayak Kontol semua..berlomba lomba minta tambah anggaran, kenapa ngga pake aja yg ada..palakin tuh pengusaha2 tambang, sita semua aset2 koruptor!!!",0,0,0,0,0,in
1866312242456936569,1866410543692865776,Tue Dec 10 09:12:04 +0000 2024,DonFlamingo_,@tempodotco Ngider dlu sama mulyono sanaaaaa,0,0,0,0,0,in
1866312242456936569,1866409800227312066,Tue Dec 10 09:09:07 +0000 2024,FirdausyMuh,"@tempodotco Ntar pak, nunggu pada bayar pajak duluuu..APBN dah jebol, tekor abis di jor2in pengeluarannya sama Mulyono si pengkhianat bajingan itu😎",2,1,0,0,0,in
1866312242456936569,1866408638228926562,Tue Dec 10 09:04:30 +0000 2024,Aguslagiii,@tempodotco Orang tua diem aja,0,0,0,0,0,in
1866312242456936569,1866408272187871670,Tue Dec 10 09:03:02 +0000 2024,dragoeinside,@tempodotco Minta ke jkw... Ga usah bebanin apbn,0,0,0,0,0,in
1866312242456936569,1866407631377813641,Tue Dec 10 09:00:30 +0000 2024,DollarRahm88227,@tempodotco Mendingan dana nya buat p3mdidikan lebih bermafaat buat generasi bangsa yang kedepan akan bisa melanjutkan sekolah ke level S3,0,0,0,0,0,in
1866312242456936569,1866406896258998413,Tue Dec 10 08:57:34 +0000 2024,HendraGun88,@tempodotco Bangkrut deh negara,0,0,0,0,0,in
1866312242456936569,1866406643396919723,Tue Dec 10 08:56:34 +0000 2024,susilawati66974,"@tempodotco Kehidupan bangsa Indonesia akan berat jk sll digantungkan pd unsur ""materi,"" sejati ciri bangsa spiritual di alam tropis mengedepankn rasa kebersamaan &amp; ketenangan/hening utk menumbuhkan sikap saling bantu/melayani (beda dg ngr 4 musim) 🇲🇨
#belajarmenahandiri",0,0,0,0,0,in
1866312242456936569,1866406178600997148,Tue Dec 10 08:54:43 +0000 2024,rzkprtm__,@SSudiharjo @tempodotco 😂😂🤣🙏🏻,0,0,0,0,0,qme
1866312242456936569,1866405639825813684,Tue Dec 10 08:52:35 +0000 2024,auoquamel,@tempodotco Tekor ... 😜,0,0,0,0,0,in
1866312242456936569,1866405140363940233,Tue Dec 10 08:50:36 +0000 2024,Alwatzightebil1,"@tempodotco Katanya investor berbondong masuk,kok masih nyikat APBN lagi.
Demi selamat kan muka Jokowi ya?",0,0,0,0,0,in
1866312242456936569,1866404930191519935,Tue Dec 10 08:49:46 +0000 2024,pemujatahubulat,@tempodotco lu minta sonoh ama investment yang katanya ngantri buat proyek IKN 💩,0,0,0,0,0,in
1866312242456936569,1866404566641905668,Tue Dec 10 08:48:19 +0000 2024,sinau2024,@tempodotco Mending buat rakyat Indonesia dari pada buat ikn,0,0,0,0,0,in
1866312242456936569,1866403011523936679,Tue Dec 10 08:42:08 +0000 2024,husada_muhammad,@tempodotco Big NO !,0,0,0,0,0,en
1866312242456936569,1866402911292694965,Tue Dec 10 08:41:44 +0000 2024,eryk0106,@SSudiharjo @tempodotco Yg 11.000 T sudah masuk gorong² waktu mukidi blusukan,0,0,0,0,0,in
1866312242456936569,1866402383368249384,Tue Dec 10 08:39:38 +0000 2024,5etankredit,@tempodotco Kurang lah...yg satunya aja minta 20T,0,0,0,0,0,in
1866312242456936569,1866402155307188695,Tue Dec 10 08:38:44 +0000 2024,UmaSpriadi,"@tempodotco Sabar ya mbah,... Nanti saya kasih!",0,0,0,0,0,in
1866312242456936569,1866402144888451182,Tue Dec 10 08:38:42 +0000 2024,mamexis75,@tempodotco Proyek IKN itu memang sebuah pertaianjingan masa kini hahaha,0,0,0,0,0,in
1866312242456936569,1866402014642728981,Tue Dec 10 08:38:11 +0000 2024,PrU34h4n,"@tempodotco Ikn,, ikn,, ikn mulu,,",0,0,0,0,0,in
1866312242456936569,1866401245654835692,Tue Dec 10 08:35:07 +0000 2024,Aniiik__,@tempodotco Semoga mangkrak dan berhantu,0,0,0,0,0,in
1866312242456936569,1866400958877720679,Tue Dec 10 08:33:59 +0000 2024,Sicemol1,"@tempodotco Ikn UTANG, makan gratis NGUTANG, bayar bunga NGUTANG, oalah kok pekok",0,0,0,0,0,in
1866312242456936569,1866399448026464647,Tue Dec 10 08:27:59 +0000 2024,fras119730,@tempodotco Duit tuh apa kertas koran,0,0,0,0,0,in
1866312242456936569,1866399393299226903,Tue Dec 10 08:27:46 +0000 2024,KimiaHendra,@tempodotco Kabinet gentong babi. Isi nya babi semua. Rakusnya luar biasa.......eh,1,0,0,0,0,in
1866312242456936569,1866398973436854528,Tue Dec 10 08:26:05 +0000 2024,TeinjiDeWulf,@tempodotco Udah tua kok masih kek bajingan sih? Hadeh,0,0,0,0,0,in
1866312242456936569,1866398635682144605,Tue Dec 10 08:24:45 +0000 2024,edyibnikawhe,"@mymaymar @tempodotco Paradox... 
Negri dg SDA melimpah (minyak, emas, batubara, nikel, timah, mangan, karet, kopi, sawit dll) rakyatnya miskin masih berharap dikucur limpahan BANSOS.😓 https://t.co/dTYPPHshhz",0,1,0,0,0,in
1866312242456936569,1866398501023965225,Tue Dec 10 08:24:13 +0000 2024,Flankerchan,@tempodotco Pakai APBN ? hahahaha,0,0,0,0,0,in
1866312242456936569,1866398410225684886,Tue Dec 10 08:23:51 +0000 2024,RudiartoT78475,"@tempodotco Cuma segitu pak..? kurang lah.....nambah lgi pak, mumpung presidenya msh dibawah pengaruh mulyono....pasti dikasih..😂😂😂",0,0,0,0,0,in
1866312242456936569,1866398068503118236,Tue Dec 10 08:22:30 +0000 2024,fajar43380,@tempodotco Busyet masi halu aja mau ngebamgun,0,0,0,0,0,in
1866312242456936569,1866396295365374371,Tue Dec 10 08:15:27 +0000 2024,eddusays,"@tempodotco Sandiwara sdh dibuka dgn jls sm Aguan, msh sj mo dilanjut Drama kolosal IKN, bas² klo g ad duit jgn ngoyo,tar APBN Jebol mnding pinjm aj sm Pinjol",0,0,0,0,0,in
1866312242456936569,1866395495322787983,Tue Dec 10 08:12:16 +0000 2024,mhammam_,@tempodotco 🤓,0,0,0,0,0,qme
1866312242456936569,1866395311205453902,Tue Dec 10 08:11:32 +0000 2024,totopethul2,"@tempodotco Lho kan dikon dolek investor dewe ora iso, gagal maning..gagal maning..akhire njaluk duwik maneh nang negoro. Dhuwit gae makan awan percuma wae dipotong..cik enak'e kari njaluk gae IKN..wis ganti Persiden woi..wis ora kepekso kui nerusne IKN..jarno ae.",1,0,0,0,0,in
1866312242456936569,1866393561165693285,Tue Dec 10 08:04:35 +0000 2024,sureUjo,@tempodotco Tong,0,0,0,0,0,en
1866312242456936569,1866393134533677405,Tue Dec 10 08:02:53 +0000 2024,JaswitoD,@tempodotco Tolak!!! Tak berguna. Biar jadi sarang hantu https://t.co/yEFnUnRKGz,37,7,0,0,0,in
1866312242456936569,1866392819314905168,Tue Dec 10 08:01:38 +0000 2024,jumalikaalajeng,@tempodotco Minta grup sinarmas dan agung podomoro,0,0,0,0,0,in
1866312242456936569,1866392770518434090,Tue Dec 10 08:01:27 +0000 2024,kaiyuugyo_nc,@tempodotco Gunanya apa dilanjutin? Jadi tempat wisata?,0,0,0,0,0,in
1866312242456936569,1866391950385111153,Tue Dec 10 07:58:11 +0000 2024,PineksoRoyi1,@tempodotco Minta...minta....beliiiii....😂🤣😅,0,0,0,0,0,in
1866312242456936569,1866390729423196594,Tue Dec 10 07:53:20 +0000 2024,Ales21070844,"@tempodotco Sekedar saran pak... jangan turuti proyek IKN yang nanti kedepannya pak bas jadi korbannya ambisiusnya Mulyono jegal dikit dikit aja...pak...!!
Syukur² dananya yg diminta ga ada...jadi tertunda...!!",0,0,0,0,0,in
1866312242456936569,1866389646533669134,Tue Dec 10 07:49:02 +0000 2024,siKuruy,@tempodotco Minta 11.000T disaku Mulyono Pak,0,0,0,0,0,in
1866312242456936569,1866389523720233333,Tue Dec 10 07:48:32 +0000 2024,menuksutrisno,"@tempodotco Rakyat masih banyak yg susah.PHK dimana mana ..
Bukannya hidupkan ekonomi dulu ....
Eh malah mikirin IKN yg gak jelas....
Lucu kalian....",5,1,0,0,0,in
1866312242456936569,1866389309785567710,Tue Dec 10 07:47:41 +0000 2024,New_Fear370,@tempodotco Sayang duitnya mending dibom itu IKN,0,0,0,0,0,in
1866312242456936569,1866389266290593877,Tue Dec 10 07:47:31 +0000 2024,shintaeffendi,"@tempodotco Tambah lagi 😌
OIKN (raja juli) 27,8 + 8,1 (pak bas)?
+ PU (dody) 14,87 gt?
Nanti lewat menteri apa lagi nambahnya? 🤔 https://t.co/15t5NjTpOn",15,5,4,0,0,in
1866312242456936569,1866387398596448542,Tue Dec 10 07:40:06 +0000 2024,gani_zumenik,"@boyztuman @tempodotco Dikasih blt/sembako juga ketika waktu mau pemilu aja... Blm waktu dibagikan, sdh dirapel BLT n Sembako nyA....",0,0,0,0,0,in
1866312242456936569,1866386132734513245,Tue Dec 10 07:35:04 +0000 2024,kypherxyz,"@tempodotco Minta sama @jokowi,,!!!

Admin pekok @jokowi coba sampaikan ke junjungan mu",0,0,0,0,0,in
1866312242456936569,1866384907024687386,Tue Dec 10 07:30:12 +0000 2024,ibrahim_sammy,@SSudiharjo @tempodotco 👍👍👍,0,0,0,0,0,qme
1866312242456936569,1866384538299154494,Tue Dec 10 07:28:44 +0000 2024,Aja8Rachman,"@tempodotco IKN untuk siapa minta anggaran 8,1 triliun..untuk Mulyono kah atau golongannya.. mending untuk sekolah sekolah yg bangunannya rusak dan infrastruktur jalan jalan yg rusak  di daerah pelosok..  itu baru banyak manfaatnya tuk rakyat..",18,2,0,0,0,in
1866312242456936569,1866384497941545457,Tue Dec 10 07:28:34 +0000 2024,edisutoto38,@tempodotco IKN menganggu jalan nya perekonomian Rakyat you now..,0,0,0,0,0,in
1866312242456936569,1866383882683371784,Tue Dec 10 07:26:08 +0000 2024,DidikPrast94037,@tempodotco 🤣🤣🤣 apa gk kurang itu...,0,0,0,0,0,in
1866312242456936569,1866383660162937265,Tue Dec 10 07:25:14 +0000 2024,wingkyp,@tempodotco https://t.co/8U0d2iLcp9,0,0,0,0,0,qme
1866312242456936569,1866383349381750859,Tue Dec 10 07:24:00 +0000 2024,from_life5,"@tempodotco Gak usah di acc pak @prabowo proyek yg hnya utk citra mulyon* bukan kehendak rakyat, sementara itu uang pajak rakyat",4,1,0,0,0,in
1866312242456936569,1866382832219963781,Tue Dec 10 07:21:57 +0000 2024,rianashins,@tempodotco lo lo lo lo belum denger kabar kah Pak? https://t.co/SJKfFds959,0,0,0,0,0,in
1866312242456936569,1866382410100904043,Tue Dec 10 07:20:16 +0000 2024,Desto11879838,@tempodotco Unfaedah,0,0,0,0,0,in
1866312242456936569,1866381855240618116,Tue Dec 10 07:18:04 +0000 2024,TAlderian,@tempodotco Huuuu..,0,0,0,0,0,und
1866312242456936569,1866380816550592816,Tue Dec 10 07:13:57 +0000 2024,wagraha,@tempodotco Coba minta ke Aguan.. suruh Moelyono yang minta,0,0,0,0,0,in
1866312242456936569,1866380674074312804,Tue Dec 10 07:13:23 +0000 2024,nadiaretna,@tempodotco Investor yg antri itu pd kemana ?,0,0,0,0,0,in
1866312242456936569,1866380421111722308,Tue Dec 10 07:12:22 +0000 2024,gecolputih,@tempodotco Mundur saja pak Basuki Hadimuljono...tak ada anggaran buat IKN. Ada anggaran hanya utk program prioritas yg telah dicanangkan oleh pak Prabowo Subianto. Maaf sekedar mengingatkan saja.,0,0,0,0,0,in
1866312242456936569,1866379026245488724,Tue Dec 10 07:06:50 +0000 2024,Mharisandi,@tempodotco kenapa jd ngeribetin APBN?..,0,0,0,0,0,in
1866312242456936569,1866379021178880394,Tue Dec 10 07:06:48 +0000 2024,eagle_warriors,"@tempodotco Meras Pajak dr rakyat demi ambisi Mulyono emang keterlaluan , prioritas yang lain dl yg urgent untuk kepentingan rakyat drpd ngurusin proyek mulyono",0,0,0,0,0,in
1866312242456936569,1866378470462513597,Tue Dec 10 07:04:37 +0000 2024,zrep2024,@tempodotco Terus untuk mereka2 yg kurang beruntung piro ? https://t.co/PDcRhbPPN6,0,0,0,0,0,in
1866312242456936569,1866378364417896459,Tue Dec 10 07:04:12 +0000 2024,purwantoraharjo,@tempodotco Spt nya dulu rencananya pembangunan IKN tdk akan menggunakan APBN ya pak ???,0,0,0,0,0,in
1866312242456936569,1866377914855612907,Tue Dec 10 07:02:25 +0000 2024,katasiapalo,@tempodotco Ga penting. Ga ush dikasih.,0,0,0,0,0,in
1866312242456936569,1866377645224829385,Tue Dec 10 07:01:20 +0000 2024,AKolot1283,@tempodotco Biaya pembangunan IKN jadi monster,0,0,0,0,0,in
1866312242456936569,1866377578187214892,Tue Dec 10 07:01:04 +0000 2024,Psalm2000,"@tempodotco Dana Rp 8,1 T  tersebut lebih digunakan untuk membangun pengolahan sampah sampah busuk yg dihasilkan oleh Mulyono dan kroninya

💪💪🙏🇮🇩🇮🇩",0,0,0,0,0,in
1866312242456936569,1866376807995547901,Tue Dec 10 06:58:01 +0000 2024,sloth_wave,@tempodotco Diketawain aguwan luuuu,0,0,0,0,0,in
1866312242456936569,1866375716616683848,Tue Dec 10 06:53:41 +0000 2024,danillbebe,"@tempodotco Kenapa semua pada minta tambah ya pak @prabowo ?
Duit Indonesia banyak ya",0,0,0,0,0,in
1866312242456936569,1866375685616632231,Tue Dec 10 06:53:33 +0000 2024,AankAlfi,"@tempodotco 8.1 T bisa ciptakan lap kerja buat ngurangi pengangguran 
kalo otak bekerja tuk rakyat,pasti ad jalan",0,0,0,0,0,in
1866312242456936569,1866375599734100339,Tue Dec 10 06:53:13 +0000 2024,HardiRyan29,@tempodotco Enak amat tinggal nadah doang,0,0,0,0,0,in
1866312242456936569,1866375216697688396,Tue Dec 10 06:51:41 +0000 2024,andipadillah7,@tempodotco Apa untung nya ama rakyat di bangun nya IKN......,0,0,0,0,0,in
1866312242456936569,1866374236916625539,Tue Dec 10 06:47:48 +0000 2024,Kundi99148510,@tempodotco jalan pantura poros ekonomi pulau jawa hancur pak,0,0,0,0,0,in
1866312242456936569,1866373595347480654,Tue Dec 10 06:45:15 +0000 2024,arno2303,"@tempodotco Kalau rakyat susah cari kerja , ekonomi terpuruk, hidup serba susah. Mereka akan membuat jalan sendiri🤣",0,0,0,0,0,in
1866312242456936569,1866373324068335652,Tue Dec 10 06:44:10 +0000 2024,yudistirop,@tempodotco https://t.co/XZuOjneDyj,0,0,0,0,0,qme
1866312242456936569,1866372917686317480,Tue Dec 10 06:42:33 +0000 2024,PetaniSelatan,"@tempodotco Disaat ekonomi masyarakat masih sulit , APBN gede utangnya koq mikir IKN",0,0,0,0,0,in
1866312242456936569,1866372818407141584,Tue Dec 10 06:42:10 +0000 2024,kukuhnugraha22,@tempodotco Udah mangkrak bikin bocor kas negara pula,0,0,0,0,0,in
1866312242456936569,1866371439399698605,Tue Dec 10 06:36:41 +0000 2024,_bsutanto,"@tempodotco Jika kegoblokan merajalela di negeri ini, bukan tidak mungkin kita akan dijajah lagi. Bgm tidak lha wong setingkat Menteri bisanya minta duit. Mestinya kan datangkan investor luar negeri.",0,0,0,0,0,in
1866312242456936569,1866370492799885364,Tue Dec 10 06:32:55 +0000 2024,Ifundvm04,"@tempodotco Skip aja lah, anggaran nya ga cukup!",0,0,0,0,0,in
1866312242456936569,1866370043661205686,Tue Dec 10 06:31:08 +0000 2024,lolixgiggle,@tempodotco Dengan menaikkan ppn 12 persen yummy menyala gajiku,0,0,0,0,0,in
1866312242456936569,1866369868418974048,Tue Dec 10 06:30:26 +0000 2024,arx21,"@AgusSiswanto789 @tempodotco @prabowo ok, Bos...",0,0,0,0,0,nl
1866312242456936569,1866369238866460723,Tue Dec 10 06:27:56 +0000 2024,gowryeee,@tempodotco Infrastruktur yg blm perlu dipaksakan. Jakarta aja masih pantas jd ibukota,0,0,0,0,0,in
1866312242456936569,1866369071664759086,Tue Dec 10 06:27:16 +0000 2024,KDien24,"@tempodotco @prabowo Lupakan Duluu IKN/Luxury, Ketahanan Pangan/Mekanisasi Teknologi Alat Pertanian/Saprodi Prioritaskan Hadapi Makan Bergizi Gratis/Inflasi &amp; Bunga Hutang habis Rupiah Kita Importir Kebutuhan Pokok  tidak Ingin Kepemimpinan Dolar Tembus 20rb Up tidak bernilainya Rp/Bangsa https://t.co/JCH4KZ8X25",19,6,0,0,0,in
1866312242456936569,1866368894858141891,Tue Dec 10 06:26:34 +0000 2024,BauCongek,"@tempodotco Loh kok minta, kata mulyono udah banyak investor ngantri biji mane",0,0,0,0,0,in
1866312242456936569,1866368870673711415,Tue Dec 10 06:26:28 +0000 2024,echoPiR,@tempodotco dulu 1 negara dikibulin 1 orang 🤣 https://t.co/Nd5AC8txAB,0,1,0,0,0,in
1866312242456936569,1866368325527495048,Tue Dec 10 06:24:18 +0000 2024,leoinak,@tempodotco makin boncos aja rakyat diperas pakai mekanisme pajak.,0,0,0,0,0,in
1866312242456936569,1866368231067492797,Tue Dec 10 06:23:56 +0000 2024,rizalsuryo,@tempodotco Dikit amat cuma 8 triliun. Kemaren si pigai aja minta ampe 20 triliun cuma buat ngurus HAM.,0,0,0,0,0,in
1866312242456936569,1866367987940458901,Tue Dec 10 06:22:58 +0000 2024,JowoTenis,"@tempodotco ikn mending stop ga ada guna buat rakyat banyak ....
🙏🙏🙏",0,0,0,0,0,in
1866312242456936569,1866366933853213114,Tue Dec 10 06:18:47 +0000 2024,repoeblikan,@tempodotco Ga minta langsung ke Hari Mulyono (bokap Fufufafa)..?,0,0,0,0,0,in
1866312242456936569,1866366406784352756,Tue Dec 10 06:16:41 +0000 2024,EkoPurwanto001,@tempodotco Haha.. kok lé.. 😁,0,0,0,0,0,hu
1866312242456936569,1866365786673275364,Tue Dec 10 06:14:13 +0000 2024,taufiknugroho,@tempodotco beratt berattt,0,0,0,0,0,in
1866312242456936569,1866365753089486994,Tue Dec 10 06:14:05 +0000 2024,beatofgunz_,"@tempodotco 8,1 T itu uang nya dari pajak bukan?",0,0,0,0,0,in
1866312242456936569,1866364791092347100,Tue Dec 10 06:10:16 +0000 2024,Semi03558529,@tempodotco Katanya investor pada antre. Benar nggak sih?,0,0,0,0,0,in
1866312242456936569,1866364006304448570,Tue Dec 10 06:07:09 +0000 2024,oreo_biskuitz,"@tempodotco Angel angell ,blegedes emang",0,0,0,0,0,de
1866312242456936569,1866363909042774242,Tue Dec 10 06:06:45 +0000 2024,Sessy_dy,@Ibnurayyan2020 @tempodotco APBN...iya awalnya bilang begitu...tp buntut2nya pakai APBN udh berapa triliyun itu,0,0,0,0,0,in
1866312242456936569,1866363726309523873,Tue Dec 10 06:06:02 +0000 2024,adichans1,"@tempodotco List yang minta tambahan anggaran:l ga ngotak
1. Imin
2. Pigai
3. Basuki Hadimuljono

Lanjut",0,0,0,0,0,in
1866312242456936569,1866363702729232886,Tue Dec 10 06:05:56 +0000 2024,Sessy_dy,@tempodotco Ga ikhlas uang pajak saya buat ikn...ga ikhlaaaassssss,0,0,0,0,0,in
1866312242456936569,1866363575016771667,Tue Dec 10 06:05:26 +0000 2024,AgusSiswanto789,@arx21 @tempodotco @prabowo Lah yang saya tanyakan itu judul di media nya bukan tweet kamu... Saya juga tau tweet kamu itu dari judul media massa,0,0,2,0,0,in
1866312242456936569,1866362975185235995,Tue Dec 10 06:03:03 +0000 2024,AnakDesaa__,@tempodotco Kenapa gak ambil hasil korupsi yg 300T itu saja buat IKN dll?,0,0,0,0,0,in
1866312242456936569,1866362919606530450,Tue Dec 10 06:02:50 +0000 2024,mofabald,@tempodotco Apakah ini lebih urgen dari yg urgen?,0,0,0,0,0,in
1866312242456936569,1866362831958057018,Tue Dec 10 06:02:29 +0000 2024,andribogard,"@tempodotco Ngapain amat dah,,ga ada benefitnya buat rakyat",0,0,0,0,0,in
1866312242456936569,1866361978459246708,Tue Dec 10 05:59:05 +0000 2024,HandaliBen12382,@tempodotco Org satu ini termasuk manusia tdk peka dgn kondisi keuangan RI saat ini.,0,0,0,0,0,in
1866312242456936569,1866361847190073488,Tue Dec 10 05:58:34 +0000 2024,goliong16,"@tempodotco Wadoh jangan bicarakan IKN dulu wak, rakyat kagak butuh IKN yg rakyat butuhkan hanya Kerja &amp; Makan, tolong Sejahterakan Rakyat dulu br kerjakan yg Lain",0,0,0,0,0,in
1866312242456936569,1866361130660335818,Tue Dec 10 05:55:43 +0000 2024,BocahNd63584241,@tempodotco Buat apa IKN? Rakyat gak butuh IKN,0,0,0,0,0,in
1866312242456936569,1866360388566253604,Tue Dec 10 05:52:46 +0000 2024,oborpolo1,@tempodotco minta embah lo,0,0,0,0,0,in
1866312242456936569,1866360320295678305,Tue Dec 10 05:52:30 +0000 2024,Juno390,@tempodotco E D A N,0,0,0,0,0,ht
1866312242456936569,1866359961212911772,Tue Dec 10 05:51:04 +0000 2024,Halophylaovalis,"@tempodotco Kasihan bapak nya, terjebak dalam angan presiden sebelum nya.. 
Ya mau ga mau harus diselesaikan.",1,0,0,0,0,in
1866312242456936569,1866359713140813829,Tue Dec 10 05:50:05 +0000 2024,Rakoen25,@tempodotco rak tenan to,0,0,0,0,0,in
1866312242456936569,1866359584581156885,Tue Dec 10 05:49:34 +0000 2024,_KonohaCity_,"@tempodotco Hoi Basuki goblok. Banyak orang miskin dan kelaparan sulit melanjutkan hidup, ngapain Basuki minta tambahan anggaran?",0,0,0,0,0,in
1866312242456936569,1866359157949092200,Tue Dec 10 05:47:53 +0000 2024,GerryKuil,@tempodotco Perlu di ruqyah massal  nih negeriku kykny....,0,0,0,0,0,in
1866312242456936569,1866358836933845012,Tue Dec 10 05:46:36 +0000 2024,MoennybN,@tempodotco Katanya dulu nggak menggunakan APBN? ternyata hanya untuk membodohi rakyat!,0,0,0,0,0,in
1866312242456936569,1866358779580924033,Tue Dec 10 05:46:22 +0000 2024,SmokesOnMyHead,@tempodotco Hayoloo utk apaan bas ❓❓,1,0,0,0,0,in
1866312242456936569,1866358373484257380,Tue Dec 10 05:44:46 +0000 2024,podo_radong1,"@tempodotco pd minta tambah, 
buat maksi belom",0,0,0,0,0,in
1866312242456936569,1866358211554787713,Tue Dec 10 05:44:07 +0000 2024,NurdinTeun43682,"@tempodotco Tunda fulu pembanguman IKN klo.gak ada duitnya ,prioritas kesejatraan bangsa bukannya minta anggaran 8.1 trilyun lagi untuk menalangi ambisi jokowi yang tidak mamfaatnya bgi bangsa yang hidupnya mkin sulit.Sudah berapa trilyun habis untuk IKN dan minta   tambahan 8.1 trilyun lgi",24,1,0,0,0,in
1866312242456936569,1866358174053528052,Tue Dec 10 05:43:58 +0000 2024,dillenonly,@tempodotco Gila apa ya? Jalanan pada somplak aja dulu benerin….diratain biar gak ky naik kapal laut di jalan……persetan dgn IkN ngerasain jg kaga njirrrr….,0,0,0,0,0,in
1866312242456936569,1866357993249591384,Tue Dec 10 05:43:15 +0000 2024,Tox123x,@tempodotco Minta pada Mulyono saja.,0,0,0,0,0,in
1866312242456936569,1866357975876796808,Tue Dec 10 05:43:11 +0000 2024,fahresewa,"@tempodotco mantap pak basuki idola anak anak maba dan anak anak tiktok

maju terus pak basuki ayo gas ayo gas",0,0,0,0,0,in
1866312242456936569,1866357924400144868,Tue Dec 10 05:42:59 +0000 2024,Alfamaulana01,"@tempodotco Urgensinya apa pak kok buru2 mau dibangun. Rakyat byk yg miskin bodoh, msh tergantung bansos dan serangan fajar. Pny hati dikit pak......",0,0,0,0,0,in
1866312242456936569,1866357710427718048,Tue Dec 10 05:42:08 +0000 2024,anNOOOR90,"@tempodotco Duwite Seko ndi pakdhe?
Ngutang maneh ke China?
Apak pajak rakyat diperas lagi, dinaikkan lagi???",0,0,0,0,0,in
1866312242456936569,1866357310039400769,Tue Dec 10 05:40:32 +0000 2024,Harjin01,@tempodotco Loh katanya lebih dari 100 investor luar yg masuk ke ikn kok ini malah ngemis anggaran dari APBN?,0,0,0,0,0,in
1866312242456936569,1866357097698636253,Tue Dec 10 05:39:41 +0000 2024,beautynml,@tempodotco Pak Bas. Njenengan sampun sepuh,0,0,0,0,0,in
1866312242456936569,1866357029243367877,Tue Dec 10 05:39:25 +0000 2024,Aa363738,"@tempodotco Kenapa tak minta sama 9 naga, apbn buat kebutufan rakyat bukan buat kebutuhan jokowi",1,0,0,0,0,in
1866312242456936569,1866356808748802410,Tue Dec 10 05:38:33 +0000 2024,afatsal,"@tempodotco Boleh, mau du trf kmn?😂",0,0,0,0,0,in
1866312242456936569,1866356754482946361,Tue Dec 10 05:38:20 +0000 2024,bendungan124,@tempodotco Tempe lagi tempe lagi bosan ah,0,0,0,0,0,in
1866312242456936569,1866356322108895710,Tue Dec 10 05:36:37 +0000 2024,fr_rudin,"@tempodotco Duit nya buat makan siang gratis pak, sorry ye",0,0,0,0,0,in
1866312242456936569,1866356263455727922,Tue Dec 10 05:36:23 +0000 2024,nararya80,@tempodotco naikin pajak aja sir,0,0,0,0,0,in
1866312242456936569,1866356106043547702,Tue Dec 10 05:35:45 +0000 2024,arx21,"@AgusSiswanto789 @tempodotco @prabowo ikut judul TVONE, BOS!",0,0,1,0,0,in
1866312242456936569,1866356039437963645,Tue Dec 10 05:35:29 +0000 2024,Yaaarchive,@tempodotco Minta jokowi aja Pak itu kan proyek ambisi jokowi,0,0,0,0,0,in
1866312242456936569,1866355961696518563,Tue Dec 10 05:35:11 +0000 2024,fmaulana179,"@arx21 @tempodotco @prabowo Katanya nilai tukar Rupiah 5000 per dolar, tapi malah sampai detik ini bertengger menyentuh Rp 16000 mana jurusnya, oh gw tau ternyata pakai jurus
LU NGU TANG KE AS SING DAN ASENG https://t.co/FrqHD9NssS",1,0,0,0,0,in
1866312242456936569,1866355838031626426,Tue Dec 10 05:34:41 +0000 2024,ade_siera,"@tempodotco Sangat keliru/ ceroboh bila apbn di beri ke ikn.

Mul harus mikir tuh !!!",0,0,0,0,0,in
1866312242456936569,1866355781437980997,Tue Dec 10 05:34:28 +0000 2024,roymz_13,@tempodotco enak betul minta duit buat proyek mulyono.,2,0,0,0,0,in
1866312242456936569,1866355556220616736,Tue Dec 10 05:33:34 +0000 2024,KKampul,"@tempodotco Pak, selama ini anda kami nilai sbg org paling nalar sedunia…
Pantaskah permintaan anda?
Pikirkan sendiri, tdk perlu konsultasi kpd siapa saja yg msh sangat pamrih dlm pnggunaan pajak rakyat…
Ayolah pak, pikirkan rakyat, bukan hal2 yg dpikirkan elite.",3,0,0,0,0,in
1866312242456936569,1866355512025157708,Tue Dec 10 05:33:23 +0000 2024,charminxs,@tempodotco apbn habis ya di korupsi wkwk,0,0,0,0,0,in
1866312242456936569,1866355403086545027,Tue Dec 10 05:32:57 +0000 2024,ade_siera,"@tempodotco Sy di pembiayaan Project (Turkey project) gak berani beri suntikan dana kpd kontraktor ikn. Misal utk bangun RS sj itu butuh anggaran min 2T an,  BEP bisa 15 tahunan, itu 1 titik pekerjaan, gmn kl beberapa titik , sanggup gak kembalikan pinjaman bila lokasi sj tdk ada nilai jual",1,0,1,0,0,in
1866312242456936569,1866355016149397552,Tue Dec 10 05:31:25 +0000 2024,FitriaLenn29606,"@tempodotco Disaat rakyat lagi berjuang demi sesuap nasi, yang diatas berlomba-lomba minta tambah anggaran",0,0,0,0,0,in
1866312242456936569,1866354964295225410,Tue Dec 10 05:31:13 +0000 2024,fmaulana179,@tempodotco Masa anggarannya kecil sekali kalah sama menkum HAM yg minta Rp 20 Triliun,0,0,0,0,0,in
1866312242456936569,1866354552347431036,Tue Dec 10 05:29:35 +0000 2024,AgusSiswanto789,@arx21 @tempodotco @prabowo Kenapa tidak di tulis yang jelas saja.. HUTANG kenapa harus oleh2,1,0,1,0,0,in
1866312242456936569,1866354327478260000,Tue Dec 10 05:28:41 +0000 2024,yusi_hkz,@tempodotco https://t.co/xMZzf8K7UL,0,0,0,0,0,qme
1866312242456936569,1866353641122370002,Tue Dec 10 05:25:57 +0000 2024,ncikpartdua,"@tempodotco yaelah buang buang anggaran aja cm buat bikin candi, kita udh banyak punya candi pak",0,0,0,0,0,in
1866312242456936569,1866353249391124906,Tue Dec 10 05:24:24 +0000 2024,ranrats,"@SSudiharjo @tempodotco Dia malah ngerusak taneman warga di Jawa, segera kandangin mulyono di ikn!",1,0,0,0,0,in
1866312242456936569,1866352951306117448,Tue Dec 10 05:23:13 +0000 2024,thundderstorm,@tempodotco minta aja ke junjungan lu si mulyono,0,0,0,0,0,in
1866312242456936569,1866352813166743729,Tue Dec 10 05:22:40 +0000 2024,Jojobetako2,@tempodotco Ngapain proyek bakar duit begini lah kalau investasi jelas tempo pengembaliaannya apalagi diutamakan infrastruktur pemerintahan namanya pemerintahan semua ditanggung APBN &amp; itu duit rakyat yg terbenam dlm beton &amp;aspal kl jln tol yg traficnya padat pengembaliannya jelas kl ini ?,8,0,0,0,0,in
1866312242456936569,1866352731843424693,Tue Dec 10 05:22:21 +0000 2024,noriba01,"@tempodotco mrk sdh gak perduli kondisi rakyat, pejabat2 rakus kekuasaan.",8,0,1,0,0,in
1866312242456936569,1866352644446675311,Tue Dec 10 05:22:00 +0000 2024,pendudukitaly,@tempodotco Wkwk,0,0,0,0,0,in
1866312242456936569,1866352334324060350,Tue Dec 10 05:20:46 +0000 2024,ekakayeeee,@tempodotco Pak duit kami udah habis Pak. Mau naik berapa persen lagi pajak kami untuk bikin Ibukota yang tak berlandaskan apa-apa untuk dilakukan pemindahan Pak,0,0,0,0,0,in
1866312242456936569,1866352109614174488,Tue Dec 10 05:19:52 +0000 2024,negerikucinta1,"@tempodotco Ini Basuki siapa sih.,.",0,0,0,0,0,in
1866312242456936569,1866351829724131487,Tue Dec 10 05:18:46 +0000 2024,G_Junaidi,"@tempodotco Legacy mulyono, yang bayar kita semua. 💩😂",0,0,0,0,0,in
1866312242456936569,1866351732978307164,Tue Dec 10 05:18:22 +0000 2024,Ibnurayyan2020,"@tempodotco Kalo ga salah ada yg bilang IkN ga make apbd ya’  apa sekarang cuma ladang proyel oligarki aja ya? Artinya pemerintah bayar ke pengembang yg udah ditunjuk. Inget ya pak basuki, itu uang rakyat, harus untuk kebutuhan rakyat",2,0,2,0,0,in
1866312242456936569,1866351664665694251,Tue Dec 10 05:18:06 +0000 2024,AzzahraYasmin21,"@tempodotco Makan gratis aja budget nya menyusut 
Kok malah buat nambahin anggaran IKN 
IKN ...ibu kota NEBENG ..soalnya gak jelas statusnya 🤣🤣🤣

Abis dibongkar sama gerombolan naga yg sudah eneg sama #mulyono dg PARCOK nya...akhirnya rakyat yakin kalo MULYONO TUKANG TIPU https://t.co/bUTASbEGEa",0,0,0,0,0,in
1866312242456936569,1866351174846492733,Tue Dec 10 05:16:09 +0000 2024,EkoApan,"@tempodotco Jgn kasih bos @prabowo @bang_dasco , anda jerja banting tulang cr duit utk negara, utang menggunung...efisiensi lah, kasihan fresiden dan RAKYAT",0,0,0,0,0,in
1866312242456936569,1866350323180474555,Tue Dec 10 05:12:46 +0000 2024,ndul_cwo,@tempodotco Kok sitik..iso mari ta,0,0,0,0,0,in
1866312242456936569,1866350266322473196,Tue Dec 10 05:12:33 +0000 2024,25MIQ25,"@tempodotco Rakyat banyak yg kelaparan,,,, jalan jalan di pedesaan banyak yg belum di aspal.... Jangan mikirin dulu IKN , benahi jalan jalan  dan sekolah sekolah yg ga layak seluruh Indonesia sangat cukup dengan 8,1 T",6,0,0,0,0,in
1866312242456936569,1866350063578140898,Tue Dec 10 05:11:44 +0000 2024,Xeo_Logic,"@tempodotco Saya sdah dpet bocoran info (A1) nya kok, pak  Bas.
Soal ada yg nyuruh minta tambahan anggaran 8,1 trilyun itu. 
anda jgn terlalu berani pake jurus ""Aji Mumpung"", mentang² pemimpinnya agak polos² lugu.
jgn dikira kasus² yg anda simpen rapat² itu akan aman.

camkan..! @KemenPU",1,0,0,0,0,in
1866312242456936569,1866349549994095060,Tue Dec 10 05:09:42 +0000 2024,ucokata,@tempodotco Lgi susah ni. Daya beli lgi hancur gini. Pejabat² apa gak pernah jajan ke kalangan middle low gtu. Biar tau masalah skrg,0,0,0,0,0,in
1866312242456936569,1866349039257849863,Tue Dec 10 05:07:40 +0000 2024,oksanajp,"@tempodotco Can I ask for don't raise the PPN? 
Cause, you guys ask a lot of money too",0,0,0,0,0,en
1866312242456936569,1866348951575880028,Tue Dec 10 05:07:19 +0000 2024,HalomoanHa91790,"@tempodotco Prabowo kudu tandatangani dulu keppres pemindahan ibu kota IKN, baru dapat tambahan anggaran",0,0,0,0,0,in
1866312242456936569,1866348722344558599,Tue Dec 10 05:06:25 +0000 2024,_massjawaa,@SSudiharjo @tempodotco Iya ternyata pinokio solo cuma omong kosong 🤣🙏,3,0,0,0,0,in
1866312242456936569,1866348120227172791,Tue Dec 10 05:04:01 +0000 2024,RahmanKary27256,@tempodotco Sebaiknya proyek IKN itu tidak usah dilanjutkan karna menurut kami percuma karna seyogyanya proyek IKN bukanlah untuk kepentingan rakyat melainkan bisnis semata tentunya yg hanya menguntungkan pihak tertentu...,9,0,0,0,0,in
1866312242456936569,1866348022151676280,Tue Dec 10 05:03:38 +0000 2024,apaytalemponk,@tempodotco Minta ama jokowi aj. Taik bgt lu minta apbn,0,0,0,0,0,in
1866312242456936569,1866347659080159716,Tue Dec 10 05:02:11 +0000 2024,ridhomuttaqin03,"@tempodotco Ra usah dike i,nggo guru wae 🤣🤣🤣",0,0,0,0,0,in
1866312242456936569,1866347313163362689,Tue Dec 10 05:00:49 +0000 2024,rio_son_of_odin,@tempodotco desa2 terpencil masih lebih butuh dibandingkan ngurusin ikn,1,1,0,0,0,in
1866312242456936569,1866347183525728397,Tue Dec 10 05:00:18 +0000 2024,Kempa24739957,"@tempodotco Tambah ?? kata prabowo ""tambah Ndas mu !!""",0,0,0,0,0,in
1866312242456936569,1866346960514593103,Tue Dec 10 04:59:25 +0000 2024,qwertext,"@tempodotco Lah bapak mending pensiun biar namanya harum pak, kalau seperti ini jadi bemper Mulyono bakalan di rujak netizen",0,0,0,0,0,in
1866312242456936569,1866346559908302956,Tue Dec 10 04:57:49 +0000 2024,chakimbill,@tempodotco Kapan Basuki ditangkap?? Kan dia banyak merugikan APBN,13,1,0,0,0,in
1866312242456936569,1866346551309996036,Tue Dec 10 04:57:47 +0000 2024,Yanzswg,@tempodotco Siap² Pengeretan rakyat via pajak,0,0,0,0,0,in
1866312242456936569,1866346484867928171,Tue Dec 10 04:57:31 +0000 2024,AGENDA21_EXPOSE,"@tempodotco Maaf, itu tanggung jawab Mulyono.
Biar Mulyono yang biayai dengan meminta para pejabat yang terlibat korupsi",8,1,0,0,0,in
1866312242456936569,1866346354672640282,Tue Dec 10 04:57:00 +0000 2024,bfitrikananda,"@tempodotco Dahulukan gedung dpr p Bas, biar mereka segera pindah ke IKN, bisa lebih dekat mengawasi pemerintah...",1,0,0,0,0,in
1866312242456936569,1866344329381654735,Tue Dec 10 04:48:57 +0000 2024,ilhamakbar_3,@tempodotco Dulu katanya tdk mau membebani APBN. Gak lama dr itu katanya cuma sekian puluh triliun. Sekarang mau minta lagi...,2,0,0,0,0,in
1866312242456936569,1866343871904690193,Tue Dec 10 04:47:08 +0000 2024,arx21,"@tempodotco Setelah Pak @prabowo keliling dunia bawa ""oleh-oleh"" Rp. 294 T, eh ada  ""orang"" yg tinggal minta 8,1 T buat IKN... 😂 I K N... 🤣🤣 https://t.co/fOmUVTcZJK",13,2,2,0,0,in
1866312242456936569,1866343655768023400,Tue Dec 10 04:46:17 +0000 2024,Redgerbil5,"@tempodotco Libur dulu Mbah, nanti 2026 dikasihnya.",0,0,0,0,0,in
1866312242456936569,1866343551409537488,Tue Dec 10 04:45:52 +0000 2024,Partikellirs,"@tempodotco sebab lirikan fahri hamzah dan pak caniago tu dibelakang mengandung maknaa, PKS aja habis dikerjainya 🤣🤣🤣",0,0,0,0,0,in
1866312242456936569,1866343547584307258,Tue Dec 10 04:45:51 +0000 2024,WongIndonesiaOK,@tempodotco Sdh pending aja sampai ini negara masuk dalam kategori negara kaya...negara miskin tapi byk tingkah...ibarat kondisi Mulyono skrg...pengangguran tapi banyak acara 🤣,0,0,0,0,0,in
1866312242456936569,1866343463383642404,Tue Dec 10 04:45:31 +0000 2024,ikan_mainan,@tempodotco 🥵,1,0,0,0,0,qme
1866312242456936569,1866343276489703830,Tue Dec 10 04:44:46 +0000 2024,Partikellirs,"@tempodotco waahh pak hadi juga butuh top up dana tiap belanja pasti dapat cashback dan pocer nih, mudah mudahan KPK RI juga serius disini, masak gak ada apa apanya ??",0,0,1,0,0,in
1866312242456936569,1866343075666415758,Tue Dec 10 04:43:58 +0000 2024,AFC_nemo,@tempodotco Minta mulyono aja pak,0,0,0,0,0,in
1866312242456936569,1866342365084172529,Tue Dec 10 04:41:09 +0000 2024,Ardhi_addhi,@tempodotco Kagak ada duit,0,0,0,0,0,in
1866312242456936569,1866342210209460498,Tue Dec 10 04:40:32 +0000 2024,yo2k_k,@tempodotco Duit rakyat dipakai buat yang sesungguhnya tidak dibutuhkan rakyat.,6,1,0,0,0,in
1866312242456936569,1866341750551544074,Tue Dec 10 04:38:42 +0000 2024,justr1mja,"@tempodotco 2025 ada beban makan siang gratis, ini plus IKN wkwk, situ enak tinggal minta..

rakyat nohh yang bayarr",3,0,0,0,0,in
1866312242456936569,1866341725717025210,Tue Dec 10 04:38:37 +0000 2024,PepepPermana,@tempodotco Tukang motret unfaedah,0,0,0,0,0,in
1866312242456936569,1866341717563322658,Tue Dec 10 04:38:35 +0000 2024,idris_abdu21239,@tempodotco Jng dikasih lbh baik keprogram pertanian,0,0,0,0,0,in
1866312242456936569,1866341370824380903,Tue Dec 10 04:37:12 +0000 2024,SyukurOumo2,@tempodotco Pak bas. Sebaiknya anda minta ke @jokowi,0,0,0,0,0,in
1866312242456936569,1866341270635044976,Tue Dec 10 04:36:48 +0000 2024,justdoubleF,@tempodotco Giliran rakyat minta subsidi Bbm dan kebutuhan pokok susahnya minta ampun..berbagai alasan dikemukakan para ahli agar subsidi utk rakyat dicabut,0,0,0,0,0,in
1866312242456936569,1866338874831839712,Tue Dec 10 04:27:17 +0000 2024,xyz07629305,@tempodotco demi menjaga muka jokowi kalau kata aguan,12,0,0,0,0,in
1866312242456936569,1866337159894249693,Tue Dec 10 04:20:28 +0000 2024,AndykYoi,@tempodotco Sikat pak.. Mumpung masih ada umur dan kesempatan 🤣,0,0,0,0,0,in
1866312242456936569,1866336505297539101,Tue Dec 10 04:17:52 +0000 2024,almachzumi,"@tempodotco Minta harta Jokowi pak, biar jual tanah solo pindah ke ikn raja jawa jadi raja hutan ikn",0,0,0,0,0,in
1866312242456936569,1866336246848749632,Tue Dec 10 04:16:50 +0000 2024,kuwukebonsuwung,"@tempodotco Minta ke mulyono pak , dia punya 11.000 Triliun",1,0,0,0,0,in
1866312242456936569,1866335915955908906,Tue Dec 10 04:15:31 +0000 2024,massukis17,@tempodotco KASIH ❗,0,0,0,0,0,in
1866312242456936569,1866334967007154301,Tue Dec 10 04:11:45 +0000 2024,musyaffa2013,@tempodotco IKN JEMBUT,0,0,0,0,0,in
1866312242456936569,1866334361102299482,Tue Dec 10 04:09:21 +0000 2024,wahyu_b0rne0,@tempodotco Tenang pak ada 9 naga diasana.. https://t.co/EVbuPDV8i3,0,0,0,0,0,in
1866312242456936569,1866333195916226677,Tue Dec 10 04:04:43 +0000 2024,masih_kuliah,@tempodotco Duid segitu mending buat byr utang aja.,1,0,0,0,0,in
1866312242456936569,1866333193382858846,Tue Dec 10 04:04:42 +0000 2024,pms_bf,"@tempodotco i juga nih minta satu milyar saja buat bangun rumah dan kampung...
@kemenkeu
#TimnasDay struick https://t.co/EAEm4xbgLs",0,1,0,0,0,in
1866312242456936569,1866332356711448846,Tue Dec 10 04:01:23 +0000 2024,anakodok2009,@tempodotco Minta ama mulyono sana. Setuju kan,3,0,0,0,0,in
1866312242456936569,1866332354488459389,Tue Dec 10 04:01:22 +0000 2024,GendralMudirman,@tempodotco https://t.co/EAED7urpQJ,0,0,0,0,0,qme
1866312242456936569,1866332331684044801,Tue Dec 10 04:01:17 +0000 2024,DADIFIR27587251,"@tempodotco Negara defisit msh aja danain IKN, aneh emang",0,0,0,0,0,in
1866312242456936569,1866332297890586974,Tue Dec 10 04:01:09 +0000 2024,aryadasatra,@tempodotco cuih,0,0,0,0,0,in
1866312242456936569,1866331928405893502,Tue Dec 10 03:59:41 +0000 2024,alyridho07,@tempodotco Kayaknya #mentrinyajokowiHAMAPARASIT bagi praroro ya ga sih..🤣,1,0,0,0,0,in
1866312242456936569,1866331187842826671,Tue Dec 10 03:56:44 +0000 2024,vamana_awatara,@tempodotco Paling yang terealisasi malah setengahnya,0,0,0,0,0,in
1866312242456936569,1866330929301692923,Tue Dec 10 03:55:42 +0000 2024,Doni_Herdians,@tempodotco Hmh... 😜,0,0,0,0,0,und
1866312242456936569,1866327902297710806,Tue Dec 10 03:43:41 +0000 2024,mymaymar,"@tempodotco Masih banyak sektor lain yg lbh urgent utk digarap dibandingkan ikn, wahai para pengurus negeri... https://t.co/MpcQIJY1Fi",52,5,2,0,0,in
1866312242456936569,1866327509354344752,Tue Dec 10 03:42:07 +0000 2024,syafi_tawakarun,@tempodotco Wilayah pesisir Jawa tengah banyak abrasi warga berjuang sendiri dengan donasi swasta.,1,0,0,0,0,in
1866312242456936569,1866327419684290625,Tue Dec 10 03:41:46 +0000 2024,ar1fd3rmawan,@tempodotco Bisa buat nambah makan bergizi gratis dari 10 ribu ke 15 ribu,0,0,0,0,0,in
1866312242456936569,1866326308030169360,Tue Dec 10 03:37:21 +0000 2024,kkl988,@tempodotco Satu lagi yg minta nambah...😫😁,0,0,0,0,0,in
1866312242456936569,1866325592930672977,Tue Dec 10 03:34:30 +0000 2024,BudionoTeguh30,@tempodotco monggo,0,0,0,0,0,in
1866312242456936569,1866324954461118493,Tue Dec 10 03:31:58 +0000 2024,kebo_ijo_reborn,"@tempodotco Rakyat cuma minta turunin tarif pajak tapi gak ada yang mau dengerin 

Woiiiii @prabowo rakyat lo udah sesak nafas ini..... Dengerin lah",4,0,0,0,0,in
1866312242456936569,1866324701079040115,Tue Dec 10 03:30:58 +0000 2024,wan_vice,"@SSudiharjo @tempodotco Ok, siap..
🕵‍♀",0,0,0,0,0,in
1866312242456936569,1866324371289285081,Tue Dec 10 03:29:39 +0000 2024,wan_vice,"@MT93990025 @tempodotco IKN ?
Itu Kan Ngeyel.",1,0,0,0,0,in
1866312242456936569,1866323309954212254,Tue Dec 10 03:25:26 +0000 2024,SSudiharjo,"@tempodotco Minta ma mukyono tuh 11.000T blm kepake,msh tersimpan rapi di kantong mulyono",71,2,6,0,0,in
1866312242456936569,1866322424868032875,Tue Dec 10 03:21:55 +0000 2024,musafir_papa,"@tempodotco Abaikan dulu IKN.
Ada yg lebih urgen, anggaran untuk pendidikan, kesehatan dan petani serta nelayan.",9,0,0,0,0,in
1866312242456936569,1866321720497582496,Tue Dec 10 03:19:07 +0000 2024,MT93990025,"@tempodotco Harusnya ekonomi yg udah ancur""an daya beli msyrakat anjlok, PHK luar biasa dan lapangan kerja bgtu sulit ini yg hrs diprioritas..bukannya IKN",99,11,2,0,0,in
1866312242456936569,1866321616265003103,Tue Dec 10 03:18:42 +0000 2024,boyztuman,"@tempodotco Pejabat mulu yg minta, giliran rakyat yg minta dicuekkin. Didengerin juga kaga",2,0,1,0,0,in
1866312242456936569,1866321310902825455,Tue Dec 10 03:17:29 +0000 2024,sinyo_tony,"@tempodotco jangan dikasih Pak....🤣
ini para mentri lg ngetrend ya pd minta tambahan anggaran ? pd tau aja presidennya br dpt utangan hbis muter-muter...",3,1,0,0,0,in
1866312242456936569,1866320906102222890,Tue Dec 10 03:15:53 +0000 2024,VladisVya,"@tempodotco Keep asking. We’d love to see you beg, down on your knees…",0,0,0,0,0,en
1866312242456936569,1866319404587475145,Tue Dec 10 03:09:55 +0000 2024,si_umbi,"@tempodotco mending utk ngasih makan anak skolah, pak bas",0,0,0,0,0,in
1866312242456936569,1866319212173812186,Tue Dec 10 03:09:09 +0000 2024,PekPekok,@tempodotco UUD,0,0,0,0,0,und
1866312242456936569,1866318134464196667,Tue Dec 10 03:04:52 +0000 2024,lobaKaheureui,@tempodotco Kata bos taipan ratusan investor di IKN hanyalah pepesan KOSONG.,44,1,0,0,0,in
1866312242456936569,1866317706661904464,Tue Dec 10 03:03:10 +0000 2024,aGusDurian1,"@tempodotco Kalau minta triliunan APBN enak saja, seperti mau beli es teh.",1,0,0,0,0,in
1866312242456936569,1866317587166183607,Tue Dec 10 03:02:41 +0000 2024,PakGhie,"@tempodotco Mending buat naekin gaji guru kita yg masih dibawah standar.. jangan di prank terus, mau maju kek Singapura ngga?!",1,0,0,0,0,in
1866312242456936569,1866312242456936569,Tue Dec 10 02:41:27 +0000 2024,tempodotco,"Basuki Hadimuljono Minta Tambahan Anggaran Rp 8,1 Triliun untuk Pembangunan IKN pada 2025
https://t.co/ZInrqsl3eM",364,103,416,0,0,in
1797598812497932792,1802300983432618211,Sun Jun 16 11:23:34 +0000 2024,AbuYamim,"@jokowi Kasihan P.Dony...ini yg akan terus menjadi isu berakhir dgn bullying...
Faktanya beliau mengundurkan diri..BUKAN DI BERHENTIKAN...",0,0,0,0,0,in
1797598812497932792,1801855411538301335,Sat Jun 15 05:53:01 +0000 2024,budihasan,@jokowi Lebih baik ibukota tetap berada di jakarta saja,0,0,0,0,0,in
1797598812497932792,1800878092241829916,Wed Jun 12 13:09:30 +0000 2024,refadzliza,@AgnesSimatupa11 @jokowi Mereka bahagia.. Krn hrtanya aman sampe 7turunan,0,0,0,0,0,in
1797598812497932792,1799940451757420821,Sun Jun 09 23:03:39 +0000 2024,altokhi,@jokowi https://t.co/IkLes2LqGQ,0,0,0,0,0,qme
1797598812497932792,1799474403811705073,Sat Jun 08 16:11:45 +0000 2024,pk_itam,"@KowuLaode341884 @jokowi Teriak2.ijazah palsu smpai mnggugat k pngadilan..giliran GK BS bktiin,mehek2 Minta Jokowi dihadirkn..ap gk gila nmanya..dia yg nuntut dia yg maksa..mnta ngeluarin bukti..yg kyk GT di ikutin ..MK ny belajar agama yg bener bro..bkn ngikutin pngajian GK jlas yg isiny cm propokasi..",0,0,0,0,0,in
1797598812497932792,1799257061899063458,Sat Jun 08 01:48:06 +0000 2024,satrio_rchmzn,"@Juzt_huda03 @KowuLaode341884 @jokowi Wkwkwkw
Setuju",0,0,0,0,0,in
1797598812497932792,1799256976092016983,Sat Jun 08 01:47:46 +0000 2024,satrio_rchmzn,"@KowuLaode341884 @jokowi Klu ga paham soal sistem keuangan negara, jgn sok paham bg, bagus abg belajar lagi, banyak baca soal utang negara, baru komentar",0,0,0,0,0,in
1797598812497932792,1799188970418672055,Fri Jun 07 21:17:32 +0000 2024,putih1721,@KowuLaode341884 @pk_itam @jokowi Dia hanya g mau trima kenyataan hehehe,0,0,0,0,0,in
1797598812497932792,1799187296190927324,Fri Jun 07 21:10:53 +0000 2024,YaniHer67444263,@Duren___ @jokowi Masak iya sampai nggak digaji 11 bulan ? Bukankah untuk para pejabat yg ditugaskan kerja diluar jawa itu ada tunjangan kemahalan yg kadang tunjangannya lbh besar dari gaji bulanannya. Kok bisa sampai nggak terima gaji 11 bulan ? Berarti yg nggak beres bag urusan gajinya,0,0,0,0,0,in
1797598812497932792,1799083594264256652,Fri Jun 07 14:18:48 +0000 2024,KowuLaode341884,@pk_itam @jokowi Kamu yang goblok coba perhatikan dua orang itu apakah keduanya sama? Goblok,0,0,1,0,0,in
1797598812497932792,1799005618512281803,Fri Jun 07 09:08:58 +0000 2024,pk_itam,"@KowuLaode341884 @jokowi Lah kok marah 😆😀..klo anda pnya pnilaian,sy jg pnya pnilaian dong..sbegitu ny anda mnilai orng...apa itu nmany klo bkn kbencian..oh..silahkn anda mlakkn pelacakan..anda hrs bntu..tuh si gusnur dn tmn nya itu.👎.cm itu bkn korban pak..korban kebodohan diri sndri namanya😀😆",0,0,1,0,0,in
1797598812497932792,1798977102802510308,Fri Jun 07 07:15:39 +0000 2024,pln_123,"@Cyberwatch0611 @KemenBUMN @erickthohir @Cyberwatch0611 menghubungi Contact Center 123. Semoga Kakak sehat selalu. Agar semua makin mudah, ayo download aplikasi New PLN Mobile di Play Store atau Apps Store. Tks –Ida (7/7)",0,0,0,0,0,in
1797598812497932792,1798977095022105060,Fri Jun 07 07:15:37 +0000 2024,pln_123,"@Cyberwatch0611 @KemenBUMN @erickthohir @Cyberwatch0611 Jika terdapat keluhan kelistrikan dan Kakak tidak mendapatkan surat pemberitahuan, Kakak dapat melapor secara mandiri di aplikasi PLN Mobile pada menu Pengaduan atau dapat  (6/7)",0,0,1,0,0,in
1797598812497932792,1798977068769960186,Fri Jun 07 07:15:31 +0000 2024,pln_123,@Cyberwatch0611 @KemenBUMN @erickthohir @Cyberwatch0611 melalui akun resmi media sosial PLN123 yaitu di story Facebook dan Instagram dan pemadaman akibat gangguan kelistrikan yang tidak dapat diprediksi oleh pihak PLN. (5/7),0,0,1,0,0,in
1797598812497932792,1798977054643491138,Fri Jun 07 07:15:27 +0000 2024,pln_123,"@Cyberwatch0611 @KemenBUMN @erickthohir @Cyberwatch0611 pemadaman oleh PLN ke Pejabat Setempat (RT/RW) atau Informasi pemadaman terencana dapat juga dilihat di Aplikasi PLN Mobile pada fitur ""pemberitahuan"" atau (4/7)",0,0,1,0,0,in
1797598812497932792,1798977030215942635,Fri Jun 07 07:15:22 +0000 2024,pln_123,"@Cyberwatch0611 @KemenBUMN @erickthohir @Cyberwatch0611 Sebagai tambahan informasi, terdapat 2 jenis pemadaman, yaitu pemadaman dikarenakan pemeliharaan kelistrikan dan akan diberikan surat pemberitahuan (3/7)",0,0,1,0,0,in
1797598812497932792,1798977023714660788,Fri Jun 07 07:15:20 +0000 2024,pln_123,"@Cyberwatch0611 @KemenBUMN @erickthohir @Cyberwatch0611 keterbatasan dalam menjawab. Untuk kemudahan dan kecepatan akses layanan PLN, Kakak juga dapat melapor melalui Aplikasi PLN Mobile pada menu Pengaduan. (2/7)",0,0,1,0,0,in
1797598812497932792,1798977006044090437,Fri Jun 07 07:15:16 +0000 2024,pln_123,"@Cyberwatch0611 @KemenBUMN @erickthohir @Cyberwatch0611 Baik Kakak, mohon maaf kami baru bisa merespon dikarenakan keluhan Kakak masuk dalam antrian sehingga kami memiliki (1/7)",0,0,1,0,0,in
1797598812497932792,1798860375544512585,Thu Jun 06 23:31:49 +0000 2024,teguhsentosa49,"@JaKarta73869289 @Yopiluthfi2 Dan paling buat counter issue dikerahkan jasa buzzer. Udah gak rahasia umum itu mah, buzzer yg lakukan mana perduli soal baik/buruk yg penting cuan..",0,0,0,0,0,in
1797598812497932792,1798828258018181285,Thu Jun 06 21:24:11 +0000 2024,TitaMar80993092,@hutapeacpg @AriefOpg @jokowi @ListyoSigitP Wkwk make Nye tumpul 😂😂😂,0,0,0,0,0,in
1797598812497932792,1798786353334980879,Thu Jun 06 18:37:41 +0000 2024,Besteuni,@Duren___ @jokowi Komen provokator dari koalisi loser semua nih.. gak ngaruh lah.. Para loser sedang menghibur diri ya..🤣🤣😂,0,0,0,0,0,in
1797598812497932792,1798695452910698513,Thu Jun 06 12:36:28 +0000 2024,KowuLaode341884,@pk_itam @jokowi Emangnya saya benci siapa pak idiot saya hanya melacak kebenaran karena ijazah misterius itu sdh banyak memakan korban dan kalau ada seorang berkarakter manusia saya akan heran kalau menghalangi pelacakan ini.,0,0,1,0,0,in
1797598812497932792,1798665085973578088,Thu Jun 06 10:35:48 +0000 2024,Cyberwatch0611,"@pln_123 @KemenBUMN @erickthohir Untuk saat ini sudah menyala.
Tapi ntah nanti, besok atau lusa..",0,0,1,0,0,in
1797598812497932792,1798664227567362170,Thu Jun 06 10:32:24 +0000 2024,pk_itam,"@KowuLaode341884 @jokowi Sebaik nya anda brbaik sngka aj.sblm anda mmbuktikn sndri kbnaran nya..jgn prnah bawa hdp kt hnya dgn ikut2 an ,mncerca dn mnuduh orng tnpa ssuatu yg jlas..ngpain sih msti benci2 amat sm orng..kt TDK mngkn mngubah dunia ini..brbuat aj ap yg bs kt bwt utk orng lain..emng mau ap..?",0,0,1,0,0,in
1797598812497932792,1798653006466142255,Thu Jun 06 09:47:48 +0000 2024,pln_123,"@Cyberwatch0611 @KemenBUMN @erickthohir @Cyberwatch0611   Utk kondisi saat ini apakah masih padam? Jika masih, Kk dpt infokan alamat lengkap
&amp;no.tlp menghubungi via DM/melapor melalui Aplikasi PLN Mobile pilih Menu Pengaduan.Mimin menunggu konfirmasi lebih lanjut ya. Tks-Fitria(2/2)",0,0,1,0,0,in
1797598812497932792,1798652990653690329,Thu Jun 06 09:47:44 +0000 2024,pln_123,"@Cyberwatch0611 @KemenBUMN @erickthohir @Cyberwatch0611   Hai Kak, mhn maaf y Kak mimin baru bisa merespon dikarenakan keluhan Kk masuk dalam antrian sehingga mimin memiliki keterbatasan dalam menjawab. (1/2)",0,0,0,0,0,in
1797598812497932792,1798561680563360251,Thu Jun 06 03:44:54 +0000 2024,pln_123,"@dydyaa2 @jokowi @_pln_id @erickthohir @YLKI_ID @ylkijambi @dydyaa2  Halo Kak Dya, mohon maaf perihal keluhan yang kakak kirimkan via dm telah admin tindak lanjuti. Mohon kesediaannya melakukan melakukan pengecekkan Kembali pada dmnya ya Kak.

Agar semua makin mudah, ayo download aplikasi New PLN Mobile. Thanks-Elfira",0,0,0,0,0,in
1797598812497932792,1798560513326264528,Thu Jun 06 03:40:16 +0000 2024,InderaPard26908,@jokowi Pantessn gencar Tapera,0,0,0,0,0,in
1797598812497932792,1798559979177423065,Thu Jun 06 03:38:09 +0000 2024,InderaPard26908,@Duren___ @jokowi Mukijo otak di Dengkul.,1,0,0,0,0,in
1797598812497932792,1798539376932294947,Thu Jun 06 02:16:17 +0000 2024,KowuLaode341884,@imeldaindriast1 @DhannyAgus29159 @jokowi Berarti anda pemakan pajak,0,0,0,0,0,in
1797598812497932792,1798539179804225848,Thu Jun 06 02:15:30 +0000 2024,KowuLaode341884,@Juzt_huda03 @donkobar_a1 @jokowi Tololmu negara yang membebani saya karena saya bayar pak goblok atau anda idiot kalau saya tidak perduli dengan negeri ini hari ini saya tak akan tahu bahwa anda seorang goblok lalu kenapa doa jd RI 1 tanya dia kalau tanya saya jawabannya karena TIPU2 goblok,0,0,0,0,0,in
1797598812497932792,1798517116594954656,Thu Jun 06 00:47:50 +0000 2024,hutapeacpg,@TitaMar80993092 @AriefOpg @jokowi @ListyoSigitP Wkwkwk...Bukan Jadi Rahasia Umum lagi..Sudah Jadi kenyataan dan diakui oleh Dunia.,0,0,1,0,0,in
1797598812497932792,1798508218014175311,Thu Jun 06 00:12:28 +0000 2024,TitaMar80993092,@AriefOpg @hutapeacpg @jokowi @ListyoSigitP Hahahaha bubarin SJ y ngurangi pengeluaran APBN,0,0,0,0,0,in
1797598812497932792,1798508030121894242,Thu Jun 06 00:11:43 +0000 2024,TitaMar80993092,@hutapeacpg @AriefOpg @jokowi @ListyoSigitP Wkwk polisi Kita gembul2 🤣🤣🤣,0,0,1,0,0,in
1797598812497932792,1798493771631653075,Wed Jun 05 23:15:04 +0000 2024,hutapeacpg,@AriefOpg @TitaMar80993092 @jokowi @ListyoSigitP Berat sich percaya sama Big Boss si Cokelat..yg makin lama makin nambah timbangan bodyny..wkwk,0,0,1,0,0,in
1797598812497932792,1798487096510029941,Wed Jun 05 22:48:32 +0000 2024,rahmatibnutahi1,@jokowi Nggak kebayang 11 bln dia tahan tdk d gaji trus pegawainya d sana juga nggak nerima gaji dan dia d minta gajinya.,0,0,0,0,0,in
1797598812497932792,1798416794362978305,Wed Jun 05 18:09:11 +0000 2024,BarunaKharno,"@Aryprasetyo85 @jokowi Ilmu hitung bambang jenius dia tau nggak ada dana,, atau merasa berdosa  negara memeras rakyat habis habis San,, bambang masih punya hati",0,0,0,0,0,in
1797598812497932792,1798383679309484137,Wed Jun 05 15:57:36 +0000 2024,AriefOpg,@hutapeacpg @TitaMar80993092 @jokowi @ListyoSigitP Memangnya masih percaya sama @ListyoSigitP ?,0,0,2,0,0,in
1797598812497932792,1798373482201571708,Wed Jun 05 15:17:04 +0000 2024,Alfiansyahfahri,@todosianipar71 @johanitugue @jokowi @DeliSerdang_Kab Deliserdang mah gak ada perkembangan sama sekali bos.. Aku juga deli Serdang.,1,0,0,0,0,in
1797598812497932792,1798372433025728823,Wed Jun 05 15:12:54 +0000 2024,Juzt_huda03,@KowuLaode341884 @donkobar_a1 @jokowi Kalau dia tidak sekolah knp bisa jadi R1. Sedangkan kamu yg bersekolah masih jadi beban negara😪😪,1,0,2,0,0,in
1797598812497932792,1798357808154587595,Wed Jun 05 14:14:47 +0000 2024,KowuLaode341884,@pk_itam @jokowi Loe tidak lihat cara merangkai kalimat ijazah palsu itu tanpa ada kabar itu saya bisa pastikan bahwa dia tidak pernah sekolah apa lagi mengaku sarjana dia tidak miliki keahlian dalam berbicara pada hal kata Ir dari UGM lagi. Saya tidak berdaya ada seorang sarjana begitu modelnya,0,0,1,0,0,in
1797598812497932792,1798345285061754887,Wed Jun 05 13:25:02 +0000 2024,KiongTheKing1,@ijolnain @taufant8458535 @jokowi @pln_123 Salute pak👍🏻,1,0,0,0,0,tl
1797598812497932792,1798343073824653813,Wed Jun 05 13:16:15 +0000 2024,sgits1,"@retnosetyow4t @jokowi Wah, sudah kebal dia kupingnya, liat aja srkelilingnya siapa",1,0,0,0,0,in
1797598812497932792,1798339469097230517,Wed Jun 05 13:01:55 +0000 2024,Pasgor_16b,"@jokowi Kapan bapak datang ke Sumut melihat kebobrokan PLN yg skrg tiap hari mengalami pemadaman.

Rakyat Sumut sgt menunggu kehadiran bapak, maaf ...janganlah datang hny utk main2 dgn cucu ke mall, tapi tlg periksa itu pelayanan PLN. 
Trimakasih
🙏",6,3,0,0,0,in
1797598812497932792,1798335519300207083,Wed Jun 05 12:46:13 +0000 2024,pk_itam,"@KowuLaode341884 @jokowi Ngaco aj ,.. bilang trbukti.!.!,ngpain ngotot,.. minta jokowi di hadirkn klo mmng udah terbukti...parah loe.!.!orng sedeng /si gusnur yg di anggp wali itu loe ikutin...aduhh..",0,0,1,0,0,in
1797598812497932792,1798334181740831109,Wed Jun 05 12:40:55 +0000 2024,KowuLaode341884,@donkobar_a1 @jokowi Sangat salah pendapat lu justru negara ini bermasalah banyak utang karena di pimpin oleh orang yang tidak pernah sekolah,1,0,2,0,0,in
1797598812497932792,1798333774209634552,Wed Jun 05 12:39:17 +0000 2024,KowuLaode341884,@ulisarma1 @jokowi Bukan anjing ini lihat dia manusia https://t.co/hQim8Apse1,0,0,0,0,0,in
1797598812497932792,1798331495419146431,Wed Jun 05 12:30:14 +0000 2024,pk_itam,"@FashionIin @KowuLaode341884 @jokowi Gak ada yg perlu dijilat,sy gk pernah minta di kasih sumbangan atw bantuan apapun,sy bkn orng yg sk membiasakan diri.mencerca dn mncaci maki orng lain ..tanpa pengetahuan dn kebenaran yg jelas..lebih bijak nya berkaca duluk ,kita tlah bwt ap utk orng lain..!",0,0,0,0,0,in
1797598812497932792,1798314174994694483,Wed Jun 05 11:21:25 +0000 2024,AnakKampoeng78,@jokowi Atur saja tuan...aku sudah muak.. https://t.co/QheXMjTVc5,0,0,0,0,0,in
1797598812497932792,1798313436277018741,Wed Jun 05 11:18:28 +0000 2024,doank9_99,@todosianipar71 @jokowi Makan tuh pilihan dua periode 🤣🤣🤣,0,0,0,0,0,in
1797598812497932792,1798303534724911406,Wed Jun 05 10:39:08 +0000 2024,MinangMulu,@namina0x @jokowi gw mah jujur aja ga berani 🤣,0,0,0,0,0,in
1797598812497932792,1798301457407778820,Wed Jun 05 10:30:52 +0000 2024,KhendyManggala_,"@jokowi 😂😅 hampir mau setahun kerja gak digaji 🤦, ini mah alamat IKN...",0,0,0,0,0,in
1797598812497932792,1798274058750218249,Wed Jun 05 08:42:00 +0000 2024,todosianipar71,"@AlfanAlwi @jokowi Tenang mas ,datang aja ke daerah yg saya maksud , agar tau",0,0,0,0,0,in
1797598812497932792,1798273865183109619,Wed Jun 05 08:41:14 +0000 2024,todosianipar71,"@mfarhantu @jokowi Pakai kata junjungan lg, dasar kasta rendah. Bisa bedain presiden dengan junjungan , masih ttp sampah republik, berubah dong, presiden dah ke 3 terpilih pakai pandangan Jokowi 🤣🤣",0,0,0,0,0,in
1797598812497932792,1798273309383315917,Wed Jun 05 08:39:01 +0000 2024,todosianipar71,@Anton_17Budioko @jokowi Kalau bisa mas,0,0,0,0,0,in
1797598812497932792,1798270282945474763,Wed Jun 05 08:27:00 +0000 2024,Cillipari,@jokowi Lah mengundurkan diri sm diberhentikan beda pakdhe..,0,0,0,0,0,in
1797598812497932792,1798251935176573409,Wed Jun 05 07:14:05 +0000 2024,d0nifirman,@ijolnain @jokowi @pln_123 wah sya salah nulis baru sadar..,0,0,0,0,0,in
1797598812497932792,1798251429620334804,Wed Jun 05 07:12:05 +0000 2024,Cyberwatch0611,"@pln_123 Telat bayar dua hari saja sudah dikirimi surat cinta, ketika terjadi pemadaman selama berjam² tidak pernah minta maaf dan memberikan potongan biaya.
Begini kah tipe² usaha Negara @KemenBUMN, dengan memeras rakyat pak @erickthohir ?",0,0,2,0,0,in
1797598812497932792,1798250565816008777,Wed Jun 05 07:08:39 +0000 2024,Cyberwatch0611,"@ijolnain @jokowi @pln_123 Ada 3 kemungkinan
1. Kemungkinan
2. Kemungkinan
3. Kemungkinan

Kemungkinan kecilnya 
ᵏᵉᵐᵘⁿᵍᵏⁱⁿᵃⁿ 
Dan kemungkinan besar nya
K E M U N G K I N A N",1,0,1,0,0,in
1797598812497932792,1798247435187478539,Wed Jun 05 06:56:13 +0000 2024,zakariasulaim14,"@Ombahku @jokowi @nahdlatululama @nu_online @KementerianESDM @humasminerba @bahlillahadalia @bkpm Halo ketua PB NU dan ketua Anshor ormas dijadikan kambing hitam bahkan perusak umat islam ; 
عن ابى هريرة رضى الله عنه قال رسول الله صلى الله عليه وسلم ؛ ويل لامتى من علماء السوء يتخذون العلم تجارة يبيعون الى امراء زمانهم ربحا لانفسهم لاربح الله تجارتهم رواه الدرامى .",0,0,0,0,0,ar
1797598812497932792,1798246239391342994,Wed Jun 05 06:51:27 +0000 2024,Tizarrr,@TitaMar80993092 @jokowi Dajjal,0,0,0,0,0,es
1797598812497932792,1798245088604422297,Wed Jun 05 06:46:53 +0000 2024,mulyadiabdullah,@jokowi Alhamdulillah pak Bambang dan wakil membuat keputusan yg tepat,0,0,0,0,0,in
1797598812497932792,1798244382090703273,Wed Jun 05 06:44:05 +0000 2024,satrio_rchmzn,"@KowuLaode341884 @jokowi Masih aja main isu ijazah palsu?
Udh lah bro
Bergerak maju lagi
Jgn bahas hal2 yg ga penting kek gini
Toh pak jokowi udh mau abis masa jabatan nya",0,0,1,0,0,in
1797598812497932792,1798243039770730751,Wed Jun 05 06:38:45 +0000 2024,peboll,"@ijolnain @donyfirman10 @jokowi @pln_123 Lah memang dalam aturan nya sperti itu kok, silahkan cek hak2 pelanggan PLN dan dlam UU pun ada bang, cari d google jg ada bang dr situs PLN nya. cma tau sndiri gimana aktual nya perusahaan milik plat merah ini",0,0,0,0,0,in
1797598812497932792,1798235023851852202,Wed Jun 05 06:06:53 +0000 2024,roedh251179,@jokowi apakh dlm kajian akademis &amp; FS jauh sblmnya prsoalan tanah adat &amp; ulayat tdk masuk dlm pembahasan..????,0,0,0,0,0,in
1797598812497932792,1798233549570765088,Wed Jun 05 06:01:02 +0000 2024,tch0077,"@imann72003 @jokowi Hohoho 
Dasar sen kiri belok kanan
Buahahahahaaaa",1,0,0,0,0,in
1797598812497932792,1798232673892323635,Wed Jun 05 05:57:33 +0000 2024,nyinyirsedunia,"@jokowi Katanya 80% rakyat mendukung Jokowo tapi komen2 di dalam tweet ini isinya caci maki semua.
Dasar presiden ngibul",0,0,0,0,0,in
1797598812497932792,1798228757083545889,Wed Jun 05 05:41:59 +0000 2024,EkoDwiSant73293,"@jokowi TIDAK USAH DIGAJI PAK, SUMBER ALAM KALIMANTAN LEBIH DARI CUKUP UNTUK SEKEDAR MAKAN DAN TEMPAT TINGGAL",0,0,0,0,0,in
1797598812497932792,1798224879281746202,Wed Jun 05 05:26:35 +0000 2024,AlfanAlwi,@todosianipar71 @jokowi Gak akan ditanggapi pak. Beliau sedang sibuk bagi2 kekuasaan dan lahan tambang. Disabarin aja ya pak itung2 jadi penggugur dosa. Wkwkwk,0,0,1,0,0,in
1797598812497932792,1798223749877236159,Wed Jun 05 05:22:06 +0000 2024,AlfanAlwi,@Ombahku @jokowi @nahdlatululama @nu_online @KementerianESDM @humasminerba @bahlillahadalia @bkpm Ini maksudnya NU ya?,0,0,0,0,0,in
1797598812497932792,1798220404483670265,Wed Jun 05 05:08:48 +0000 2024,AstutiEndang2,"@jokowi Alhamdulillah, akhirnya bapak Dhoni terselamatkan dari hal² yg tidak baik..",0,0,0,0,0,in
1797598812497932792,1798217305819943055,Wed Jun 05 04:56:29 +0000 2024,PrayogoSih,@jokowi Mudah-mudahan yang mengemban amanah OIKN sabar dan ikhlas kalau gakinya telat sampai 11 bulan belum dibayarkan 😋,0,0,0,0,0,in
1797598812497932792,1798216373560369482,Wed Jun 05 04:52:47 +0000 2024,pamungkas_dhia,@jokowi support terus,0,0,0,0,0,in
1797598812497932792,1798210047014822041,Wed Jun 05 04:27:38 +0000 2024,imann72003,"@tch0077 @jokowi Ya Ndak tau, kok tanya saya?

Ttd 
.....",1,0,1,0,0,in
1797598812497932792,1798201010865025198,Wed Jun 05 03:51:44 +0000 2024,Anton_17Budioko,@todosianipar71 @jokowi Pilih lg dampai 10 periode bang,0,0,1,0,0,in
1797598812497932792,1798199220304056673,Wed Jun 05 03:44:37 +0000 2024,Anton_17Budioko,"@ijolnain @jokowi @pln_123 Percuma bang mereka lg sibuk bagi² proyek terutama di IKN tuh..

Banyak proyek (hampir keseluruhan) diambil sama kerabatnya @jokowi dan @prabowo",1,0,0,0,0,in
1797598812497932792,1798198752127410522,Wed Jun 05 03:42:46 +0000 2024,Anton_17Budioko,@jokowi https://t.co/JF8AE9TlMX,0,0,0,0,0,qme
1797598812497932792,1798194565947719989,Wed Jun 05 03:26:08 +0000 2024,Jatmo16,@jokowi Beri saya pekerjaan Pak.. Saya Mau kerja kerja kerja... 😇😇😇,0,0,0,0,0,in
1797598812497932792,1798187851596943693,Wed Jun 05 02:59:27 +0000 2024,pra_sono57769,@jokowi wkkwwk,0,0,0,0,0,in
1797598812497932792,1798187682650370351,Wed Jun 05 02:58:46 +0000 2024,herman284939026,"@ijolnain @beyoubeau @jokowi @pln_123 Malangnya nasib rakyat kecil, makanya ma'ruf amin ingin jadi jadi anak presiden. Semua lancar jaya.",0,0,0,0,0,in
1797598812497932792,1798186828845166724,Wed Jun 05 02:55:23 +0000 2024,MacbookHafid,@jokowi Usut Korupsi Anggaran IKN juga?,1,0,0,0,0,in
1797598812497932792,1798186596585652288,Wed Jun 05 02:54:27 +0000 2024,duragonkill,"@Pehaes @jokowi Biar bisa nyambungin IKN ama Tapera,Basuki kan anggota komisi TAPERA",0,0,0,0,0,in
1797598812497932792,1798186392373334133,Wed Jun 05 02:53:39 +0000 2024,herman284939026,@Yopiluthfi2 @jokowi Tidak punya rasa malu.,0,0,0,0,0,in
1797598812497932792,1798182046155911467,Wed Jun 05 02:36:23 +0000 2024,ItsMeHexa,"@jokowi ""visi bersama"", bersama Rakyat atau bersama orang terdekat pak? 🙈",0,0,0,0,0,in
1797598812497932792,1798176077539615001,Wed Jun 05 02:12:40 +0000 2024,dedi_gunaw72332,@jokowi Saya akan tepuk tangan kalau yang dilantik Mantu Bapak.,0,0,0,0,0,in
1797598812497932792,1798169735588417923,Wed Jun 05 01:47:27 +0000 2024,Alexarief1976,@jokowi Nggedabrusss,0,0,0,0,0,in
1797598812497932792,1798168462810141062,Wed Jun 05 01:42:24 +0000 2024,alyridho07,@jokowi Pasti yg dikerjakan dahulu bikin sumur buat si bas mandi kan?,0,0,0,0,0,in
1797598812497932792,1798166766004404595,Wed Jun 05 01:35:39 +0000 2024,pln_123,"@dydyaa2 @jokowi @_pln_id @erickthohir @YLKI_ID @ylkijambi @dydyaa2 alamat pendukung? (Jalan, Kelurahan, Kecamatan, Kota/Provinsi) dan no telepon yang dapat diberikan ke DM atau melapor melalui Aplikasi PLN Mobile pilih Menu Pengaduan. Mimin menunggu konfirmasi lebih lanjut ya. (3/3) Trims. -Dini",0,0,2,0,0,in
1797598812497932792,1798166746500825414,Wed Jun 05 01:35:35 +0000 2024,pln_123,@dydyaa2 @jokowi @_pln_id @erickthohir @YLKI_ID @ylkijambi @dydyaa2 Agar dapat ditindaklanjuti mohon diinformasikan untuk kondisi saat ini apakah masih padam? Jika masih padam mohon diinformasikan (2/3),0,0,3,0,0,in
1797598812497932792,1798166694403420390,Wed Jun 05 01:35:22 +0000 2024,pln_123,"@dydyaa2 @jokowi @_pln_id @erickthohir @YLKI_ID @ylkijambi @dydyaa2  Mohon maaf atas ketidaknyamanannya ya Kak Dya, mimin baru bisa merespon dikarenakan keluhan Kakak masuk dalam antrian sehingga mimin memiliki keterbatasan dalam menjawab. (1/3)",0,0,1,0,0,in
1797598812497932792,1798164131838935211,Wed Jun 05 01:25:11 +0000 2024,rachman0565,@jokowi Orang cerdas tidak akan mau masuk ke dalam gerombolan kedunguan,0,0,0,0,0,in
1797598812497932792,1798162947296104796,Wed Jun 05 01:20:29 +0000 2024,young8530868888,"@vidio_e70027 @KowuLaode341884 @jokowi Tunggu setelah lengser aja, selama beliau masih menjabat presiden tidak bakal ada yg berani menyentuhnya",1,0,0,0,0,in
1797598812497932792,1798162812516364623,Wed Jun 05 01:19:57 +0000 2024,KowuLaode341884,@Dian_Pangalayo @jokowi Memang kelas kami kalau bukti nyata dan faktanya palsu harus segera percaya jangan mendukung yang salah.,1,0,0,0,0,in
1797598812497932792,1798162448282972414,Wed Jun 05 01:18:30 +0000 2024,KowuLaode341884,@Dian_Pangalayo @jokowi Kenyataannya memang palsu kamu saja yang perlu cepat sadar agar terhindar dari siksa akibat mendukung pemimpin berijazah palsu,0,0,0,0,0,in
1797598812497932792,1798161220220096947,Wed Jun 05 01:13:37 +0000 2024,paku24567,@KowuLaode341884 @jokowi beda dg photo wisuda,0,0,0,0,0,in
1797598812497932792,1798160154929844445,Wed Jun 05 01:09:23 +0000 2024,fani_fadli3349,@jokowi Ini perjalan kepresidenan mr. Joko Dari Asbun (esmka) s/d ngibul (ikn),0,0,0,0,0,in
1797598812497932792,1798152288961511575,Wed Jun 05 00:38:08 +0000 2024,brunohassenhof,"@jokowi Sy sbtlnya kasihan pd bpk. Ok lah pak, debatable, IKN adl proyek bagus, tp percuma krn masa pemerintahan bpk hny max 10th sdgkan dan usaha utk membentuk gerbong berkelanjutan yg bpk usahakan nampaknya jg gagal (pak Prabowo nampaknya ogah²an dlm hal IKN)",0,0,0,0,0,in
1797598812497932792,1798147406414184533,Wed Jun 05 00:18:44 +0000 2024,zoelj_fais007,@EffendiRistriy1 @jokowi @NikolaDiredja3 Semoga Jadi Santapan Babi Hutan Kalimantan,0,0,0,0,0,in
1797598812497932792,1798144612324048926,Wed Jun 05 00:07:38 +0000 2024,BennyValentinus,"@SyahrulDA2 @gilang_ahm31272 @jokowi @SBYudhoyono Berarti benar ya, demi kekuasaan apapun digadaikan, termasuk harga diri dan integritas",1,0,0,0,0,in
1797598812497932792,1798144536092569902,Wed Jun 05 00:07:19 +0000 2024,brunohassenhof,"@IndraMahardhany @ijolnain @jokowi @pln_123 harusnya rakyat yg  dipelihara negara,  bukan rakyat menelihara dirinya sendiri",0,0,0,0,0,in
1797598812497932792,1798143892266918151,Wed Jun 05 00:04:46 +0000 2024,brunohassenhof,"@pln_123 @ijolnain @jokowi Wkwkwk yg jawab AI nya PLN, mana tahaaaan uhuuii",0,0,0,0,0,in
1797598812497932792,1798143202039586846,Wed Jun 05 00:02:01 +0000 2024,machrilmachril1,"@Aryprasetyo85 @AndiantoPnjt @jokowi Keren,,,,!!!",0,0,0,0,0,hu
1797598812497932792,1798135420993380458,Tue Jun 04 23:31:06 +0000 2024,AliAmin31984360,"@EffendiRistriy1 @jokowi @NikolaDiredja3 jangan lupa, gajinya lancar dibayar",0,0,0,0,0,in
1797598812497932792,1798134726995444123,Tue Jun 04 23:28:21 +0000 2024,Duren___,@LathifuddinA @jokowi 😱😱😱,0,0,0,0,0,qme
1797598812497932792,1798132291757383876,Tue Jun 04 23:18:40 +0000 2024,sastri200531,@jokowi @Safira_Floran2 Dia mundur karena punya Etika dan moral.jiwa kastria seorang pemimpin,1,0,0,0,0,in
1797598812497932792,1798129564029493463,Tue Jun 04 23:07:50 +0000 2024,jaiz_alvin,@jokowi mantap,0,0,0,0,0,in
1797598812497932792,1798128400479256914,Tue Jun 04 23:03:12 +0000 2024,MataunTuon,@winardi110766g1 @Duren___ @jokowi Diawal dulu waktu baru dibentuknya Otorita gaji sempat tertunda bahkan 11 bulan..diawal terbentuknya Otorita..setelah itu semua lancar. Gitu dek...sy tau kok.,0,0,0,0,0,in
1797598812497932792,1798124307958407622,Tue Jun 04 22:46:57 +0000 2024,NGatotkaca,"@jokowi gaji 11 bulan jgn lupa dibayar pak, kasihan, haknya Lo itu",0,0,0,0,0,in
1797598812497932792,1798111466756931809,Tue Jun 04 21:55:55 +0000 2024,akuwong3,@jokowi Moto picej kupeng budek ne pekoro rakyat tp mententeng mikir ne pekoro anak,0,0,0,0,0,in
1797598812497932792,1798107676414775650,Tue Jun 04 21:40:51 +0000 2024,sam_mambela,@jokowi Uikk hebat ya Korea bisa bangun rumah untuk rakyatnya tanpa TAPERA.,0,0,0,0,0,in
1797598812497932792,1798105701736472896,Tue Jun 04 21:33:01 +0000 2024,sorayasubadri,"@bryan_chung09 @jokowi Sudah dibayar semua (dirapel) pd tahun 2023 lalu kata SMI, karena untuk gaji eselon 1 memang ada peraturan baru yg sedang diproses oleh Menkopulhukam saat itu.",0,0,0,0,0,in
1797598812497932792,1798101747925426294,Tue Jun 04 21:17:18 +0000 2024,DuduAku16,@jokowi Pantes... https://t.co/DHiG0O3PLI,0,0,0,0,0,es
1797598812497932792,1798101708146622493,Tue Jun 04 21:17:08 +0000 2024,febbams,"@jokowi Pak, tolong selalu berpihak pada rakyat 🙏",0,0,0,0,0,in
1797598812497932792,1798099428437541252,Tue Jun 04 21:08:05 +0000 2024,FashionIin,@DhannyAgus29159 @jokowi ANCOOOOOOR,0,0,0,0,0,en
1797598812497932792,1798099131300557055,Tue Jun 04 21:06:54 +0000 2024,FashionIin,@desmodromici1 @jokowi Di medsos tiap hari berapa ratus ya...yang ketik PLONGA PLONGO,0,0,0,0,0,in
1797598812497932792,1798098714076336435,Tue Jun 04 21:05:15 +0000 2024,FashionIin,"@UKumalajaya @jokowi Gak apa2
Diresmikan tahun 2028
Juga gak apa apa
SANTAI AJA",0,0,0,0,0,in
1797598812497932792,1798097780600434726,Tue Jun 04 21:01:32 +0000 2024,FashionIin,@Gh1ffary_ @jokowi CALON KOMISARIS,0,0,0,0,0,in
1797598812497932792,1798097646059745306,Tue Jun 04 21:01:00 +0000 2024,FashionIin,"@moejeep_pelung @EffendiRistriy1 @jokowi @NikolaDiredja3 Hush
Ama pak presiden kok gitu cih

Xixixi",0,0,0,0,0,in
1797598812497932792,1798096960471372097,Tue Jun 04 20:58:17 +0000 2024,FashionIin,"@sugab7494519532 @KowuLaode341884 @jokowi Pokoke.. 
ANCOOOOOR",0,0,0,0,0,in
1797598812497932792,1798096632678060526,Tue Jun 04 20:56:58 +0000 2024,FashionIin,@pk_itam @KowuLaode341884 @jokowi Habis jilat...rasanya ASEM,0,0,1,0,0,in
1797598812497932792,1798096185468866817,Tue Jun 04 20:55:12 +0000 2024,TitaMar80993092,@wardoneforget @jokowi Ember,0,0,0,0,0,en
1797598812497932792,1798034284823101502,Tue Jun 04 16:49:14 +0000 2024,SyahrulDA2,"@BennyValentinus @gilang_ahm31272 @jokowi @SBYudhoyono Penulisnya masih hidup, tapi nalar penulisnya sudah mati. Sehingga tidak punya malu dan harga diri menjadi penyembah rezim yg dikritik dalam buku tsb.",1,0,1,0,0,in
1797598812497932792,1798027487164977455,Tue Jun 04 16:22:13 +0000 2024,hippyyyyyyyyyy,@ijolnain @jokowi @pln_123 @pln_123 amatiran,1,0,0,0,0,eu
1797598812497932792,1798027321963958482,Tue Jun 04 16:21:33 +0000 2024,hippyyyyyyyyyy,"@ijolnain @taufant8458535 @jokowi @pln_123 bagus,keren bang",1,0,0,0,0,in
1797598812497932792,1798025260971008277,Tue Jun 04 16:13:22 +0000 2024,fariznugro,@jokowi https://t.co/tib7HxkRWR,0,0,0,0,0,qme
1797598812497932792,1798024347132842218,Tue Jun 04 16:09:44 +0000 2024,Maulana90458814,@Duren___ @jokowi Pasti mikir lah bang ... 😮😮😮,0,0,0,0,0,in
1797598812497932792,1798024240589140312,Tue Jun 04 16:09:19 +0000 2024,Maulana90458814,@Jin_KohXi @Duren___ @jokowi Segala usaha dilakukan untuk Cari Duid ...,1,0,0,0,0,in
1797598812497932792,1798024097030607219,Tue Jun 04 16:08:45 +0000 2024,Maulana90458814,@LathifuddinA @Duren___ @jokowi Waduhhh ... 😮😮😮,1,0,0,0,0,en
1797598812497932792,1798018341241864408,Tue Jun 04 15:45:52 +0000 2024,risw_andi,@jokowi 😂,0,0,0,0,0,qme
1797598812497932792,1798016874984390887,Tue Jun 04 15:40:03 +0000 2024,Maleo_Berekor,"@3rI4ng @Kangerzet @junoherpito @jokowi @RajaJuliAntoni Bukti2nya apa?

Karna ada referensi lain yg menyatakan, memang program devide et empera untuk memecah belah antara warga tionghoa dengan warga jawa agar tidak bersatu.

Karna kalo bersatu yg kewalahan adalah Belanda.

Karna banyak referensi juga warga tionghoa yg berjasa tuk RI.",0,0,0,0,0,in
1797598812497932792,1798015862408159441,Tue Jun 04 15:36:01 +0000 2024,wayofrockxx,@Ombahku @jokowi @nahdlatululama @nu_online @KementerianESDM @humasminerba @bahlillahadalia @bkpm Jebakan batman... meracuni &amp; merusak... kalo sdh mabuk kan gampang di setir... hmmmn,0,0,0,0,0,in
1797598812497932792,1798014669401243976,Tue Jun 04 15:31:17 +0000 2024,todosianipar71,"@mfarhantu @jokowi Si tolol gak jelas kerjanya, hanya main medsos , mau lawan Jokowi 🤣🤣🤣",0,0,1,0,0,in
1797598812497932792,1798010937217282078,Tue Jun 04 15:16:27 +0000 2024,petruspasaribuu,@ijolnain @jokowi @pln_123 Dengar gak pak @jokowi ini masalah serius mengingat PLN over suply energi.,1,0,0,0,0,in
1797598812497932792,1798010038881222822,Tue Jun 04 15:12:53 +0000 2024,IrvanMoess,"@jokowi semua keputusan yg diambil presiden adalah tanggungjawab kita bersama. saling mendukung dan saling mengawasi bersama, agar rencana yg baik ini berjalan lancar dan",0,0,0,0,0,in
1797598812497932792,1798006222463095082,Tue Jun 04 14:57:43 +0000 2024,totonku_16,@audreyprn1 @KowuLaode341884 @jokowi Masih percaya lo sm pengadilan saat ini,0,0,0,0,0,in
1797598812497932792,1798002602275475749,Tue Jun 04 14:43:20 +0000 2024,opik_yahya2,@jokowi support terus,0,0,0,0,0,in
1797598812497932792,1797990322129248340,Tue Jun 04 13:54:32 +0000 2024,cowokcakep1976,@junoherpito @jokowi @RajaJuliAntoni Pengkhianatan cina pada saat lalu harus ada konsekuensinya...,2,0,0,0,0,in
1797598812497932792,1797987351349891543,Tue Jun 04 13:42:44 +0000 2024,priyatmoko28,@pln_123 @ijolnain @SumardiyonoClp @jokowi Percaya? Nggak,0,0,0,0,0,in
1797598812497932792,1797987218679799953,Tue Jun 04 13:42:12 +0000 2024,priyatmoko28,@pln_123 @ijolnain @jokowi Pret 🥱🥱🥱,0,0,0,0,0,en
1797598812497932792,1797983852243374402,Tue Jun 04 13:28:49 +0000 2024,36Dpib12339,@Muhammad1851562 @andelumut03 @5lamate @jokowi Waduh,0,0,0,0,0,en
1797598812497932792,1797979771248513096,Tue Jun 04 13:12:36 +0000 2024,KowuLaode341884,@Joena465 @jokowi Otakmu berfikir di pantatmu membela perusak negara sedangkan hukum tuhan tidak memilih tukang kayu atau lainnya sama saja. Biasanya yang membela dapat jabatan tapi ada juga orang miskin membela mati2an pada hal gara2 kere atas kebijakan ijazah palsu,0,0,0,0,0,in
1797598812497932792,1797978893552636157,Tue Jun 04 13:09:07 +0000 2024,KowuLaode341884,@pk_itam @jokowi Kalau fitnah bukan pitnah terbukti di pengadilan hanya hakimnya yang takut mengeksekusi,1,0,2,0,0,in
1797598812497932792,1797971241107906611,Tue Jun 04 12:38:43 +0000 2024,todosianipar71,@Klaras_teles @jokowi Makasi dul,0,0,0,0,0,in
1797598812497932792,1797971043157754317,Tue Jun 04 12:37:56 +0000 2024,todosianipar71,@mfarhantu @jokowi Makasi sudah di posting biar loe ngerti permintaan buat masyarakat,0,0,1,0,0,in
1797598812497932792,1797970676902752635,Tue Jun 04 12:36:28 +0000 2024,todosianipar71,"@Alfiansyahfahri @johanitugue @jokowi @DeliSerdang_Kab Biar atas yg kasih perintah bos , udah saya minta lewat keplor agar segera dibenahi, kasihan warga musim hujan kebanjiran terus, semoga presiden mau bantu🙏",0,0,1,0,0,in
1797598812497932792,1797969845906256356,Tue Jun 04 12:33:10 +0000 2024,RWati65,"@jokowi semoga besok ada lagi yg mengundurkan diri..

jadi nti sekalian buka lowongan tenaga kerja baru, klo cuma 2 orang tanggung, minimal 25  orang, bisa satpamnya atau cleaning service 😊😊

Ok gas...Ok gas",0,0,0,0,0,in
1797598812497932792,1797969759675597112,Tue Jun 04 12:32:50 +0000 2024,Joena465,"@KowuLaode341884 @jokowi Orang dengki, sakit ati dgn keberuntung tukang kayu yg dicintai mayoritas penduduk republik. Hanya org tolol yg percaya jokowi ijasah palsu. Otak kadrun g nyampe kemana2 juga. Berargumen dgn mrk sama saja kasih mas ke babi..",0,0,1,0,0,in
1797598812497932792,1797966966961197099,Tue Jun 04 12:21:44 +0000 2024,ariyanto50852,"@jokowi Dlu nenek moyang kami di jajah olh belanda dn jepang. Tpi alangkah sialnya, kini malah di jajah olh mukidi solo si bajingan tolol yg gk pya etika dn hilang moralnya. ASUUUU TENAN KOWE.",0,0,0,0,0,in
1797598812497932792,1797966654246424613,Tue Jun 04 12:20:29 +0000 2024,AmMuliadi,@pln_123 @ijolnain @jokowi Panggil kak padahal adminnya lebih tua.... 😁,0,0,0,0,0,in
1797598812497932792,1797964548546392104,Tue Jun 04 12:12:07 +0000 2024,Nikenseptiani,@Salmanbest41489 @jokowi Wiwi dong sam kroninya,0,0,0,0,0,in
1797598812497932792,1797962409140973895,Tue Jun 04 12:03:37 +0000 2024,iswarafadly,@Ombahku @jokowi @nahdlatululama @nu_online @KementerianESDM @humasminerba @bahlillahadalia @bkpm gak usah diposting kaya nya percuma gak ngaruh,0,0,0,0,0,in
1797598812497932792,1797960072234213426,Tue Jun 04 11:54:20 +0000 2024,NdesohhBocah,@jokowi Kerja rodi,0,0,0,0,0,in
1797598812497932792,1797954111050338522,Tue Jun 04 11:30:39 +0000 2024,tch0077,"@jokowi Alasan mengundurkan diri, apa ya pak?
Bapak kan jargonnya transparan ... ayo donk jelasin",1,0,1,0,0,in
1797598812497932792,1797953312853225672,Tue Jun 04 11:27:28 +0000 2024,bnyakbctt,@jokowi Jokowi anjing goblok,1,0,0,0,0,in
1797598812497932792,1797949231661289845,Tue Jun 04 11:11:15 +0000 2024,MartaXpat95194,@jokowi Hilang rasa malu dari atas sampai ke bawah.  Itu biasa,0,0,0,0,0,in
1797598812497932792,1797947565008461907,Tue Jun 04 11:04:38 +0000 2024,PakDhe05061977,@SuciptoCip30652 @jokowi Mau ke Korea utara????,0,0,0,0,0,in
1797598812497932792,1797947526877987251,Tue Jun 04 11:04:29 +0000 2024,TitaMar80993092,@mj_tobing @jokowi Yg jelas korupsi nya jarang,0,0,0,0,0,in
1797598812497932792,1797944468966097310,Tue Jun 04 10:52:20 +0000 2024,KangChuangki_01,"@jokowi Kirain tadi anda yang berenti, sdh mo selamatan tuh saya, batal deh happy nya",0,0,0,0,0,in
1797598812497932792,1797942405288923606,Tue Jun 04 10:44:08 +0000 2024,HelmiZakiul,@gilang_ahm31272 @jokowi @SBYudhoyono Apakah diberi cuma cuma karena tidak laku ?,0,0,0,0,0,in
1797598812497932792,1797937947347751004,Tue Jun 04 10:26:25 +0000 2024,michaelarvyandi,@aleseduy @jokowi Setuja,0,0,0,0,0,in
1797598812497932792,1797937477208162814,Tue Jun 04 10:24:33 +0000 2024,RaniSaputri90,"@jokowi Walaupun di dokumen mungkin menggunakan istilah diberhentikan. Tapi ketika ditulis utk konsumsi publik, diberhentikan/dengan mengundurkan diri kan 2 hal yg berbeda.",0,0,0,0,0,in
1797598812497932792,1797936551420375063,Tue Jun 04 10:20:52 +0000 2024,zignihh,@jokowi aku wae pak gantine BU iki,0,0,0,0,0,in
1797598812497932792,1797934196230652147,Tue Jun 04 10:11:31 +0000 2024,lukita_tian,@jokowi Hayooo pilihannya siapa wkwkwk,1,0,0,0,0,in
1797598812497932792,1797933180923863168,Tue Jun 04 10:07:28 +0000 2024,Boga_Jabar,@jokowi Usul saja ini Pa..!! https://t.co/tD0Y5RLZYl,0,0,2,0,0,in
1797598812497932792,1797932211062333816,Tue Jun 04 10:03:37 +0000 2024,pangsiong85,@jokowi pak siap2 loh 4 bln lg lengser ...,0,0,0,0,0,in
1797598812497932792,1797925652852777083,Tue Jun 04 09:37:34 +0000 2024,pln_123,"@gianOfficial7 @ijolnain @jokowi @gianOfficial7 Hai Kak Gian, mohon maaf atas gangguan yg sering terjadi. Agar Admin dpt tindak lanjuti, Kakak bisa infokan alamat lengkap dan No. Tlp melalui DM atau dpt juga lapor melalui aplikasi PLN Mobile di menu pengaduan.

Admin menunggu konfirmasi lebih lanjut.
Tks. Herni",0,0,0,0,0,in
1797598812497932792,1797925362854408288,Tue Jun 04 09:36:24 +0000 2024,Rupiah_Meroket,@bokulos_ @jokowi https://t.co/2omQgubgNh,0,0,0,0,0,qme
1797598812497932792,1797924094828241092,Tue Jun 04 09:31:22 +0000 2024,sugab7494519532,"@KowuLaode341884 @jokowi klo ada yg menjamin itu benar , coba dijelaskan dimuka umum",1,0,1,0,0,in
1797598812497932792,1797922507468701979,Tue Jun 04 09:25:04 +0000 2024,Masuratno,@Duren___ @jokowi Detik2 menegangkan tentang ikn...hhhhhhahaha,0,0,0,0,0,in
1797598812497932792,1797921007543763397,Tue Jun 04 09:19:06 +0000 2024,ibaim5276,@jokowi Wah saya kaget...!!,0,0,0,0,0,in
1797598812497932792,1797918480895021526,Tue Jun 04 09:09:04 +0000 2024,sahman,"@AgnesSimatupa11 @jokowi Pemimpin yg gak punya malu, gagal dalam hampir semua bidang tapi gak mau ngaku.",0,0,0,0,0,in
1797598812497932792,1797918250334122472,Tue Jun 04 09:08:09 +0000 2024,sahman,@gilang_Muhaimin @jokowi 👍👍👍,0,0,0,0,0,qme
1797598812497932792,1797918121057198340,Tue Jun 04 09:07:38 +0000 2024,sahman,"@gilang_ahm31272 @jokowi @SBYudhoyono Kok bisa ya, sampai dituliskan, ternyata dijilat juga, gak malu ta…",0,0,0,0,0,in
1797598812497932792,1797918024135258194,Tue Jun 04 09:07:15 +0000 2024,_irfnm,@jokowi Bisa ae lu jok jok,0,0,0,0,0,in
1797598812497932792,1797916696415703135,Tue Jun 04 09:01:58 +0000 2024,_irfnm,@jokowi Bisa ae lu jok,0,0,0,0,0,in
1797598812497932792,1797914597363794286,Tue Jun 04 08:53:38 +0000 2024,Teguhma4,@jokowi Lvlvvvl l,0,0,0,0,0,lv
1797598812497932792,1797913260769026212,Tue Jun 04 08:48:19 +0000 2024,ntar_yaa,"@jokowi Gimana gak mundur...
• Gaji hampir setahun gak dibayar...
• Yang manggung kesana kemari tentang IKN malah org lain (Ridwan Kamil) https://t.co/dkd25Pt97i",2,0,0,0,0,in
1797598812497932792,1797902395055423624,Tue Jun 04 08:05:09 +0000 2024,danieldepintooo,@ijolnain @jokowi @pln_123 Wkwkwkw PLN 🤣🤣🤣,1,0,0,0,0,in
1797598812497932792,1797901339319808126,Tue Jun 04 08:00:57 +0000 2024,NELNzr,@txtfromkirana @jokowi 👋🏿,0,0,0,0,0,qme
1797598812497932792,1797900224742191295,Tue Jun 04 07:56:31 +0000 2024,KurangiBodoh,"@jokowi Diangkat secara terhormat oleh pak @jokowi  ttp aneh nya mengundurkan diri secara terhormat. Knapa hrs mengundurkan diri? Diangkat presiden itu sesuatu kbanggaan n terhormat. Mungkin kepala IKN sudah Lelah, parah nya wakilnya jg ikutan mengundurkan diri. Disawang sambil guyu",0,0,0,0,0,in
1797598812497932792,1797900032219484383,Tue Jun 04 07:55:45 +0000 2024,n4k14465715,"@pln_123 @ijolnain @jokowi Hahahaha...yg jwb cm robot,petugasnya bisa² lg rokokan 🤭😛",0,0,0,0,0,in
1797598812497932792,1797899911977173152,Tue Jun 04 07:55:17 +0000 2024,FahriMP,"@jokowi Udah pake cara pak Harto aja, diPusokan...",0,0,0,0,0,in
1797598812497932792,1797899821032022293,Tue Jun 04 07:54:55 +0000 2024,DalinaLena,"@jokowi Tunjuk Kaesang pak, mudah2an IKN makin maju dan cemerlang",0,0,1,0,0,in
1797598812497932792,1797895093585842376,Tue Jun 04 07:36:08 +0000 2024,MinangMulu,"@namina0x @jokowi Suka suka dia aja dah, negara punya dia 😂",0,0,1,0,0,in
1797598812497932792,1797894556568203559,Tue Jun 04 07:34:00 +0000 2024,gausakepolaya,@jokowi pak sadar pak😥,0,0,0,0,0,in
1797598812497932792,1797893824611770453,Tue Jun 04 07:31:05 +0000 2024,RahyantoZ,@jokowi Jok itu digajia dulu woy. Kerja 11 bulan ga digaji. Ingat jabatnmu tinggal bebwrapa hari lagi.,0,0,0,0,0,in
1797598812497932792,1797888979997741196,Tue Jun 04 07:11:50 +0000 2024,ijolnain,"@peboll @donyfirman10 @jokowi @pln_123 Bisa Bangkrut pak Kalo ada Kompensasinya, Bayangkan Aja Setiap Hari Pemadaman 10x, Sudah BERTAHUN tahun @pln_123 ULP TEBING TINGGI KAB EMPAT LAWANG, Kalo Dikumpulin alat Elektronik Warga yg Rusak, Penuh Kantor PLN nya",2,0,1,0,0,in
1797598812497932792,1797884699215536423,Tue Jun 04 06:54:50 +0000 2024,athoill02016545,@jokowi Pak @jokowi menurut saya Penerusnya pak bambang yg cocok saat ini yaa kang @ridwankamil pasti #ikn akan sesuai visi misi pembangunanya,0,0,0,0,0,in
1797598812497932792,1797884579472457955,Tue Jun 04 06:54:21 +0000 2024,TitaMar80993092,@Darmawan1076 @jokowi Ty tuh yg atasan pada korupsi,0,0,0,0,0,in
1797598812497932792,1797884111933370759,Tue Jun 04 06:52:30 +0000 2024,TitaMar80993092,@Mbelgembel1 @jokowi 🤣🤣🤣,0,0,0,0,0,qme
1797598812497932792,1797884063606546754,Tue Jun 04 06:52:18 +0000 2024,PasundanJunior,"@shda_agatha_ @jokowi Kalo dilihat dr background nya dr wamen ATR BPN, mslh legalitas tanah kyknya jd masalah utama di IKN. Makanya doi di tempatkan disana.",0,0,0,0,0,in
1797598812497932792,1797883575586680980,Tue Jun 04 06:50:22 +0000 2024,shda_agatha_,@PasundanJunior @jokowi Jujur gw msh nerka² kenapa PSI bisa ada di posisi itu di IKN ya?,1,0,1,0,0,in
1797598812497932792,1797883409559421053,Tue Jun 04 06:49:42 +0000 2024,Nama_Twitku,"@jokowi +62 peringkat brp negara terkorup ?
Tanyaaa yaaa",0,0,0,0,0,in
1797598812497932792,1797882857295327432,Tue Jun 04 06:47:30 +0000 2024,PasundanJunior,"@jokowi Tampang melas kader PSI....
(Asyemmmm...kerja gak ada gaji)?",8,0,1,0,0,in
1797598812497932792,1797882324895568271,Tue Jun 04 06:45:23 +0000 2024,JJhonpres,"@Aryprasetyo85 @jokowi Kawal Dan Dukung Terus KEJAGUNG ,

#TolakKAPERA https://t.co/EVJGXaNSbW",0,0,0,0,0,in
1797598812497932792,1797882176052326724,Tue Jun 04 06:44:48 +0000 2024,Shinomman,"@jokowi IKN mending setop buat bantu dp/nyicil rumah warga daripada pake tapera.

Rumah ki kebutuhan primer warganegara, nek IKN ki mbuh kebutuhane sopo. 
Ndisik pas PMP lak diajari kon mengutamakan kepentingan orang banyak to?",0,0,0,0,0,in
1797598812497932792,1797879488711471202,Tue Jun 04 06:34:07 +0000 2024,SaepulA27704256,@junoherpito @jokowi @RajaJuliAntoni Harus nya itu berlaku di seluruh indonesia orang asing/cina tidak boleh punya hak milik atas tanah tapi kalau cuman tinggal doang boleh,1,0,0,0,0,in
1797598812497932792,1797878830583120007,Tue Jun 04 06:31:30 +0000 2024,surankiss,@Duren___ @jokowi Gimana critanya sih sampe g gajian 11 bulan?,0,0,0,0,0,in
1797598812497932792,1797877981802873170,Tue Jun 04 06:28:08 +0000 2024,HenryS75761541,"@jokowi Ambisi bangun ini dan itu di IKN, tapi urusan bayar gaji saja malah pontang panting. Wajar pejabatnya mengundurkan diri karena melihat di ujung terowongan ada masalah besar tak karuan. Ketoprak opo ludruk iki... 🤔",3,0,0,0,0,in
1797598812497932792,1797876757892391168,Tue Jun 04 06:23:16 +0000 2024,Pe_Enestee,"@Aryprasetyo85 @jokowi Pertanda setelah November 2024 proyek itu bisa mangkrak....

Dan Kejaksaan serta KPK yg telah lepas dari ""pengaruh"" bisa mulai ""bekerja......""

Mari kita tunggu!
@RajaJuliAntoni 
@publikasi_pu",1,0,0,0,0,in
1797598812497932792,1797875134138892635,Tue Jun 04 06:16:49 +0000 2024,pln_123,"@dydyaa2 @jokowi @_pln_id @erickthohir @YLKI_ID @ylkijambi @dydyaa2  Hai Kak, mohon maaf atas padam yg sering terjadi, mohon dibantu data alamat via DM/Inbox atau Kakak dapat juga lapor via aplikasi PLN Mobile di menu pengaduan.

Admin menunggu konfirmasi lebih lanjut ya. Thanks -Novi",0,0,1,0,0,in
1797598812497932792,1797874689429397911,Tue Jun 04 06:15:03 +0000 2024,peboll,"@ijolnain @donyfirman10 @jokowi @pln_123 Dan seharusnya daerah terdampak mendapat kompensasi ketika terjadi pemadaman/gangguan dr pln, ada kok d aturan pln dan UU nya",2,0,1,0,0,in
1797598812497932792,1797874645296894193,Tue Jun 04 06:14:52 +0000 2024,kijangexpress,@pln_123 @ijolnain @jokowi Klise,0,0,0,0,0,et
1797598812497932792,1797873161729675370,Tue Jun 04 06:08:59 +0000 2024,Myweebalter,"@jokowi tapera banyak yang nolak tuh pak. gimana, katanya denger suara rakyat. Tapera kemarin aja ga bisa dicairin",0,0,0,0,0,in
1797598812497932792,1797870301633749294,Tue Jun 04 05:57:37 +0000 2024,rpw_GI,@jokowi Makin panik nih…. Eng ing eng…. Si wiwi makin panik,0,0,0,0,0,in
1797598812497932792,1797868375282201029,Tue Jun 04 05:49:58 +0000 2024,puanganie,"@ijolnain @donyfirman10 @jokowi @pln_123 Rusak2in elektronik di rumah aja tiba2 mati 10x, wtf",0,0,0,0,0,et
1797598812497932792,1797868251386654747,Tue Jun 04 05:49:28 +0000 2024,pk_itam,@KowuLaode341884 @jokowi Ijazah palsu.?sampai sekarang kn cm issue ..utk menjelekkan...GK pernah  terbukti..ngpain repot2 ngurusin begian klo GK bisa di buktikan ...ujung2 nya hnya pitnah dn fitnah ...hati2 aj...klo merasa akan mati.karna semua akn di pertanggung jawabkn.!.!,2,0,2,0,0,in
1797598812497932792,1797867763693928651,Tue Jun 04 05:47:32 +0000 2024,ad_pur1to,"@jokowi Mana ada yg kuat....kerja bakti buat IKN
11 bulan blm terima gaji",0,0,0,0,0,in
1797598812497932792,1797867642348519868,Tue Jun 04 05:47:03 +0000 2024,FerdAmp,@jokowi Ralat pak.  Anda lupa ya? Tidak ada visi bersama. Yang ada cuma visi presiden. Kan anda omong sendiri.🤪,0,0,0,0,0,in
1797598812497932792,1797867138092584971,Tue Jun 04 05:45:03 +0000 2024,gerycuy04,"@jokowi Atur aja pak, kan bapak penguasanya",0,0,0,0,0,in
1797598812497932792,1797866811901538421,Tue Jun 04 05:43:45 +0000 2024,nurdiman_a14631,"@KowuLaode341884 @jokowi Kata Qodari 90% warga Indonesia puas dg kinerja Owi

Bisa diartikan juga 90% rakyat percaya Owi alumni UGM spt yg dinyatakan oleh Rektor UGM.

Yg bener mana neh? Saya bener2 bingung",0,0,0,0,0,in
1797598812497932792,1797865687115071836,Tue Jun 04 05:39:17 +0000 2024,lupadiri0_0,@Kangerzet @junoherpito @jokowi @RajaJuliAntoni Sejarah telah membuktikan tapi sorga lebih penting... https://t.co/qkgpT1WhO2,1,0,0,0,0,in
1797598812497932792,1797864601708904949,Tue Jun 04 05:34:58 +0000 2024,Jendral97654202,@jokowi Sudah ada visi bersama ya,0,0,0,0,0,in
1797598812497932792,1797863405648503014,Tue Jun 04 05:30:13 +0000 2024,GG_berserk,"@junoherpito @jokowi @RajaJuliAntoni Ntar orang selain pribumi bisa beli tanah seenaknya, koh Xi Jin Ping dengan leluasa borong se-tanah jawa. Malah elu yg jadinya disuruh ngontrak di tanah sendiri. Ga perlu cape"" pasuka Xi jin ping caplok laut natuna",2,0,0,0,0,in
1797598812497932792,1797863267395887470,Tue Jun 04 05:29:40 +0000 2024,AGENDA21_EXPOSE,"@jokowi Proyek ambisius tanpa kajian komprehensif 
Berujung kekecewaan para pengelola",0,0,0,0,0,in
1797598812497932792,1797862565151920277,Tue Jun 04 05:26:52 +0000 2024,BulepotanNing,"@Duren___ @jokowi Gegara berprinsip biar tekor asal kesohor, gimana entar bkn entar bagaimana,kgk ngitung Mateng antara pendapatan dgn pengeluaran,,yg penting citra citra pencitraan..",1,1,0,0,0,in
1797598812497932792,1797862541655412851,Tue Jun 04 05:26:47 +0000 2024,tyo_adrif1,@jokowi Semoga amanah dan IKN cepat selesai🙏,0,0,0,0,0,in
1797598812497932792,1797862172674216289,Tue Jun 04 05:25:19 +0000 2024,MARSANTO79,@TitaMar80993092 @jokowi Terancam hukuman berat bukankah ada kewajiban didampingi pengacara?,0,0,0,0,0,in
1797598812497932792,1797861106406555929,Tue Jun 04 05:21:05 +0000 2024,afuwwonk299,@jokowi Sempak,1,0,0,0,0,in
1797598812497932792,1797860892463464651,Tue Jun 04 05:20:14 +0000 2024,gheri_satria,"@TitaMar80993092 @jokowi seperti bola salju, sudah rahasia umum..terbaru di semarang kasus org terikat di kalibabon menguap, kasus pns dihabisin menguap, ngambil barang bukti pasti bayar ke penyidik sudah rahasia umum, dan yg viral kasus Vina....@ListyoSigitP @DivHumas_Polri @jokowi @prabowo",0,0,0,0,0,in
1797598812497932792,1797860695515726115,Tue Jun 04 05:19:27 +0000 2024,BulepotanNing,@Nndraee7 @jokowi Buat ikn??,0,0,0,0,0,in
1797598812497932792,1797859634327564442,Tue Jun 04 05:15:14 +0000 2024,supratmanareaky,"@junoherpito @jokowi @RajaJuliAntoni Makanya harus pelajari sejarah, dan bertindak baiklah sesama masyarakat setempat, agar suatu saat ketika pada diusir kemudian bilang masyarakat setempat tidak sesuai pancasila...",3,0,0,0,0,in
1797598812497932792,1797857627046883585,Tue Jun 04 05:07:15 +0000 2024,Iwinsial,@jokowi Pembangunan unfaedah yg bikin susah rakyat dgn menaikkan pajak dan berbagai pungutan laennya. Rakyat makin susah pak presiden! Istana makin megah dan mewah! #kamimuak,2,0,0,0,0,in
1797598812497932792,1797857234283864163,Tue Jun 04 05:05:41 +0000 2024,taeyoung_ch,@todosianipar71 @jokowi Gak ada nilai jualnya,0,0,0,0,0,in
1797598812497932792,1797857077815333086,Tue Jun 04 05:05:04 +0000 2024,ekasuhaya,"@jokowi Abdurrahman bin Auf, Selalu Gagal Jadi Orang Miskin https://t.co/aedR2JctyU",0,0,0,0,0,in
1797598812497932792,1797856905311949029,Tue Jun 04 05:04:23 +0000 2024,Kurniawan05_AK,"@jokowi Pak, ngomongin TAPERA. Gmn klo pemerintah ngasih rumah nya dlu, baru kita cicil 3% dr gaji kita. Gantian pak, masa rakyat trus yg minjemin duit, giliran pemerintah nya kapan?",0,0,0,0,0,in
1797598812497932792,1797856754468016552,Tue Jun 04 05:03:47 +0000 2024,Cody14072143,"@IndraMahardhany @ijolnain @jokowi @pln_123 Selagi bersatu dan di-viral-in, apa yg gak bisa ... Ayo dah, kita pada mandiri aja...",0,0,0,0,0,in
1797598812497932792,1797856441648451846,Tue Jun 04 05:02:32 +0000 2024,agoez_76,@jokowi Lanjutkan pak Jokowi.. jangan dengarkan ocehan monyet² yg lg sakit hati.sampe kiamat sakit hati mrk tdk akan pernah sembuh.. Indonesia makmur bersama Jokowi 🇮🇩,0,0,0,0,0,in
1797598812497932792,1797855880379330716,Tue Jun 04 05:00:19 +0000 2024,KhaledWaleed_ID,@jokowi Kapan pak Keputusan Presiden tentang penghentian proyek IKN? Kami malah menantikan itu demi kebaikan negara.,0,0,0,0,0,in
1797598812497932792,1797855246095654940,Tue Jun 04 04:57:47 +0000 2024,palkondo2,@jokowi bertobatlah kau jokowi,0,0,0,0,0,in
1797598812497932792,1797853324039090452,Tue Jun 04 04:50:09 +0000 2024,indramadong,"@jokowi ""Ada 3 golongan yang Allah tidak berbicara kpd mrk pada hari Kiamat, tidak membersihkan mrk, dan tidak melihat kpd mereka, dan bagi mereka siksa yang pedih: *orang yang sudah tua tapi berzina,* *penguasa yang suka bohong, dan orang miskin yang sombong*.”_
(HR. Muslim, no. 172)",0,0,0,0,0,in
1797598812497932792,1797852548034142517,Tue Jun 04 04:47:04 +0000 2024,Rahmatmikhaela,@pln_123 @ijolnain @jokowi @gibran_tweet,0,0,0,0,0,qam
1797598812497932792,1797850687784849604,Tue Jun 04 04:39:41 +0000 2024,sobatnava_,@jokowi Bapa ga ikut mundur pa?,0,0,0,0,0,in
1797598812497932792,1797849914782916671,Tue Jun 04 04:36:36 +0000 2024,lilikali11,"@jokowi Bubarke wae pak, percuma dipekso mengko mlh tmbah rekoso",0,0,0,0,0,in
1797598812497932792,1797849577284071878,Tue Jun 04 04:35:16 +0000 2024,bangpoerslalu,"@pln_123 @ijolnain @SumardiyonoClp @jokowi Lapor juga percuma, jawaban admin cuma copy paste",0,0,0,0,0,in
1797598812497932792,1797849182507827317,Tue Jun 04 04:33:42 +0000 2024,bangpoerslalu,"@jokowi Dipikir kerja rodi apa, berbulan-bulan gak gajian. 
Gimana mau ikut iuran TAPERA tuh, gak gajian 😀 https://t.co/Ygw4raceAb",0,0,0,0,0,in
1797598812497932792,1797848211299934622,Tue Jun 04 04:29:50 +0000 2024,LathifuddinA,@Duren___ @jokowi Tuh ada yang ngeluh. https://t.co/0le94OsffW,4,1,2,0,0,in
1797598812497932792,1797847963169079414,Tue Jun 04 04:28:51 +0000 2024,AkiSuminta,"@jokowi Dear Pak Jokowi,mohon utk pengganti ketua Otorita IKN adalah putra bapak @kaesangp @psi_id karena beliau lah putra terbaik bangsa ini,anak muda terbaik,selain kakaknya mas gibran,karena kami percaya,IKN akan terwujud,makmur di tangan putra bapak ini,mohon segera laksanakan pak",0,0,0,0,0,in
1797598812497932792,1797847324858917344,Tue Jun 04 04:26:19 +0000 2024,Suryant10654960,@jokowi Upah buruh di Kartasura Sukoharjo yg rendah bukannya dinaikan malah dipotong melulu https://t.co/DtdmyA1knQ,0,0,0,0,0,in
1797598812497932792,1797846473914323058,Tue Jun 04 04:22:56 +0000 2024,ISyafru,@jokowi Kalo yg.mimpin bkn ahlinya akan hancur...apa lg kalo yg bodoh...lebih hancur lg...,0,0,0,0,0,in
1797598812497932792,1797846280523383072,Tue Jun 04 04:22:10 +0000 2024,Itje157,@jokowi https://t.co/bz7LIkRD64,0,0,0,0,0,qme
1797598812497932792,1797845179191505023,Tue Jun 04 04:17:47 +0000 2024,benzenejk,"@jokowi ""Sesuai visi bersama"" siap🫡",0,0,0,0,0,in
1797598812497932792,1797844324933333008,Tue Jun 04 04:14:24 +0000 2024,Hari47207147,"@jokowi Apakah Bapak tidak kasihan kepada Pak Kepala dan wakil kepala kok ngak dibayar gajinya? kasihanilah, sebagai mana Allah SWT mengkasihani seluruh ciptaannya dan Ulil amri Umar Bin Khatab takut Azab Allah SWT sebagai contoh takut  karena penderitaan rakyat akibat salah urus,",0,0,0,0,0,in
1797598812497932792,1797844280964473053,Tue Jun 04 04:14:13 +0000 2024,Haikaal_,@jokowi yah payah komennya di umpetin,0,0,0,0,0,in
1797598812497932792,1797844140790825255,Tue Jun 04 04:13:40 +0000 2024,Supratman_72,@jokowi Rakyat gak butuh ikn... yg paling penting sejahterakan.... jgn byk ngedabrus...,0,0,0,0,0,in
1797598812497932792,1797842973524381956,Tue Jun 04 04:09:01 +0000 2024,andik501,@jokowi Mulai kualat sampean pak.,0,0,0,0,0,in
1797598812497932792,1797842971951558895,Tue Jun 04 04:09:01 +0000 2024,CahDesa17,@jokowi Lagi di IKN nggeh pakk,0,0,0,0,0,in
1797598812497932792,1797841853540421952,Tue Jun 04 04:04:34 +0000 2024,AmandaAlexaa,@jokowi Kehabisan duit guys karyawan ikn ga digaji ya mundur lah investasi belum masuk makanya malakin rakyat pake Tapera. Catat!,3,0,1,0,0,in
1797598812497932792,1797841562392727905,Tue Jun 04 04:03:25 +0000 2024,audreyprn1,"@KowuLaode341884 @jokowi Sudah diputuskan pengadilan kalau tuduhan izazah palsu tidak terbukti . Jadi basi kalau bahas bahas izazah palsu Jokowi, dan siap2 anda masuk golongan pe yebag Hoak, fitnah ...",3,0,1,0,0,in
1797598812497932792,1797840388126114236,Tue Jun 04 03:58:45 +0000 2024,snjayajonggrang,@EffendiRistriy1 @jokowi @NikolaDiredja3 amin wujud amin yra 🤲,0,0,0,0,0,in
1797598812497932792,1797838549661991310,Tue Jun 04 03:51:27 +0000 2024,AskariAsytar,@jokowi Wkwk proyek gagal,0,0,0,0,0,in
1797598812497932792,1797838380904141243,Tue Jun 04 03:50:46 +0000 2024,jeng_barbarossa,@AgnesSimatupa11 @jokowi Keknya budaya korupsi d konoha lbh terhormat d bnding maling ayam,0,0,0,0,0,in
1797598812497932792,1797837551220518951,Tue Jun 04 03:47:29 +0000 2024,HamdaanLW825Ky,@retnosetyow4t @jokowi @prabowo Duit cm diubal ubal jadi te'i,1,0,0,0,0,in
1797598812497932792,1797836045054345612,Tue Jun 04 03:41:29 +0000 2024,adya_rahmaa,@jokowi support terus,0,0,0,0,0,in
1797598812497932792,1797835555155358026,Tue Jun 04 03:39:33 +0000 2024,asa_dawilah,@PickNahroWin @jokowi Gimana caranya HIDUP kalo kerja 11 bulan MASIH BELUM DIBAYAR ???? kami yg disini kalo terlambat sebulan aja udah harus jual apa yg ada dirumah.,0,0,0,0,0,in
1797598812497932792,1797834965138469259,Tue Jun 04 03:37:12 +0000 2024,ijolnain,"@jaga_jarakk @jokowi @pln_123 @gibran_tweet Ngeri bang Berurusan dengan Pasukan Bayangan, Sama Bayangan Sendiri aja Takut, apalagi Bayangan di Kantor MA",0,0,1,0,0,in
1797598812497932792,1797834638691594346,Tue Jun 04 03:35:54 +0000 2024,Jelata_RI,@jokowi Akhirnya @RajaJuliAntoni berhasil juga🤣🤣🤣,0,0,0,0,0,in
1797598812497932792,1797833788657222136,Tue Jun 04 03:32:32 +0000 2024,rustamgultom2,"@jokowi Opsss ada apa dgn IKN..???
Tidak ada yg bisa menyelidiki karena semua tergantung pak lurah.",0,0,0,0,0,in
1797598812497932792,1797833032302575794,Tue Jun 04 03:29:31 +0000 2024,WenFiqih_ftlma,"@jokowi Saya hanya mengutip yng dikatakan abraham linkoln
""Kehilangan kepercayaan sesama warga negara anda sendiri, anda tidak akan pernah bisa mendapatkan kembali rasa hormat dan harga diri mereka"".",0,0,0,0,0,in
1797598812497932792,1797831811210604729,Tue Jun 04 03:24:40 +0000 2024,jaga_jarakk,"@ijolnain @jokowi @pln_123 Lapor ke anaknya aja bang, nanti ada pasukan bayangan alias siluman yg akan bergerak tepat waktu,@gibran_tweet",1,0,1,0,0,in
1797598812497932792,1797830742116114821,Tue Jun 04 03:20:25 +0000 2024,jaga_jarakk,"@jokowi Berhenti ataw dipaksa ngundurin diri pk?, karna gk ada pengusaha  yg minat investasi di IKN.",0,0,0,0,0,in
1797598812497932792,1797830497005195430,Tue Jun 04 03:19:27 +0000 2024,Salmanbest41489,@jokowi Semoga negara kita tdk bangkrut amin.. Kalo misalnya itu terjadi siapa yg tanggung jawab.,1,0,1,0,0,in
1797598812497932792,1797830257959174320,Tue Jun 04 03:18:30 +0000 2024,adzka_dadang,@jokowi setuju,0,0,0,0,0,in
1797598812497932792,1797830002748293164,Tue Jun 04 03:17:29 +0000 2024,Alfiansyahfahri,"@todosianipar71 @johanitugue @jokowi Bupati @DeliSerdang_Kab boss.. Biar ada kerjaan mereka,,",1,0,1,0,0,in
1797598812497932792,1797829704176857260,Tue Jun 04 03:16:18 +0000 2024,MMaskris,@jokowi Sekelas proyek mercusuar  ketua otoritasnya 11 bulan ga digaji.. Miris,0,0,0,0,0,in
1797598812497932792,1797829207986430037,Tue Jun 04 03:14:19 +0000 2024,gakduluu_,@jokowi Enya sok kumaha umak we ah lieur,0,0,0,0,0,in
1797598812497932792,1797828490680750466,Tue Jun 04 03:11:28 +0000 2024,charles_si81970,"@jokowi Dulu bapak bilang sudah tidak ada beban, kami pikir bapak mau gilas habis koruptor ehh.. ternyata sampe akhir kepemimpinan bapak korupsi malah semakin menggila, berani frontal dan tersenyum seraya berkata ""Aku lebih berkuasa dari penguasa"".
Kalau bgini langkah caturnya ywdh kita",2,0,0,0,0,in
1797598812497932792,1797828393398137227,Tue Jun 04 03:11:05 +0000 2024,nababanna2101,@jokowi Pak apa manfaat TAPERTA itu buat karyawan,0,0,0,0,0,in
1797598812497932792,1797827846855094753,Tue Jun 04 03:08:55 +0000 2024,fhinoalfhian,@jokowi Berita ini bener apa bohong sih??? https://t.co/kQt1vMzT4g,5,1,0,0,0,in
1797598812497932792,1797827096066376029,Tue Jun 04 03:05:56 +0000 2024,bokulos_,@jokowi Gimana tdk mau mengundurkan diri 11 Bulan gajinya telat Di bayar https://t.co/Dg9R2RZyw8,17,2,2,0,0,in
1797598812497932792,1797825682975965356,Tue Jun 04 03:00:19 +0000 2024,Yukaw87,"@jokowi Klo ngundurin diri, faji bisa dicairin y",0,0,0,0,0,in
1797598812497932792,1797823945351266545,Tue Jun 04 02:53:25 +0000 2024,masgubrak,@TitaMar80993092 @jokowi biasanya langsung ada himbauan agar langsung pindah aja ke Taiwan 😁,0,0,0,0,0,in
1797598812497932792,1797822807046504678,Tue Jun 04 02:48:53 +0000 2024,nopnopkuy,"@jokowi Segera @corbuzier undang podcast pak bambangnya, sama bang @sumargodenny jg lnsg podcast jaminan trending pastinya",0,0,0,0,0,in
1797598812497932792,1797820124206100610,Tue Jun 04 02:38:14 +0000 2024,ali_pramono5,@jokowi Tolong diaudit kinerja dan keuangan nya... KPK atau BPK ????,0,0,0,0,0,in
1797598812497932792,1797819752997683617,Tue Jun 04 02:36:45 +0000 2024,Palupi025,@jokowi Kasihan pak Basuki rangkap jabatan bnyk bnget.,0,0,0,0,0,in
1797598812497932792,1797817041015177285,Tue Jun 04 02:25:59 +0000 2024,rajab_yudhis,@Gh1ffary_ @jokowi https://t.co/FA4ZSv2rpA,0,0,0,0,0,qme
1797598812497932792,1797815225401716904,Tue Jun 04 02:18:46 +0000 2024,vellowMe,@jokowi Menteri Basuki sepertinya sangat tertekan,0,0,0,0,0,in
1797598812497932792,1797815068807385348,Tue Jun 04 02:18:08 +0000 2024,todosianipar71,"@dudut_11837 @jokowi Presiden biasanya mau memperhatikan keluhan masyarakat, gak perlu loe yg jawab",0,0,0,0,0,in
1797598812497932792,1797814812115865963,Tue Jun 04 02:17:07 +0000 2024,todosianipar71,@johanitugue @jokowi Level siapa yg perlu saya mintain tolong? Saya mewakili daerah yg terkena banjir. Gak mungkin saya minta ke level loe🤣🤣🤣,0,0,1,0,0,in
1797598812497932792,1797814483727065570,Tue Jun 04 02:15:49 +0000 2024,todosianipar71,"@mfarhantu @jokowi Yg dijilat siapa?  Saya minta ke presiden pilihan kami,keberatan ?",0,0,1,0,0,in
1797598812497932792,1797814254458048900,Tue Jun 04 02:14:54 +0000 2024,todosianipar71,"@adindundendon @mfarhantu @jokowi Hama republik, presiden RI dipilih mayoritas dalam pemilu , keluarga loe keberatan? Saya minta tolong ke presiden pilihan kami, keluarga loe keberatan? Minta ke keluarga loe yg tdk jelas, pakai kata junjungan 🤣🤣🤣, presiden @jokowi adalah yg terbaik 👍",0,0,0,0,0,in
1797598812497932792,1797812610077020628,Tue Jun 04 02:08:22 +0000 2024,edosariawa55089,@jokowi loh,0,0,0,0,0,und
1797598812497932792,1797811298954256495,Tue Jun 04 02:03:10 +0000 2024,haryahehe,@Bang_Bidji @jokowi Buat bekal kalo udh gk jd menteri lagi.,0,0,0,0,0,in
1797598812497932792,1797810638749835332,Tue Jun 04 02:00:32 +0000 2024,RonZ53,@jokowi Banyak2 Istighfar pak de,0,0,0,0,0,in
1797598812497932792,1797810053346644319,Tue Jun 04 01:58:13 +0000 2024,masfick_15,@jokowi Lho..bukannya beliau berdua mengundurkan diri pak?? Bukan diberhentikan?? https://t.co/WQ0ouczSaL,3,1,0,0,0,in
1797598812497932792,1797809746348740943,Tue Jun 04 01:56:59 +0000 2024,alekda,@jokowi Belum termasuk yg 8000 T ya .. AmAn (ambyar anggaran). https://t.co/EMBuG8dncz,2,0,0,0,0,in
1797598812497932792,1797809706972717382,Tue Jun 04 01:56:50 +0000 2024,dudut_11837,@todosianipar71 @jokowi Kamu cuma penjilat....urusan parit kok nyampe presiden...😡😡,1,0,1,0,0,in
1797598812497932792,1797809607878054274,Tue Jun 04 01:56:26 +0000 2024,dani_atrpl,"@IndraMahardhany @ijolnain @jokowi @pln_123 Klo punya modal baik kak, kan lumayan juga modal tenaga surya nya.",0,0,0,0,0,in
1797598812497932792,1797809106998489491,Tue Jun 04 01:54:27 +0000 2024,haryahehe,"@jokowi Gaji emang ratusaan juta, tapi kalo hampir setahun gak dibayarkan oleh pemerintah ya buat apa 💃💃",0,0,0,0,0,in
1797598812497932792,1797809072517046606,Tue Jun 04 01:54:19 +0000 2024,retnosetyow4t,@GYatmoko @jokowi 🤣🤣🤣,1,0,0,0,0,qme
1797598812497932792,1797808852878119119,Tue Jun 04 01:53:26 +0000 2024,Muhammad1851562,"@andelumut03 @36Dpib12339 @5lamate @jokowi ngak 270 juta juga, ada 58% persen yg dengan rela ikut apapun kata mukidi?",0,0,1,0,0,in
1797598812497932792,1797808837065642399,Tue Jun 04 01:53:23 +0000 2024,Yuliartfega,@chingkocing @KowuLaode341884 @jokowi kalau yang milih itu seolah ditipu bukan karena bodoh. aturan partai politik ini yang banyak merugikan orang selain golongan mereka,1,0,0,0,0,in
1797598812497932792,1797807806848119208,Tue Jun 04 01:49:17 +0000 2024,AjizGame,@gilang_ahm31272 @jokowi @SBYudhoyono Penulisnya ja Nyesel Knp dulu gk Cawe2 dia.. Makanya Ngotot Nitipin anaknya jd Jongos Mukidi gkpapalah....,3,0,0,0,0,in
1797598812497932792,1797806433502904492,Tue Jun 04 01:43:50 +0000 2024,SufraDafika,"@jokowi Suka² bapak dan teman² bapak sajalah, toh setiap kritik cuma paduka anggap noice saja,.. bahkan ada yg bilang silahkan angkat kaki dari Indonesia ke pada mereka yg kritik.. ok gas, ok gas..",0,0,0,0,0,in
1797598812497932792,1797805816021656011,Tue Jun 04 01:41:22 +0000 2024,sesar_arief,"@jokowi visi misi bersama , karepmu dewe",0,0,0,0,0,in
1797598812497932792,1797805806555197562,Tue Jun 04 01:41:20 +0000 2024,ijolnain,"@taufant8458535 @jokowi @pln_123 Didatangi Petugas nya ke rumah pun sudah pak, perihal Saya memberikan Feedback Negativ di APP @pln_123  MOBILE, Tak Takut Saya Pak Kalo saya benar",9,1,3,0,0,in
1797598812497932792,1797805447002644775,Tue Jun 04 01:39:54 +0000 2024,GYatmoko,"@retnosetyow4t @jokowi Gak didenger, wong yg ngetik di twitter pakde itu mas andi 🤣🤣🤣",1,0,1,0,0,in
1797598812497932792,1797805276286058683,Tue Jun 04 01:39:14 +0000 2024,Pengabdi99,@jokowi Kasih ke luhut aja bos... Kan dia itu org sakti bisa urus apa saja dr hulu ke hilir... Oiya... Vaksin merah putih sampean apa kabar bos? Sdh brp milyar APBN digelontorkan utk itu?,0,0,0,0,0,in
1797598812497932792,1797804736353374364,Tue Jun 04 01:37:05 +0000 2024,MyKaffah_,"@jokowi Pak mohon pak, kejelasan ttg Perpanjangan SIM knp harus wajib punya BPJS?",0,0,0,0,0,in
1797598812497932792,1797803908678709335,Tue Jun 04 01:33:48 +0000 2024,retnosetyow4t,@HamdaanLW825Ky @jokowi @prabowo Bingung cari duitnya kali bang makanya aras2 sen,1,0,1,0,0,in
1797598812497932792,1797803592545718744,Tue Jun 04 01:32:32 +0000 2024,neuer111083,"@AdrianWaworuntu @Ombahku @jokowi @nahdlatululama @nu_online @KementerianESDM @humasminerba @bahlillahadalia @bkpm Kalaupun nonton, pertama ndableg atau tidak paham ... 🤣",0,0,0,0,0,in
1797598812497932792,1797803312571638080,Tue Jun 04 01:31:25 +0000 2024,retnosetyow4t,"@jokowi Pak terbitkan kepres miskinkan koruptor dan hukum mati dong soalnya korupsi di jaman bapak mimpin ini gila2 an , investor aja sampe ogah inpes in mi kantri",4,0,2,0,0,in
1797598812497932792,1797803250407911586,Tue Jun 04 01:31:11 +0000 2024,neuer111083,"@bunianggg @Ombahku @jokowi @nahdlatululama @nu_online @KementerianESDM @humasminerba @bahlillahadalia @bkpm Dulu ente pilih keberlanjutan, kah ... 🤔",0,0,0,0,0,in
1797598812497932792,1797802511006605488,Tue Jun 04 01:28:14 +0000 2024,831212Y,"@jokowi Pembangunan IKN akan terus berlanjut sesuai visi bersama? yang telah ditetapkan, muke gile, visi bersama siapa? Udah ga bisa senengin rakyat, janganlah nyusahin rakyat mau lengser, belum puas pak 10 tahun?.",0,0,0,0,0,in
1797598812497932792,1797802438109675724,Tue Jun 04 01:27:57 +0000 2024,dilan_evano,@jokowi support terus,0,0,0,0,0,in
1797598812497932792,1797802101034365324,Tue Jun 04 01:26:37 +0000 2024,ijolnain,"@beyoubeau @jokowi @pln_123 Apalah Kami pak, Kabupaten Kecil dan Hanya Warga Sipil Biasa Tanpa Jabatan dan Bukan ANAK PRESIDEN 🤭",4,0,1,0,0,in
1797598812497932792,1797801720048947495,Tue Jun 04 01:25:06 +0000 2024,atietsai,@moejeep_pelung @jokowi bentar lagi rakyat dicekek pajak demi IKN🤣,0,0,0,0,0,in
1797598812497932792,1797801675799073262,Tue Jun 04 01:24:55 +0000 2024,3rI4ng,@Maleo_Berekor @Kangerzet @junoherpito @jokowi @RajaJuliAntoni https://t.co/oQFlmhw4NU,0,0,1,0,0,qme
1797598812497932792,1797801663115501811,Tue Jun 04 01:24:52 +0000 2024,antuyyay,"@jokowi Kalo pak bas jg resign hancurlah negara.

Gibran ngga mampu?",0,0,0,0,0,in
1797598812497932792,1797799543972749398,Tue Jun 04 01:16:27 +0000 2024,txtdrsunarto,@jokowi Hehe maksain pak,0,0,0,0,0,in
1797598812497932792,1797799233267118147,Tue Jun 04 01:15:13 +0000 2024,moejeep_pelung,@EffendiRistriy1 @jokowi @NikolaDiredja3 Goblokmu unlimited,2,0,1,0,0,tl
1797598812497932792,1797799118490017973,Tue Jun 04 01:14:45 +0000 2024,alrasyidstore,@jokowi Ngga ada yg investasi ya pa di ikn? Katanya yg mau invest udah ngantri? Nggedebruss lah jenengan...,0,0,0,0,0,in
1797598812497932792,1797798480506933535,Tue Jun 04 01:12:13 +0000 2024,moejeep_pelung,"@jokowi Sok2an bikin ibu kota, tapi nggak kuat bayar pekerjanya... 
Dasar otaknya ketinggalan di got",2,0,1,0,0,in
1797598812497932792,1797797815936315638,Tue Jun 04 01:09:35 +0000 2024,beyoubeau,"@ijolnain @jokowi @pln_123 Lapor ke anaknya pak. Dulu bobon lapor ke anaknya langsung dikerjakan. Tp itu bobon youtuber terkenal seindonesia, tp smg bapak jg didengar ya, meski bukan youtuber terkenal",9,0,1,0,0,in
1797598812497932792,1797797742263271563,Tue Jun 04 01:09:17 +0000 2024,fitria_rizqi76,@jokowi setuju,0,0,0,0,0,in
1797598812497932792,1797797718640996862,Tue Jun 04 01:09:12 +0000 2024,Abed_Adiyaksa,"@jokowi Proyek ambisius yg gagal total, harapannya banyak investor asing yg ber-bondong2 datang, tapi kena prank.
Effect terburuk bagi rakyat jadi kena kibul dgn bebankenaikan pajak dan proyek TAPERA...mampus to, rakyat2 kecil😭😭😭",2,0,0,0,0,in
1797598812497932792,1797796946121519512,Tue Jun 04 01:06:08 +0000 2024,26ch7_as,"@SuciptoCip30652 @jokowi Klo presiden RI meras rakyat dari pajak sampe Tapera cari uang sama rakyat buat bangun IKN, trus kasi kenyang pejabatnya buat korupsi",0,0,0,0,0,in
1797598812497932792,1797796468260229517,Tue Jun 04 01:04:14 +0000 2024,Tjasmoro,@TitaMar80993092 @jokowi @DivHumas_Polri katanya udah berubah? Kok malah makin terkuak satu per satu? Duit ya?,2,0,0,0,0,in
1797598812497932792,1797795597136904437,Tue Jun 04 01:00:46 +0000 2024,26ch7_as,@gilang_ahm31272 @jokowi @SBYudhoyono Halaaa dia juga cawe cawe biar anaknya dapat jatah mentri 11 12 lah kalian denfan si wiwi dan wowo 😂😂,0,0,0,0,0,in
1797598812497932792,1797795323253027248,Tue Jun 04 00:59:41 +0000 2024,abinandar2003,@jokowi Investor bakal kabur semua pak..,2,0,0,0,0,in
1797598812497932792,1797794768212402535,Tue Jun 04 00:57:28 +0000 2024,mrqables,@jokowi Ga bs narik investor sih kta anaknya kmren sudah bnyk bs d cek d google 🤣,0,0,0,0,0,in
1797598812497932792,1797794525785838071,Tue Jun 04 00:56:31 +0000 2024,FredOm98003669,@Ombahku @jokowi @nahdlatululama @nu_online @KementerianESDM @humasminerba @bahlillahadalia @bkpm Kira kira ormas mana yg teriak HOREEE  ya,0,0,0,0,0,in
1797598812497932792,1797794132842463580,Tue Jun 04 00:54:57 +0000 2024,gusdureen,"@KowuLaode341884 @jokowi Wow, kaskus PKI @PDI_Perjuangan  top banget 👍",3,0,0,0,0,in
1797598812497932792,1797793566586266059,Tue Jun 04 00:52:42 +0000 2024,moechlissinna,@junoherpito @jokowi @RajaJuliAntoni Ingat sejarah pengkhianatan orang tionghoa terhadap jogja,6,0,0,0,0,in
1797598812497932792,1797793277447700557,Tue Jun 04 00:51:33 +0000 2024,andy_a_dhanny88,"@jokowi Min kasih tau sm mukidi ,jgn dipikir IKN itu sperti roro jongrang dalam 1 malam bs berdiri tuh IKN, kedua juga jgn byk pencitraan yg kesana kemari menghabiskan anggaran ,bansos , korup paling menggila di era mukidi , jd jgn MIMPI investor mau investasi di IKN !",0,0,0,0,0,in
1797598812497932792,1797792951109902530,Tue Jun 04 00:50:15 +0000 2024,abinandar2003,"@HamdaanLW825Ky @jokowi @prabowo Beda makna ""pemberhentian dg hormat vs resign"" ..",1,0,0,0,0,in
1797598812497932792,1797792388292935749,Tue Jun 04 00:48:01 +0000 2024,adindundendon,"@todosianipar71 @mfarhantu @jokowi iya lo masih dipelihara oleh negara. lo, emak lo dan keluarga besar lo masih dipelihara oleh negara.. wkwkwkwkwkwk",0,0,1,0,0,in
1797598812497932792,1797792336476582197,Tue Jun 04 00:47:49 +0000 2024,rdimaztarif,@5lamate @jokowi Duit habis buat pilpres 2024 kan ... Makannya g ada duit buat iKN ... Makanya maksa TAPERA kan,1,0,0,0,0,in
1797598812497932792,1797792216779550904,Tue Jun 04 00:47:20 +0000 2024,syakur_ardana31,@jokowi support terus,0,0,0,0,0,in
1797598812497932792,1797792169283211357,Tue Jun 04 00:47:09 +0000 2024,Brandon66667009,@jokowi Harus JOKOWI yg cari alat bukti? @ListyoSigitP https://t.co/RcxhZSWsOY,0,0,0,0,0,in
1797598812497932792,1797791902844219786,Tue Jun 04 00:46:05 +0000 2024,jedhot5,@jokowi gak digaji 11 bulan mana ada yg mau.....,0,0,0,0,0,in
1797598812497932792,1797791391130824917,Tue Jun 04 00:44:03 +0000 2024,12hc4f,@jokowi Proyek sampah,0,0,0,0,0,in
1797598812497932792,1797791354527109140,Tue Jun 04 00:43:54 +0000 2024,sel_vania,@jokowi support terus,0,0,0,0,0,in
1797598812497932792,1797791088641704282,Tue Jun 04 00:42:51 +0000 2024,gusdureen,"@Zikrulhaki92134 @jokowi Tentu tidak..😂
Pencitraan jokowi bisa hancur berantakan.. rungkat!
#StopIKNBebanAPBN",0,0,0,0,0,in
1797598812497932792,1797790385869303872,Tue Jun 04 00:40:03 +0000 2024,kiwalipitu,@desmodromici1 @jokowi Apakah cukup diberi Bansos saja?😂😇😇😇,1,0,0,0,0,in
1797598812497932792,1797790263680933903,Tue Jun 04 00:39:34 +0000 2024,KangDin921,@netradahana1 @TitaMar80993092 @jokowi Padahal yang jadi pemerintah juga asalnya dari rakyat juga ya 😁,0,0,0,0,0,in
1797598812497932792,1797789960722166269,Tue Jun 04 00:38:22 +0000 2024,bungdree,@jokowi Wahahahha mundur dulu baru diberhentikaaaaaannn,1,0,0,0,0,in
1797598812497932792,1797789861174555011,Tue Jun 04 00:37:58 +0000 2024,_hompimpha,"@jokowi Suka-suka loe aja lah wi, loe kan presiden. Lagian loe makin ke sini makin ke sana.",0,0,0,0,0,in
1797598812497932792,1797789740332449837,Tue Jun 04 00:37:30 +0000 2024,amirsyamsudin,"@TitaMar80993092 @jokowi Lebih h
Hal yg mengerikan spt ini sdh dianggap biasa.",0,0,0,0,0,in
1797598812497932792,1797789261460353215,Tue Jun 04 00:35:35 +0000 2024,Rudiyon58752549,@jokowi Hem,0,0,0,0,0,und
1797598812497932792,1797789196196991076,Tue Jun 04 00:35:20 +0000 2024,BennyValentinus,@jokowi Emang si sampah juli raja antoni bisa apa? Menjilat doang bisanya,0,0,0,0,0,in
1797598812497932792,1797788744331993175,Tue Jun 04 00:33:32 +0000 2024,BennyValentinus,@KowuLaode341884 @jokowi Kalau ini hoax  jgn dilanjut. Mending hapus,0,0,0,0,0,in
1797598812497932792,1797788599749918898,Tue Jun 04 00:32:58 +0000 2024,Sangkalasur,@jokowi Dengan adanya Tapera bakal bikin kegaduhan karena ekonomi rakyat tingkat kemiskinan tinggi terutama di desa desa.,0,0,0,0,0,in
1797598812497932792,1797788474487046171,Tue Jun 04 00:32:28 +0000 2024,anthonyluhulima,"@jokowi Pak Presiden Jokowi yang kami cintai, mau tanya Pak Presiden, bagaimana kelanjutan Program Pembangunan Kereta Api Makassar- Manado(pp) mengingat nasibnya sdh hampir 10 tahun semakin tak jelas. Makassar-Parepare masih belum tuntas, Pak. Terimakasih Pak Presiden Jokowi Tercinta🙏😁",3,0,1,0,0,in
1797598812497932792,1797788034819309902,Tue Jun 04 00:30:43 +0000 2024,BennyValentinus,@gilang_ahm31272 @jokowi @SBYudhoyono Penulisnya masih hidup ya? Serius nanya.,0,0,1,0,0,in
1797598812497932792,1797787771102548263,Tue Jun 04 00:29:40 +0000 2024,sotoboyol,@TitaMar80993092 @jokowi @Miduk17 @PartaiSocmed  ini kacaw ini oknum nya,1,0,0,0,0,in
1797598812497932792,1797787375571021890,Tue Jun 04 00:28:06 +0000 2024,Musramidal67,@rimacahaya661 @jokowi 🤣🤣,1,0,1,0,0,qme
1797598812497932792,1797787105742963195,Tue Jun 04 00:27:01 +0000 2024,adhe_cj,"@jokowi Kebut trs pak, krn oktober sdh lain lgi rencana!",1,0,0,0,0,in
1797598812497932792,1797786971260993938,Tue Jun 04 00:26:29 +0000 2024,BennyValentinus,@jokowi Kog bukan kaesang dan bobby yg diangkat. ?,0,0,0,0,0,in
1797598812497932792,1797786848615608753,Tue Jun 04 00:26:00 +0000 2024,Dpram_Balik,@Nndraee7 @jokowi @prabowo @gibran_tweet 😅🤣🤦,1,0,0,0,0,qme
1797598812497932792,1797786158169993233,Tue Jun 04 00:23:16 +0000 2024,Nndraee07,@Dpram_Balik @jokowi ini alasan utama knp @jokowi meminta @prabowo berkantor di IKN dan @gibran_tweet ditunjuk sbg ketua otoritas merger wilayah bopuncur jabotabek: biar fokus jualan asset lahan property negara hahahaaaaa,1,0,1,0,0,in
1797598812497932792,1797785749275705562,Tue Jun 04 00:21:38 +0000 2024,Dedy44169434,"@Awandiatassana @jokowi Jane ethes komisaris aja lah, soalnya belum disunat",0,0,0,0,0,in
1797598812497932792,1797785681600667784,Tue Jun 04 00:21:22 +0000 2024,W_sepuluh,@andelumut03 @jokowi Harusnya gambarnya d ganti si rakyat yg mompa sumur nya,0,0,0,0,0,in
1797598812497932792,1797785186073235797,Tue Jun 04 00:19:24 +0000 2024,Dpram_Balik,@Nndraee7 @jokowi https://t.co/ma9twHALON,1,0,1,0,0,qme
1797598812497932792,1797784992233492673,Tue Jun 04 00:18:38 +0000 2024,Hu5n4f412f424,@jokowi Bagaimana kalau akhirnya mangkrak  ?,0,0,0,0,0,in
1797598812497932792,1797784989318181304,Tue Jun 04 00:18:37 +0000 2024,AlfaruqBevri,@jokowi #bajinganTolol https://t.co/82g8tUHZdB,10,2,0,0,0,qme
1797598812497932792,1797784878752186478,Tue Jun 04 00:18:10 +0000 2024,Nndraee07,@Dpram_Balik @jokowi Jual juga lahan hijau monas plus emasnya yg ada dipuncaknya hahahaaaaa,1,0,1,0,0,in
1797598812497932792,1797784699688894687,Tue Jun 04 00:17:28 +0000 2024,Ubay96,"@hutapeacpg @TitaMar80993092 @jokowi @ListyoSigitP Hmm.. nanti akan kita pelajari kasusnya dgn baik dan seksama dalam tempo yang sesingkat2nya.
Ok, gitu dulu ya. Terima kasih",0,0,0,0,0,in
1797598812497932792,1797783937470570631,Tue Jun 04 00:14:26 +0000 2024,Dpram_Balik,@Nndraee7 @jokowi Buahahaha...wkwkwk🤣🤣,1,0,1,0,0,in
1797598812497932792,1797783777378258957,Tue Jun 04 00:13:48 +0000 2024,Nndraee07,"@Dpram_Balik @jokowi kalok kagak dijual utk apa ayo hahahaaaaa
ayo @jokowi jual tower baru PUPR dan lahan-rumah dinas di lebak bulus hahahaaaaaaa",1,0,1,0,0,in
1797598812497932792,1797783682666631339,Tue Jun 04 00:13:25 +0000 2024,cenocci,"@junoherpito @jokowi @RajaJuliAntoni Belajar sejarah dik. Toh walaupun begitu tapi selalu menempati posisi terbesar orang terkaya di NKRI. Itu artinya, tanahnya sudah banyak. 😅",2,0,0,0,0,in
1797598812497932792,1797782856837599729,Tue Jun 04 00:10:08 +0000 2024,Ubay96,@Ombahku @jokowi @nahdlatululama @nu_online @KementerianESDM @humasminerba @bahlillahadalia @bkpm Akibat kebodohan yang sudah merakyat,1,0,0,0,0,in
1797598812497932792,1797782656437952947,Tue Jun 04 00:09:21 +0000 2024,cenocci,"@jokowi @RajaJuliAntoni ngurus IKN, wkwkwkwkwk! 😂",0,0,0,0,0,in
1797598812497932792,1797782520785764792,Tue Jun 04 00:08:48 +0000 2024,pulungarbi,@jokowi Pemberhentian atau mengundurkan diri? 😂,0,0,0,0,0,in
1797598812497932792,1797782467660673157,Tue Jun 04 00:08:36 +0000 2024,Dpram_Balik,@Nndraee7 @jokowi Saran nya bagus juga😂🤣🤣🤣,1,0,1,0,0,in
1797598812497932792,1797782302988128451,Tue Jun 04 00:07:56 +0000 2024,vladinord01,@gilang_ahm31272 @jokowi @SBYudhoyono Don't like that lah. Ntar ada yang tersinggung. Kasihan.,1,0,0,0,0,in
1797598812497932792,1797780710495080776,Tue Jun 04 00:01:37 +0000 2024,netradahana1,"@TitaMar80993092 @jokowi Memang begitu negeri konoha, banyak korupsinya maka pasti banyak masalahnya. Rakyat jadi bulan2an.",0,0,1,0,0,in
1797598812497932792,1797780465006645514,Tue Jun 04 00:00:38 +0000 2024,tukangpermaks,"@jokowi Rumor nya beliau belum Terima gaji hampir setahun pak, benarkah?",0,0,0,0,0,in
1797598812497932792,1797780195912651224,Mon Jun 03 23:59:34 +0000 2024,apergian,@Gh1ffary_ @jokowi https://t.co/HNAwvOrC9J,0,0,0,0,0,qme
1797598812497932792,1797780193685414394,Mon Jun 03 23:59:33 +0000 2024,yellowgrassroot,@jokowi Ambisi pribadi harusnya dibiayai uang pribadi,0,0,0,0,0,in
1797598812497932792,1797780010830540846,Mon Jun 03 23:58:50 +0000 2024,netradahana1,"@ijolnain @jokowi @pln_123 Begitulah negeri konoha, banyak korupsinya maka banyak masalahnya.",2,0,0,0,0,in
1797598812497932792,1797779652515426728,Mon Jun 03 23:57:24 +0000 2024,chelseaariani,@jokowi Prasaan orangnya mengundurkan diri tu..bukan diberhentikan 😁,0,0,0,0,0,in
1797598812497932792,1797779628364624167,Mon Jun 03 23:57:19 +0000 2024,NapiPKS,@PickNahroWin @jokowi Beda nasibnya dgn pimpinan2 yg di Jakarta yg hidupnya enak &amp; nyaman mrk tinggal main perintah pokoknya IKN harus selesai beres &amp;  tepat waktu,2,0,0,0,0,in
1797598812497932792,1797779513272889390,Mon Jun 03 23:56:51 +0000 2024,PacePolemon,@LantjarDjayaa @jokowi Maaf sy hutang dulu nanti bulan ke 12 akhir sy bayar 🤣,0,0,0,0,0,in
1797598812497932792,1797778978641727877,Mon Jun 03 23:54:44 +0000 2024,CaliqDarso26900,@Duren___ @jokowi Jorjoran angaraan demi pencitraan dan anak,1,0,0,0,0,in
1797598812497932792,1797778686390972519,Mon Jun 03 23:53:34 +0000 2024,Nndraee07,"@jokowi aku sawer solusi buat kedunguan poll mentok @jokowi 
1. Jual gedung MPR DPR  dan Manggala wanabakti dg perjanjian serah trima setelah IKN jd. lsg dapat duit cash.
2. Jual property rumah dinas menteri n anggota DPR MPR cash n carry
3. Jual ajach semua biar zero hutang baru",1,0,2,0,0,in
1797598812497932792,1797777814659490104,Mon Jun 03 23:50:06 +0000 2024,ijolnain,"@donyfirman10 @jokowi @pln_123 10x SETIAP HARI, BUKAN 1 Tahun Bang",4,0,3,0,0,in
1797598812497932792,1797777678734627065,Mon Jun 03 23:49:34 +0000 2024,saidmarwan11,@gngmulyana @jokowi Siapa yang mau berinvestasi di proyek yg nggak di ridhoi rakyat Republik Indonesia...?,0,0,0,0,0,in
1797598812497932792,1797777536283480439,Mon Jun 03 23:49:00 +0000 2024,sastri200531,@jokowi Dulu 2012 2014 2019 saya pendukung fanatik pk jokowi sekeluarga Tapi setelah prabroro bergabung dengan pemerintah an saya dengan sendirinya mundur teratur..mohon maaf,3,0,0,0,0,in
1797598812497932792,1797777473922601430,Mon Jun 03 23:48:45 +0000 2024,dwiirwan14,@todosianipar71 @jokowi Manja amat kerja bakti lah masa urusan kecil seuprit harus presiden...kata pendukungnya,2,0,0,0,0,in
1797598812497932792,1797777019901710561,Mon Jun 03 23:46:57 +0000 2024,PartnersSu11267,"@jokowi Kalau tidak mampu keuangan jangan di paksakan akibatnya, lebih bagus di gunakan keuangan untuk kesejahteraan rakyat dan pertumbuhan ekonomi rakyat, banyak rakyat sekarang jadi penganguran dan kemiskinan, dan kejahatan, serta korupsi banyak terjadisekarang.",3,0,0,0,0,in
1797598812497932792,1797776193808445533,Mon Jun 03 23:43:40 +0000 2024,xeon2244,"@jokowi ayo tapera di kebut, ikn dan makan siang butuh dana segar!",0,0,0,0,0,in
1797598812497932792,1797776152737747438,Mon Jun 03 23:43:30 +0000 2024,u_dish,@jokowi Mentri dan wamen itu seperti jabatan hadiah dan main main ya. Bagaimana mungkin mentri merangkap beberapa jabatan sekaligus. Bagaimana bisa fokus. Tapi sudahlah cuma bisa istighfar.,0,0,0,0,0,in
1797598812497932792,1797775145962291341,Mon Jun 03 23:39:30 +0000 2024,DanangF11964,"@jokowi Usul Pak, stop aja dulu IKN. Dari pada buang2 duit negara, pake utang triliunan pula.
Biar pemerintahan baru yg nerusin, dgn ide dan cara yg berbeda",0,0,0,0,0,in
1797598812497932792,1797775119659741598,Mon Jun 03 23:39:24 +0000 2024,fajar_adriann1,@jokowi mantap,0,0,0,0,0,in
1797598812497932792,1797775094397448506,Mon Jun 03 23:39:18 +0000 2024,rakabayu2,"@jokowi Mohon Batalkan TAPERA pak.. 
Beban iuran kami sudah terlalu banyak utk negara..!!",0,0,0,0,0,in
1797598812497932792,1797774573259440536,Mon Jun 03 23:37:13 +0000 2024,NapiPKS,@jokowi Pimpinan mulai kehilangan wibawa bawahan2 mulai enggan mendengar &amp; menaati perintah kerjanya sdh setengah hati lebih sibuk memikirkan nasibnya sendiri kedepan setelah berakhirnya pemerintahan..hal spt ini lumrah terjadi,0,0,0,0,0,in
1797598812497932792,1797774333143810130,Mon Jun 03 23:36:16 +0000 2024,desmodromici1,@bryan_chung09 @jokowi Wkwkwk 🤣,1,0,0,0,0,in
1797598812497932792,1797774182790701233,Mon Jun 03 23:35:40 +0000 2024,darminah_minaa,@jokowi setuju,0,0,0,0,0,in
1797598812497932792,1797773035375853793,Mon Jun 03 23:31:07 +0000 2024,bandungupdate,"@jokowi Tanda tanda korupsi tercium,kalau ada yang mundur",0,0,0,0,0,in
1797598812497932792,1797772749907411048,Mon Jun 03 23:29:59 +0000 2024,mayang_dmyang1,@jokowi setuju,0,0,0,0,0,in
1797598812497932792,1797772682093904030,Mon Jun 03 23:29:43 +0000 2024,iwandermawan63,@jokowi Siap gabung ke IKN pa....pensiunan TNI drg ...SH MKn,0,0,0,0,0,in
1797598812497932792,1797772594307096644,Mon Jun 03 23:29:22 +0000 2024,isandi_nuryadin,@jokowi https://t.co/fzx2ZmVCSQ,0,0,0,0,0,qme
1797598812497932792,1797771911436571134,Mon Jun 03 23:26:39 +0000 2024,MataunTuon,@Duren___ @jokowi Hehehe ini..pamer kebodohan sendiri. Pelajari yg bener...,0,0,1,0,0,in
1797598812497932792,1797769877236895861,Mon Jun 03 23:18:34 +0000 2024,gilang_pratam1,@jokowi mantap,0,0,0,0,0,in
1797598812497932792,1797768487806611786,Mon Jun 03 23:13:03 +0000 2024,Fatrah_neo170,"@jokowi jabatan tinggal 4 bulan, legitimasiulai menipis..ikn berpotensi jadi megaskandal melebihi  Hambalang",0,0,0,0,0,in
1797598812497932792,1797768271711891758,Mon Jun 03 23:12:11 +0000 2024,MakanMasak,"@jokowi Oh ternyata ada yang ""jeles"" kok gak dia yang naik jabatan, malah nempatin ""anak baru"", ternyata partai anaknya bisa ngambekan juga ya, 🤭🤭",0,0,0,0,0,in
1797598812497932792,1797767845989990449,Mon Jun 03 23:10:30 +0000 2024,bany_banken,@jokowi support terus,0,0,0,0,0,in
1797598812497932792,1797767785701113920,Mon Jun 03 23:10:15 +0000 2024,todosianipar71,@adindundendon @mfarhantu @jokowi Masih dipiara,0,0,1,0,0,in
1797598812497932792,1797767678909939889,Mon Jun 03 23:09:50 +0000 2024,todosianipar71,@mfarhantu @jokowi Mosok ngeluh ke bapakmu yg bukan apa apa🤣,0,0,1,0,0,in
1797598812497932792,1797766332324458858,Mon Jun 03 23:04:29 +0000 2024,NapiPKS,@jokowi Sering terjadi menjelang akhir jabatan apalagi  tersisa cm 4 bln  terjadi krisis kepercayaan bawahan thd pimpinannya...tapi semoga saja tidak,0,0,1,0,0,in
1797598812497932792,1797766160542511389,Mon Jun 03 23:03:48 +0000 2024,Valdy2810,@junoherpito @jokowi @RajaJuliAntoni Gue setuju Pancasila harga MATI.tapi JANGAN USIK JOGYA HARGA MATI..PAHAM ELUU???,16,0,0,0,0,in
1797598812497932792,1797765885027049753,Mon Jun 03 23:02:42 +0000 2024,Tcahyo8,@Gh1ffary_ @jokowi Ini ini ini niii.. pendukung dungu yg goblok nya sebakul biar hidup sengsara tetap mendukung dan menyanjung.. haha haha haha haaa,0,0,0,0,0,in
1797598812497932792,1797765076877013335,Mon Jun 03 22:59:29 +0000 2024,Dede_Darmansyah,@jokowi Cape ditagih hutang material 😂,2,0,0,0,0,in
1797598812497932792,1797764609639846151,Mon Jun 03 22:57:38 +0000 2024,IndraMahardhany,"@ijolnain @jokowi @pln_123 Saran, lebih baik bikin listrik sendiri bang pakai panel surya. Caranya ada di yt. 🙏",1,1,4,0,0,in
1797598812497932792,1797763338182824358,Mon Jun 03 22:52:35 +0000 2024,Faizaljam,"@jokowi Semoga IKN gagal ya Allah

Doa dari rakyat atas rezim bangsat ini",0,0,2,0,0,in
1797598812497932792,1797763179956904298,Mon Jun 03 22:51:57 +0000 2024,farid_sofa,@jokowi Mana pendukung 58persen yang selalu puja puji Bapak Jokowi,0,0,0,0,0,in
1797598812497932792,1797763146494664725,Mon Jun 03 22:51:49 +0000 2024,TamiaAki,"@jokowi Pak de' mbok ya tak usah metu, ning buri wae lah 🤣",0,0,0,0,0,in
1797598812497932792,1797762854940209503,Mon Jun 03 22:50:40 +0000 2024,gadiprwr,"@jokowi Pemimpin jawa yg hilang jawanya ya jenengan pak. Sudah gak ada malu, gak ada pekewuh, gak ada rumongso.
Mantab, lanjutkan seperti ini sampai pengadilan yg sejatinya pak. ☝️",0,0,0,0,0,in
1797598812497932792,1797761883820396705,Mon Jun 03 22:46:48 +0000 2024,raymondsabar,@jokowi Bapak semakin kehilangan kemampuan dan kemauan mendengar,0,0,0,0,0,in
1797598812497932792,1797760943881097284,Mon Jun 03 22:43:04 +0000 2024,pbuaran11A,@jokowi Nggak pengaruh buat rakyat.,0,0,0,0,0,in
1797598812497932792,1797760615970419149,Mon Jun 03 22:41:46 +0000 2024,Sariden10687985,@jokowi https://t.co/yU1Er8qnme,4,1,0,0,0,qme
1797598812497932792,1797759666640040204,Mon Jun 03 22:37:59 +0000 2024,pln_123,"@ijolnain @SumardiyonoClp @jokowi @SumardiyonoClp  Hai Kak Sumardiyono, mohon maaf atas ketidaknyamanannya. Agar admin dpt menindaklanjuti perihal padam tsb,dpt menginformasikan alamat lengkapnya dan nomor teleponnya via dm atau lapor melalui aplikasi PLN Mobile pd Pengaduan. Admin tunggu ya Kak. Tks -Azul",0,0,2,0,0,in
1797598812497932792,1797759305057509818,Mon Jun 03 22:36:33 +0000 2024,jijah_anajahh1,@jokowi support terus,0,0,0,0,0,in
1797598812497932792,1797759166209225130,Mon Jun 03 22:36:00 +0000 2024,imhocmiiw,@jokowi Hahaha.. 🤣🤣🤣,0,0,0,0,0,tl
1797598812497932792,1797758843436568662,Mon Jun 03 22:34:43 +0000 2024,Scorp_1011,"@Yopiluthfi2 @jokowi Rakyat kecewa berat, pimpinan negara kali ini koq ndableg tenan. Miris! Sejarah mencatat semua kenekatannya, melampaui semua pemimpin sebelum2nya. Tp masalahnya, rakyat yg jd korban, termasuk NKRI &amp; Pancasila. Sedih!",2,0,0,0,0,in
1797598812497932792,1797758587911213433,Mon Jun 03 22:33:42 +0000 2024,boemialloh72,@Ombahku @jokowi @nahdlatululama @nu_online @KementerianESDM @humasminerba @bahlillahadalia @bkpm Percuma d tag .... Wong dasare Radeutek,1,0,0,0,0,in
1797598812497932792,1797757273122713643,Mon Jun 03 22:28:29 +0000 2024,FierCollec6141,"@todosianipar71 @jokowi pilih 2 kali terus pilih lagi lanjutkan, makan tu pilihan klen",2,0,0,0,0,in
1797598812497932792,1797757258375541147,Mon Jun 03 22:28:25 +0000 2024,d0nifirman,"@ijolnain @jokowi @pln_123 jangan lelah bersuara bang.. aku bantu retweet..

padahal PLN Over Supply Listrik pertahun di atas 20% dan disaat yg bersamaan ada daerah di Indonesia yang mati listrik 10x dalam 1 tahun🥺",4,0,1,0,0,in
1797598812497932792,1797757096924266797,Mon Jun 03 22:27:47 +0000 2024,yaudamah,@jokowi Ga ada duit kok maksa bangun mewah2,0,0,0,0,0,in
1797598812497932792,1797757094852210825,Mon Jun 03 22:27:46 +0000 2024,hsnsaputro,"@ArifSudraj50459 @jokowi Lha dr kemaren banyak yg ide suruh mundur, katanya tanggung bentar lg juga paripurna. Eh ga taunya wlopun sbentar ternyata bikin kerusakannya jg lumayan..ga nyangka bisa gitu y 😅",1,0,0,0,0,in
1797598812497932792,1797756270948290841,Mon Jun 03 22:24:30 +0000 2024,dimaswahab123,@jokowi Semangat untuk negri tercinta indonesia pak de.salam sehat dr bumi kalimantan timur.,0,0,0,0,0,in
1797598812497932792,1797755596239937869,Mon Jun 03 22:21:49 +0000 2024,scsuroso,"@KowuLaode341884 @jokowi Ya itulah yg membuatnya takut klo sdh ga jd presiden,, makanya segala cara dibuat agar bs berkuasa spy aman dari tuntutan hukum..",7,1,0,0,0,in
1797598812497932792,1797754947993522301,Mon Jun 03 22:19:14 +0000 2024,Saptariadi29392,@gilang_ahm31272 @jokowi @SBYudhoyono Menarik,1,0,0,0,0,in
1797598812497932792,1797754610356236340,Mon Jun 03 22:17:54 +0000 2024,sulaimanariefst,"@jokowi Kalau nyaman gak akan mundur, kalau mundur pasti ada sesuatu yg berat dan sulit. Sy kok yakin inilah ""hambalangmu"" pakde",0,0,0,0,0,in
1797598812497932792,1797754401362457051,Mon Jun 03 22:17:04 +0000 2024,mezhakath,@jokowi Lo kpn ?,0,0,0,0,0,in
1797598812497932792,1797754212614562122,Mon Jun 03 22:16:19 +0000 2024,sulaimanariefst,@todosianipar71 @jokowi Ya Ndak Tahu Kok Tanya Saya !!!,1,0,0,0,0,in
1797598812497932792,1797753935815647503,Mon Jun 03 22:15:13 +0000 2024,syhdan_frdauss,@jokowi mantap,0,0,0,0,0,in
1797598812497932792,1797753244665729265,Mon Jun 03 22:12:28 +0000 2024,NSundoko,@ijolnain @jokowi @pln_123 Saya tidak tahu dong. Kenapa tanya saya,1,0,0,0,0,in
1797598812497932792,1797753099286908975,Mon Jun 03 22:11:54 +0000 2024,northgate222,@TitaMar80993092 @jokowi Bangsat !!!!,0,0,0,0,0,in
1797598812497932792,1797753003421897096,Mon Jun 03 22:11:31 +0000 2024,M0nasUniversity,@SuciptoCip30652 @jokowi https://t.co/doKTyWPY5c,0,0,0,0,0,qme
1797598812497932792,1797752789327851534,Mon Jun 03 22:10:40 +0000 2024,mbangunCom,@jokowi berarti masa depan ikn dalam masalah besar. pak bambang susantono aja sampai mental dan investor makin takut. bisa bisa ikn bubar pak.,1,0,0,0,0,in
1797598812497932792,1797752725406658702,Mon Jun 03 22:10:25 +0000 2024,Maleo_Berekor,"@Kangerzet @junoherpito @jokowi @RajaJuliAntoni kelicikan keturunan Tionghoa?
Bukti2 kelicikannya apa Kang?",3,0,1,0,0,in
1797598812497932792,1797752666678054957,Mon Jun 03 22:10:11 +0000 2024,NSundoko,@gilang_ahm31272 @jokowi @SBYudhoyono Tak jauh beda dengan sekarang. Kupas tuntas,2,0,0,0,0,in
1797598812497932792,1797752005513089026,Mon Jun 03 22:07:33 +0000 2024,NJZUTD,@jokowi Btw itu design indonesia majunya jelek pakjok,0,0,1,0,0,in
1797598812497932792,1797751631448289534,Mon Jun 03 22:06:04 +0000 2024,M0nasUniversity,@pln_123 @ijolnain @jokowi serba salah jd PLN... ya contoh kecil pemerintahan Pak Joko,0,0,0,0,0,in
1797598812497932792,1797750808915915021,Mon Jun 03 22:02:48 +0000 2024,aleba1203,@jokowi Tanda tanda mau mangkrak pak...,0,0,0,0,0,in
1797598812497932792,1797750614375698702,Mon Jun 03 22:02:01 +0000 2024,Suta35812245,"@jokowi Komentar saya bodo amat pak..ora urus.
Beras mahal beras. Mikir",3,0,0,0,0,in
1797598812497932792,1797750137122615557,Mon Jun 03 22:00:07 +0000 2024,petanisaja,@jokowi Angkat kaesang jd ketua OIKN pak.,0,0,0,0,0,in
1797598812497932792,1797749979769078051,Mon Jun 03 21:59:30 +0000 2024,noturtypehah,@todosianipar71 @tiswosolihin6 @jokowi Membebani rakyat kaliii,0,0,0,0,0,in
1797598812497932792,1797748327959912856,Mon Jun 03 21:52:56 +0000 2024,elvano_kazwa,@jokowi support terus,0,0,0,0,0,in
1797598812497932792,1797746593334174030,Mon Jun 03 21:46:03 +0000 2024,imeldaindriast1,"@DhannyAgus29159 @KowuLaode341884 @jokowi Saya ngk merasa hancur pak, malah lebih baik sekarang kemana2 jadi mudah",1,0,1,0,0,in
1797598812497932792,1797744890140561456,Mon Jun 03 21:39:16 +0000 2024,alekda,@jokowi https://t.co/X5QiMAvgES,0,0,0,0,0,qme
1797598812497932792,1797742713414295816,Mon Jun 03 21:30:37 +0000 2024,hamfachichi,@junoherpito @jokowi @RajaJuliAntoni Jogja pertahanan RI terakhir dari agresi militer belanda. Orang cina membantu belanda saat RI tinggal seluas Jogja. Sejak itu Sultan Jogja bersumpah orang cina tidak boleh memiliki tanah di Jogja selain sewa.,24,2,0,0,0,in
1797598812497932792,1797741984658133087,Mon Jun 03 21:27:44 +0000 2024,gifari_rudy,@jokowi mantap,0,0,0,0,0,in
1797598812497932792,1797741627152433434,Mon Jun 03 21:26:18 +0000 2024,SyakirHilim,"@jokowi Ok gas,ok gas",0,0,0,0,0,nl
1797598812497932792,1797740271754719545,Mon Jun 03 21:20:55 +0000 2024,AtikDarto,"@jokowi Mau komentar, takut ada ormas yang marah.🤔",0,0,0,0,0,in
1797598812497932792,1797740204926865626,Mon Jun 03 21:20:39 +0000 2024,hutapeacpg,@TitaMar80993092 @jokowi Gimana ini penerapan Polri Presisinya pak @ListyoSigitP ?!?,0,0,2,0,0,in
1797598812497932792,1797739995710795811,Mon Jun 03 21:19:50 +0000 2024,Sjaechu,@jokowi IKN bukan prestasi.. tapi menyelenggarakan masyarakat,1,1,0,0,0,in
1797598812497932792,1797739584841027718,Mon Jun 03 21:18:12 +0000 2024,HeruSus84372082,@ijolnain @jokowi @pln_123 Ancam viralkan .saya dulu juga gitu,1,0,0,0,0,in
1797598812497932792,1797737550150521241,Mon Jun 03 21:10:06 +0000 2024,maspar76,@jokowi Innalillahi wainaillaihi rojiun 😥,0,0,0,0,0,fi
1797598812497932792,1797735056611643408,Mon Jun 03 21:00:12 +0000 2024,bagaspati168,@jokowi Lemah,0,0,0,0,0,in
1797598812497932792,1797733845468639476,Mon Jun 03 20:55:23 +0000 2024,rudi_hadikusumo,"@jokowi Semoga IKN bubar ....., kaga penting juga kali ......",0,0,0,0,0,in
1797598812497932792,1797733275462709320,Mon Jun 03 20:53:07 +0000 2024,DewiK74166347,@jokowi Pak Prabowo aja  tidak mau pindah ke IKN .. gimana tuuh pak ? Padahal  uang Rakyat sdh Ratusan Triliun utk bikin IKN  😄🤣,0,0,0,0,0,in
1797598812497932792,1797730693126193552,Mon Jun 03 20:42:52 +0000 2024,AndriHarsa,"@jokowi Yang dulu menggebu² bangun IKN
Skrg mumet mau habis masa jabatannya 😁🤪",1,0,0,0,0,in
1797598812497932792,1797726332123787764,Mon Jun 03 20:25:32 +0000 2024,PrayogaAf,"@HamdaanLW825Ky @jokowi @prabowo Emang prosesnya spt itu.. Dari yg bersangkutan mengajukan surat pengunduran diri (Ini artinya belum resmi, krn baru 1 pihak, ada proses negosiasi disana). Setelah tidak menemui jalan keluar, dikeluarkan surat pemberhentian secara hormat (resmi, kesepakatan 2 pihak)",1,0,0,0,0,in
1797598812497932792,1797724825336852986,Mon Jun 03 20:19:33 +0000 2024,PrayogaAf,"@RaniSaputri90 @jokowi @RaniSaputri90 emang prosesnya spt itu.. Dari yg bersangkutan mengajukan surat pengunduran diri (Ini artinya belum resmi, krn baru 1 pihak, ada proses negosiasi disana). Setelah tidak menemui jalan keluar, dikeluarkan surat penghentian secara hormat (resmi, kesepakatan 2 pihak)",0,0,0,0,0,in
1797598812497932792,1797723733718913063,Mon Jun 03 20:15:12 +0000 2024,GardaGun,@jokowi Visi bersama itu apa ya? Katanya cuma ada visi presiden?! @KSPgoid,0,0,0,0,0,in
1797598812497932792,1797721886107058452,Mon Jun 03 20:07:52 +0000 2024,klemudan,"@junoherpito @jokowi @RajaJuliAntoni Mbok ngilo.... Wis diwenehi ati, njuk rempelo... Iso2 alun2 mbok tuku nuwh KOH....mbok rasah aneh2...",5,0,0,0,0,in
1797598812497932792,1797718765230338212,Mon Jun 03 19:55:28 +0000 2024,HS_Harahap,@jokowi Sepi investor yaaak🤣🤣🤣🤣🤣🤣🤣🤣,0,0,0,0,0,in
1797598812497932792,1797717087147954365,Mon Jun 03 19:48:48 +0000 2024,Sgm_mks,@jokowi https://t.co/PqQIykLMEe,2,1,0,0,0,qme
1797598812497932792,1797717070156828690,Mon Jun 03 19:48:44 +0000 2024,Sgm_mks,@jokowi https://t.co/PGyVoBVPPf,1,1,0,0,0,qme
1797598812497932792,1797716804976152767,Mon Jun 03 19:47:40 +0000 2024,pashanaim75,@Gh1ffary_ @jokowi Masih ada juga yg muji muji😃😃😃,0,0,0,0,0,in
1797598812497932792,1797715669716500787,Mon Jun 03 19:43:10 +0000 2024,pashanaim75,"@jokowi Meninggalkan gaji ratusan juta, karena tak sanggup menahan beban batin yg harus melanjutkan pembangunan IKN sedangkan uangnya tidak ada, akhirnya jaln pintas cari modal ya TAPERA yg diwajibkan.",4,0,0,0,0,in
1797598812497932792,1797714616837177379,Mon Jun 03 19:38:59 +0000 2024,GYatmoko,@Duren___ @jokowi Bisa gila beneran kalo ntar pegawai disana 😅,2,0,0,0,0,in
1797598812497932792,1797708068207435826,Mon Jun 03 19:12:57 +0000 2024,SikirbiRabo,"@jokowi Gaji PPPK aja ada yang belum turun yang terhitung tugas bulan Maret ini sudah  Juni  belum ada sama sekali , itu ga ada anggaran apa ada yang bermain ? kok malah mikirin IKN yng anggaran nya antah berantah",2,0,0,0,0,in
1797598812497932792,1797699651061322076,Mon Jun 03 18:39:31 +0000 2024,AnakMasKu,@jokowi https://t.co/5YHx5i5gz3,1,0,0,0,0,qme
1797598812497932792,1797699251910385792,Mon Jun 03 18:37:55 +0000 2024,Bhaktiku_Padamu,@jokowi Dijogetin aja.,0,0,0,0,0,in
1797598812497932792,1797699147870654951,Mon Jun 03 18:37:31 +0000 2024,Prankdemocrazy,@ijolnain @jokowi @pln_123 Ini parah ini,1,0,0,0,0,in
1797598812497932792,1797693524395315705,Mon Jun 03 18:15:10 +0000 2024,tangguheka2,@jokowi Orang yg waras dan menguasai ilmunya memilih mundur. Eeh.. Malah diganti sama orang yg gak jelas kompetensinya. Ancuuur..,0,0,0,0,0,in
1797598812497932792,1797692811959218532,Mon Jun 03 18:12:20 +0000 2024,Prankdemocrazy,@jokowi Saya bersedia gantiin pak,0,0,0,0,0,in
1797598812497932792,1797691919277121954,Mon Jun 03 18:08:47 +0000 2024,RaniSaputri90,"@Yopiluthfi2 @jokowi Justru itu, saya jg bingung, komentarnya miring semua lalu yg posting tetap dgn pede nya posting terus seolah2 semua komentar ga dianggap.",3,0,0,0,0,in
1797598812497932792,1797691426043740198,Mon Jun 03 18:06:50 +0000 2024,RaniSaputri90,"@jokowi Seharusnya bahasanya bukan pemberhentian dgn hormat. Karena yg bersangkutan mengundurkan diri, bukan di berhentikan. Hrsnya cukup blg kalau sdh menerima permintaan pengunduran diri (kecuali jika yg bersangkutan emg ada salah).",4,0,2,0,0,in
1797598812497932792,1797691113299726701,Mon Jun 03 18:05:35 +0000 2024,Tyan805,"@jokowi EGP!!!
Ra urus...",0,0,0,0,0,hu
1797598812497932792,1797690836194677045,Mon Jun 03 18:04:29 +0000 2024,Ian2032,@jokowi Aku hari ini beli kopi kapal api saset 5rb dapat 2 saset pak @jokowi .😭. Biasanya 3saset dan income nurun pak 🥹,0,0,0,0,0,in
1797598812497932792,1797690285700583731,Mon Jun 03 18:02:18 +0000 2024,yahya_yuda1,@jokowi support terus,0,0,0,0,0,in
1797598812497932792,1797688504144859283,Mon Jun 03 17:55:13 +0000 2024,NES_EAN,@verich62 @jokowi Keppres.,0,0,0,0,0,in
1797598812497932792,1797687007227056526,Mon Jun 03 17:49:16 +0000 2024,NES_EAN,@KowuLaode341884 @jokowi Ya jelas cm lo yg bisa jawab. Wong video nya lo yg upload. Sampah,3,0,0,0,0,in
1797598812497932792,1797686820018467177,Mon Jun 03 17:48:31 +0000 2024,aldiokyotoputra,@jokowi Capek mungkin ngikutin ambisi bapak bapak yang dulu pernah masuk gorong gorong,0,0,0,0,0,in
1797598812497932792,1797684077249872135,Mon Jun 03 17:37:38 +0000 2024,hasbun_dawii,@jokowi support terus,0,0,0,0,0,in
1797598812497932792,1797684022526742817,Mon Jun 03 17:37:24 +0000 2024,bakur_bram,@jokowi setuju,0,0,0,0,0,in
1797598812497932792,1797683177961799690,Mon Jun 03 17:34:03 +0000 2024,jaegertracer,@Marsowan @jokowi gak dapat gaji selama 11 bulan,0,0,0,0,0,in
1797598812497932792,1797682821064200457,Mon Jun 03 17:32:38 +0000 2024,jaegertracer,"@ArifSudraj50459 @jokowi mau gimana lagi, ini lah pilihan dan kemauan rakyat",0,0,0,0,0,in
1797598812497932792,1797680263956398356,Mon Jun 03 17:22:28 +0000 2024,awak_aw,"@jokowi Ga kuat, target nya udh terlalu mepet mesti sdh bisa digunakan untuk HUT RI thn ini, krn investor pun tak kunjung ada.",0,0,0,0,0,in
1797598812497932792,1797679985609888119,Mon Jun 03 17:21:22 +0000 2024,WaraAma,"@jokowi IKN,proyek tanpa perencanaan yang matang, tak pernah ada dalam janji kampanyenya saat itu, tak mudah memindahkan jakarta.. Mega proyek yang  morat marit.. Mengharapkan investor tuk datang ke IKN??? Mungkin juga ikn menjadi kota mati..napsu lo kegedean... 🤣🤣",0,0,0,0,0,in
1797598812497932792,1797678590458499193,Mon Jun 03 17:15:49 +0000 2024,adindundendon,"@todosianipar71 @mfarhantu @jokowi sok tau lo. jangan-jangan lw kali tuh yg kaga sekolah, terbukti kan kebobrokan dan kedunguan mau dilanjutkan. wkwkwkwkwk..

dasar kaum IQ 78,49. wkwkwkwkwk",0,0,1,0,0,in
1797598812497932792,1797677709910511781,Mon Jun 03 17:12:19 +0000 2024,Srihart2233,@Ombahku @jokowi @nahdlatululama @nu_online @KementerianESDM @humasminerba @bahlillahadalia @bkpm Bisa bisa terjadi persaingan bisnis tidak sehat antar ormas agama. Negara pecah..bubar!!!,1,0,0,0,0,in
1797598812497932792,1797677473397875159,Mon Jun 03 17:11:23 +0000 2024,hesanpitosa,"@jokowi Gaji 11 bulan ga dibayar2 itu gimana ceritanya
Anakmu kalau gajinya ga dibayar ngamuk ora?",0,0,0,0,0,in
1797598812497932792,1797677100578812391,Mon Jun 03 17:09:54 +0000 2024,malamateya,@jokowi Bolehkah saya bilang anda naif?,0,0,0,0,0,in
1797598812497932792,1797675708321534379,Mon Jun 03 17:04:22 +0000 2024,todosianipar71,"@adindundendon @mfarhantu @jokowi Sekolah aja kagak tamat, presiden pilihan 2 periode sudah dikenal dunia. Loe sekolah aja cabut Mulu, kasihan orang tua loe. Kami sebut presiden RI, loe sebut junjungan , ketahuan SD aja kagak tamat. Kasihan orang tua kamu🤣",0,0,1,0,0,in
1797598812497932792,1797673724302516709,Mon Jun 03 16:56:29 +0000 2024,PenuhKasus,@jokowi IKN Ibu Kota Nusantara itu kota Saranjana,0,0,0,0,0,in
1797598812497932792,1797673516294418903,Mon Jun 03 16:55:40 +0000 2024,ElfilLesmana,"@jokowi Pak Presiden.. 
Saya berharap 
Jangan terus mengeraskan Hati.. 

Saya berharap bapak mengakhiri   jabatan penuh dengan kehormatan.. 

Tapi keputusan di tangan Bapak",7,1,0,0,0,in
1797598812497932792,1797672992757158295,Mon Jun 03 16:53:35 +0000 2024,villarreal2612,@IndoMeals @jokowi Jilat terus,0,0,0,0,0,in
1797598812497932792,1797672737793826937,Mon Jun 03 16:52:34 +0000 2024,GokmaNababan3,"@jokowi Kami sudah paham bos kebiasaan anda ,kritik kebijakan sendiri supaya di kira pro rakyat dan bicara selalu terbalik",0,0,0,0,0,in
1797598812497932792,1797672167699882047,Mon Jun 03 16:50:18 +0000 2024,doktersebelah,"@todosianipar71 @jokowi Ya ndak tahu... tanya koq saya... itu tuh anunya....
Hahahaha... dia kau andalkan buat nylesaiin masalah ? Dia aja bingung mau ngutang kemana lagi.",0,0,0,0,0,in
1797598812497932792,1797671700496314692,Mon Jun 03 16:48:27 +0000 2024,doktersebelah,@Yopiluthfi2 @jokowi Aamiin,1,0,0,0,0,fi
1797598812497932792,1797671520141291995,Mon Jun 03 16:47:44 +0000 2024,mulyonoihateyou,"@jokowi Pak, IKN nasibnya akan sama sprt Hambalang atau Bukit Algoritma ya? Mangkrak",2,0,0,0,0,in
1797598812497932792,1797671438419374466,Mon Jun 03 16:47:24 +0000 2024,verich62,"@jokowi Paragraf 1 : Bahasanya susah ya. 

Pemerintah telah menerima s. pengunduran diri, dengan demikian secara sah ybs tidak lagi menjabat.
Lebih singkat dan padat ga sih.
Hahaha ahli bahasa jgn ngomel ya 
Aku cuma iseng.",0,0,1,0,0,in
1797598812497932792,1797671292256297099,Mon Jun 03 16:46:49 +0000 2024,doktersebelah,@jokowi Emang IKN masih akan dilanjutkan ya Pak. Uangnya maksa rakyat suruh iuran kan Pak. Tapera adalah strategi lain buat ngutang ke rakyat kan ya pak? Hobby banget ngutang sih Pak. Inget Pak... anakmu tak akan mampu membendung kemauan rakyat setelah bapak lengser.,0,0,0,0,0,in
1797598812497932792,1797670536077856805,Mon Jun 03 16:43:49 +0000 2024,adindundendon,"@todosianipar71 @mfarhantu @jokowi lo ga bermutu! sama lo kaya pilihan lo dulu!
ga sesuai kapasitas, kerjaan tingkat lurah dikerjain juga. cocok lah tuh ngerjain gorong-gorong. wkwkwkwk",0,0,1,0,0,in
1797598812497932792,1797669739554324538,Mon Jun 03 16:40:39 +0000 2024,todosianipar71,"@adindundendon @mfarhantu @jokowi Gak bermutu loe, presiden loe siape",0,0,1,0,0,in
1797598812497932792,1797668453622620333,Mon Jun 03 16:35:33 +0000 2024,fajar_adriann1,@jokowi support terus,0,0,0,0,0,in
1797598812497932792,1797667910108000418,Mon Jun 03 16:33:23 +0000 2024,rmatahari96,"@jokowi Mereka tau diri, tak mampu kerja mundur. Ini ada jenis orang, tak mampu kerja, tak mau mundur. Di demo lari. Bikin susah rakyat, dengan berbagai kebijakannya. Yang paling fenomenal, korupsi di eranya hingga ratusan triliun",24,1,0,0,0,in
1797598812497932792,1797667372196913618,Mon Jun 03 16:31:15 +0000 2024,AidinAzmi,"@todosianipar71 @jokowi Lagi sibuk mikirinn bangun istana untuk joget-joget, selamat bermimpi ya",0,0,0,0,0,in
1797598812497932792,1797667287820075448,Mon Jun 03 16:30:55 +0000 2024,Bin94r,@Ombahku @jokowi @nahdlatululama @nu_online @KementerianESDM @humasminerba @bahlillahadalia @bkpm Ajurrrr juuuummmmm 😂,0,0,0,0,0,in
1797598812497932792,1797666217731485815,Mon Jun 03 16:26:39 +0000 2024,Adenurhidayat77,@jokowi Pemerintah hrs berani mengeluarkan UU anti korupsi yg berat biar pd berhenti korupsi.. seperti di arab. Korea.. yaitu hukuman mati. Berani gak?,0,0,0,0,0,in
1797598812497932792,1797665562904101129,Mon Jun 03 16:24:03 +0000 2024,Amirmahmudsir,@todosianipar71 @jokowi Pas itu dia memang urusan got,0,0,0,0,0,in
1797598812497932792,1797664962913182156,Mon Jun 03 16:21:40 +0000 2024,adindundendon,"@todosianipar71 @mfarhantu @jokowi dungu dagh, siapa yg pancing lo? lw aja yg gampang kepancing. kita bicara 2 periode jokowi, artinya 2014 dan 2019, dan lawannya itu adalah prabowo..",0,0,1,0,0,in
1797598812497932792,1797664010508337593,Mon Jun 03 16:17:53 +0000 2024,Arizky57,@jokowi Mantap pak... https://t.co/oX2MexYmTD,1,0,0,0,0,in
1797598812497932792,1797663766601162766,Mon Jun 03 16:16:55 +0000 2024,Pehaes,"@UKumalajaya @jokowi Masalah utama bukan pada pelaksananya, tapi ini problem biaya.",0,0,0,0,0,in
1797598812497932792,1797663470709829908,Mon Jun 03 16:15:45 +0000 2024,djayadiuurip1,"@bryan_chung09 @jokowi Itu mainan SMI soal bunga2, SMI cuma ingat bayar bunga tinggi cicilan hutang negara 😎 bunga yg lain cukup disiram aja 🤪",0,0,0,0,0,in
1797598812497932792,1797662201874112520,Mon Jun 03 16:10:42 +0000 2024,balki_cuyy,@jokowi Lanjut pak. Kan nanti kita patungan lewat tapera 💪💪💪,0,0,0,0,0,in
1797598812497932792,1797662154184945695,Mon Jun 03 16:10:31 +0000 2024,fajrulafifxx,"@jokowi Intropeksi diri. Mendengar keluhan rakyat aja ga mau, orang mengeluh dianggap anon apa gimana?",0,0,0,0,0,in
1797598812497932792,1797661816132440069,Mon Jun 03 16:09:10 +0000 2024,djayadiuurip1,@Yopiluthfi2 @jokowi https://t.co/mT2fAfwTXC,0,0,0,0,0,qme
1797598812497932792,1797661468625891461,Mon Jun 03 16:07:47 +0000 2024,todosianipar71,"@mfarhantu @jokowi Masuk lg pakai kata junjungan, tolol dipiara . Ketahuan gak pinter disekolah dulu",0,0,1,0,0,in
1797598812497932792,1797661205122953434,Mon Jun 03 16:06:44 +0000 2024,todosianipar71,"@adindundendon @mfarhantu @jokowi Jangan pancing saya, siapa situ pilih gak ada power nya.  Tahun ini beliau berkata akan melanjutkan program Jokowi, saya pilih doi .",0,0,1,0,0,in
1797598812497932792,1797660722043969814,Mon Jun 03 16:04:49 +0000 2024,Pehaes,@jokowi Tumben pak Bas dikasih kesempatan sbg PLT. Kepala OIKN. Biasanya kan opung LBP. Ini krn faktor kesehatan ato udah kebanyakan jabatan?,0,0,1,0,0,in
1797598812497932792,1797659344991137895,Mon Jun 03 15:59:21 +0000 2024,donshuisky,"@KowuLaode341884 @jokowi Tunggu aja, saat dia sudah tidak menjadi presiden.. apapun yg tersembunyi bakal berbunyi dengan kuat.",14,1,0,0,0,in
1797598812497932792,1797658707079434531,Mon Jun 03 15:56:49 +0000 2024,WahyuRgl,@jokowi Etes pak dijadikan wakil OIKN....kasihan blm punya jabatan....,2,0,0,0,0,in
1797598812497932792,1797657620855296193,Mon Jun 03 15:52:30 +0000 2024,vaiyo,"@jokowi Udahlah pak gak usah maksa, apa sih yg dicari dari IKN sampai segitu dibela²innya? Toh anak sudah kesampaian jadi wapres lho. Satu lagi mau jadi gubernur juga sudah bisa si bontot, juga mantu. 😉",0,0,0,0,0,in
1797598812497932792,1797657502848553088,Mon Jun 03 15:52:02 +0000 2024,yaelahmif,@jokowi kasian rakyat pak di cekek terus😭😭,0,0,0,0,0,in
1797598812497932792,1797656999079063877,Mon Jun 03 15:50:02 +0000 2024,dutcheastindo,"@Duren___ @jokowi Ada gila² nya kalo beneran belum dapet gaji selama itu, disuruh makan rumput ama daun singkong doang kali yaa",3,0,0,0,0,in
1797598812497932792,1797654764563660940,Mon Jun 03 15:41:09 +0000 2024,rvan_k,"@Duren___ @jokowi Pakde kalo bener ga gajian 11 bulan kok ya nemen toh, pantes kalo ngeluh ke media... Sekelas proyek nasional kok gaji nya sampe mandeg ampir stahun",9,1,0,0,0,in
1797598812497932792,1797654428138512738,Mon Jun 03 15:39:49 +0000 2024,arvand90,@KowuLaode341884 @jokowi yg pake kacamata kan jokey nya !  😛,5,0,0,0,0,in
1797598812497932792,1797653857344074158,Mon Jun 03 15:37:33 +0000 2024,Itje157,@jokowi https://t.co/EEFpzBUa7Y,0,0,0,0,0,qme
1797598812497932792,1797653483291881755,Mon Jun 03 15:36:03 +0000 2024,arvand90,@jokowi Bubaar Graak !,0,0,0,0,0,nl
1797598812497932792,1797651988999762425,Mon Jun 03 15:30:07 +0000 2024,choivanka,@jokowi Dari sekian pogram yang berjalan lancar ada? Wkwkkw ampas 😂,0,0,0,0,0,in
1797598812497932792,1797651817977008329,Mon Jun 03 15:29:26 +0000 2024,bagjoz,@jokowi Urgensi nya apa ?,0,0,0,0,0,in
1797598812497932792,1797651798410580196,Mon Jun 03 15:29:22 +0000 2024,Lentera1568,@jokowi Emang gajian karyawan di sana belum dibayar ya om Joko,0,0,0,0,0,in
1797598812497932792,1797650668435788227,Mon Jun 03 15:24:52 +0000 2024,ShenRu013,"@jokowi Mr President, pardon me.
This reminds me of a scene in Daniel Craig's last movie as 007, No Time To Die; Bond claimed that either M’s desk had become bigger or M had become smaller.

Think about it mr President. Will we still trust you or just respect you? Such a different thing. https://t.co/rBkEAyH1Zl",5,0,0,0,0,en
1797598812497932792,1797650643110580725,Mon Jun 03 15:24:46 +0000 2024,Yuliartfega,@KowuLaode341884 @jokowi yang salah ya partai pengusung dan yang mencalonkan,11,1,0,0,0,in
1797598812497932792,1797650402932044187,Mon Jun 03 15:23:49 +0000 2024,hari_bdl,"@jokowi Pak Jokowi, seperti ikan inilah kira2 kondisi rakyat Indonesia saat ini. Rakyat lagi susah pak.. masih aja dipaksa ikut Tapera. 
https://t.co/jR9znLgvGo",15,3,1,0,0,in
1797598812497932792,1797649066618483115,Mon Jun 03 15:18:30 +0000 2024,Achmadchar27917,"@jokowi Maju terus pantang mundur, walau dg hutang dan jual lahan untuk 180th, tanah yg direbut dg darah dan airmata pejuang kemerdekaan. Dijual HANYA karena butuh dana.",0,0,0,0,0,in
1797598812497932792,1797647618501460314,Mon Jun 03 15:12:45 +0000 2024,Bons631,@jokowi Semua yg dikerjakan dengan hawa nafsu banyak mudharatnya,7,0,0,0,0,in
1797598812497932792,1797646983542493185,Mon Jun 03 15:10:14 +0000 2024,Faturexbenz,@jokowi Bodoamat!!,0,0,0,0,0,in
1797598812497932792,1797646331764466129,Mon Jun 03 15:07:38 +0000 2024,Maghfuruddin1,@jokowi Pak tv belum ada pajaknya mna tahu bisa nambah beban rakyat pak,2,0,0,0,0,in
1797598812497932792,1797646312516784486,Mon Jun 03 15:07:34 +0000 2024,LoyaLoy71780404,"@jokowi GUNANYA APA SIH IKN.,...!!!..?
PENTING KAH....?
YANG MINTA SIAPA...?",0,0,0,0,0,in
1797598812497932792,1797646277108511081,Mon Jun 03 15:07:25 +0000 2024,tony60631622,@jokowi Hahhaha,0,0,0,0,0,tl
1797598812497932792,1797645894386655586,Mon Jun 03 15:05:54 +0000 2024,solusitrip,@jokowi Alhamdulillah beliau yg mengundurkan diri sudah disarankan Allah,0,0,0,0,0,in
1797598812497932792,1797645375769383130,Mon Jun 03 15:03:50 +0000 2024,OtakUdangku,"@jokowi Woi bangke, cabut aturan TAPERA. itu kebijakan Dzalim dan seenaknya. 2,5% itu zakat ke yang membutuhkan. Bukan buat kawanan serigala macam kalian, yang ujung2nya di korupsi. 
Itu ngapain baju putih di foto segala. Kerjanya cuma ngelawak macam boneka mampang aja.",0,0,0,0,0,in
1797598812497932792,1797644989029327183,Mon Jun 03 15:02:18 +0000 2024,marline_un,@Jozerhpy @jokowi Termasuk orang orang yang telah meninggal dunia...👻,0,0,0,0,0,in
1797598812497932792,1797644535687938536,Mon Jun 03 15:00:30 +0000 2024,desmodromici1,@pln_123 @ijolnain @jokowi Semoga pln gak cuma omon omon wae ya,3,0,0,0,0,in
1797598812497932792,1797644019968942098,Mon Jun 03 14:58:27 +0000 2024,marline_un,@JumadiJ43826783 @jokowi Gitu gitu masih mau menjilat....ruwert,0,0,0,0,0,in
1797598812497932792,1797643563884498970,Mon Jun 03 14:56:38 +0000 2024,hovanon_mbes,"@jokowi Buru-buru amat beresin IKN, ngejar apa sih.....

Pengen kabur dari demo ya?",1,0,0,0,0,in
1797598812497932792,1797643397404242042,Mon Jun 03 14:55:59 +0000 2024,RiReptile,@junoherpito @jokowi @RajaJuliAntoni Mengapa di DIY demikian?? Karena ada sejarahnya bro..... Jasmerah!!,12,0,0,0,0,in
1797598812497932792,1797642953483280769,Mon Jun 03 14:54:13 +0000 2024,kimicikim,@jokowi Kntol,1,0,0,0,0,in
1797598812497932792,1797642826098065570,Mon Jun 03 14:53:42 +0000 2024,marline_un,"@KowuLaode341884 @jokowi Manusia tak malu.....bajingan, besar kemaluannya kali.....bangsat https://t.co/SPOZZRwczH",3,1,0,0,0,in
1797598812497932792,1797641724753592403,Mon Jun 03 14:49:20 +0000 2024,DhannyAgus29159,"@jokowi Ngak ada duitnya dan investor ngak ada yg mau nanam modal lg disini krn takut uangnya dibuat bancakan dan juga hukum yg tdk jelas..investor tau direzim skr korup, pungli , nepo ,hukum dan lainnya sdh cukup luar biasa viralnya diluar negri , blm lg anaknya ditaruh, tambah kabur🤣",42,1,2,0,0,in
1797598812497932792,1797641620072054911,Mon Jun 03 14:48:55 +0000 2024,LyliDeer183,@ijolnain @jokowi @pln_123 Bantu up,1,0,0,0,0,in
1797598812497932792,1797641344242127016,Mon Jun 03 14:47:49 +0000 2024,ridaflow13,@Duren___ @Riendra41213 @jokowi Padahal belio sendiri yg pengen resign,4,0,0,0,0,in
1797598812497932792,1797640726710464837,Mon Jun 03 14:45:22 +0000 2024,DhannyAgus29159,"@KowuLaode341884 @jokowi Iya itulah knp anaknya diperjuangkan habis2an agar mengamankan kasus ijazah palsunya itu, dan juga kasus2 lainnya bersama kroni2nya..hancur sdh dibuat bangsa ini oleh mukidi !!",17,1,1,0,0,in
1797598812497932792,1797640147485462727,Mon Jun 03 14:43:04 +0000 2024,notfoundH2SO4,"@Ombahku @jokowi @nahdlatululama @nu_online @KementerianESDM @humasminerba @bahlillahadalia @bkpm Bntar lagih Pa RT pensiun, 
Jadi  lumayan ada ormas buat dijadikan bekingan atau  bodyguard dimasa pensiun nya nanti. 
Begitu loh Le..",0,0,0,0,0,in
1797598812497932792,1797640046482514052,Mon Jun 03 14:42:40 +0000 2024,notfoundH2SO4,"@jokowi Ada pesan dari Naga Bonar
✍️🏻 https://t.co/d5HATP2dfS",0,0,0,0,0,in
1797598812497932792,1797639149408989651,Mon Jun 03 14:39:06 +0000 2024,RatihMt52378,@jokowi Gaji nya Luh ga bayar 🤣😜🤮,1,0,0,0,0,in
1797598812497932792,1797638594842222998,Mon Jun 03 14:36:54 +0000 2024,MitaWullur,"@Duren___ @jokowi Kok bisa ya? Aneh lah…,",0,0,0,0,0,in
1797598812497932792,1797638298720178626,Mon Jun 03 14:35:43 +0000 2024,sinyo_ready,"@jokowi Pak Pres, jika anggaran tidak mencukupi, kan Bapak sudah punya solusinya dari 6 tahun lalu??
bisa dikerahkan pendukungnya agar ikut terlibat

https://t.co/bQfBHWc1Ul",0,0,0,0,0,in
1797598812497932792,1797636165425869238,Mon Jun 03 14:27:14 +0000 2024,WSatriyono,@Gh1ffary_ @jokowi 😅👋,0,0,0,0,0,qme
1797598812497932792,1797636126301364284,Mon Jun 03 14:27:05 +0000 2024,Marsowan,@jokowi Kok mendadak tdk ada hujan dan anginz perasaan itu jabatan bersejarah dan bergengsi,0,0,1,0,0,in
1797598812497932792,1797635929588576753,Mon Jun 03 14:26:18 +0000 2024,arya_balikang,"@Ombahku @jokowi @nahdlatululama @nu_online @KementerianESDM @humasminerba @bahlillahadalia @bkpm lha emang begitu tujuannya, mana pernah dia mikirin nilai, apa kabar Revolusi Mental, yg asa Polusi mental, yg penting Dinastinya langgeng bodo amat, paling dia bilang ""Lha Koq Tanya Saya?""😀",9,0,0,0,0,in
1797598812497932792,1797634913669369875,Mon Jun 03 14:22:16 +0000 2024,patriotiku,@AriskaPutraS @jokowi @Fahrihamzah Ahy sampai bapaknya turun gunung tapi lumayan sdh dapat kursi menteri walaupun cuma berapa bulan....,1,0,0,0,0,in
1797598812497932792,1797634818064499120,Mon Jun 03 14:21:53 +0000 2024,Ujik77467763,@jokowi Rai gedek,1,0,0,0,0,in
1797598812497932792,1797634597544661427,Mon Jun 03 14:21:01 +0000 2024,Awandiatassana,@Dedy44169434 @jokowi Jan Etes jg masukin untuk bantu2,1,0,1,0,0,in
1797598812497932792,1797634436986757554,Mon Jun 03 14:20:22 +0000 2024,rt_waklabu,@Gh1ffary_ @jokowi https://t.co/3TRftZT9DL,1,0,0,0,0,qme
1797598812497932792,1797633921599119753,Mon Jun 03 14:18:19 +0000 2024,akbar_ismail29,@jokowi setuju,0,0,0,0,0,in
1797598812497932792,1797633772546039965,Mon Jun 03 14:17:44 +0000 2024,VinbenD94935,@jokowi Ingat lah nasib perdinand marcos,2,0,0,0,0,in
1797598812497932792,1797633584720933108,Mon Jun 03 14:16:59 +0000 2024,desmodromici1,"@jokowi Langkah mundurnya kepala OIKN &amp; wakilnya mencerminkan betapa bobroknya pengelolaan proyek ambisius presiden planga plongo. Siapa yg mau kerja tapi gak digaji 11 bulan??
BAJITOL banget",92,7,2,0,0,in
1797598812497932792,1797633581654868336,Mon Jun 03 14:16:58 +0000 2024,fuzha_purnamaa,@jokowi mantap,0,0,0,0,0,in
1797598812497932792,1797632969370435592,Mon Jun 03 14:14:32 +0000 2024,iwan_ikur,"@jokowi Kagak ada malunya !
11 bulan gak gajian woi..
Mau di empanin batu dan daun anak-bininya ?",0,0,0,0,0,in
1797598812497932792,1797632804404244909,Mon Jun 03 14:13:53 +0000 2024,gilang_Muhaimin,@jokowi Indonesia kini https://t.co/UFDWFvA9Fj,150,16,2,0,0,in
1797598812497932792,1797632387230449708,Mon Jun 03 14:12:14 +0000 2024,adindundendon,"@todosianipar71 @mfarhantu @jokowi kalo lw bilang 2 periode  berarti 2014 dan 2019. kemungkinan pilihannya berarti prabowo. prabowo gak enek power e? lemah dong...

waduuuh, berani sekali anda. wkwkwkwk",0,0,1,0,0,in
1797598812497932792,1797631990096969729,Mon Jun 03 14:10:39 +0000 2024,adietz_Edogawa,@jokowi Kira2 knp dia mundur,0,0,0,0,0,in
1797598812497932792,1797631923256504543,Mon Jun 03 14:10:23 +0000 2024,adindundendon,"@junoherpito @jokowi @RajaJuliAntoni ntar sedikit demi sedikit lama-lama menjadi sakit, sakit daerahnya karena.....",2,0,0,0,0,in
1797598812497932792,1797631674626490465,Mon Jun 03 14:09:24 +0000 2024,syauqine,@jokowi مَاشَاءَ اللهُ تَبَارَكَ اللهُ🤲🤲,0,0,0,0,0,ar
1797598812497932792,1797631537640562794,Mon Jun 03 14:08:51 +0000 2024,kodok_anti,@jokowi Tuh mundur karena proyek ikn bakalan mangkrak dan dia tdk mau jadi tsk,0,0,0,0,0,in
1797598812497932792,1797631454232576482,Mon Jun 03 14:08:31 +0000 2024,Boslebong,@Gh1ffary_ @jokowi Sdm yg sgt disukai jokowi dan kluarganya tuk dipelihara.,1,0,0,0,0,in
1797598812497932792,1797631192319328301,Mon Jun 03 14:07:29 +0000 2024,tanjaya1958,"@jokowi Kenapa Plt, dulu berkata jabatan tdk boleh rangkap2, kenyataannya beda ...... boleh rangkap pakdhe.",1,0,0,0,0,in
1797598812497932792,1797630892216877536,Mon Jun 03 14:06:17 +0000 2024,Boslebong,@jokowi Ikn biarkan jkwi dan kluarga tammakknya suruh tinggal ikn aja..supaya mulai dari cucu sampai kakek..jdi penguasa dsana,0,0,0,0,0,in
1797598812497932792,1797630795324211231,Mon Jun 03 14:05:54 +0000 2024,Super_Mun,@jokowi Oh,0,0,0,0,0,und
1797598812497932792,1797630733722570831,Mon Jun 03 14:05:39 +0000 2024,Dhea0529,"@jokowi Honestly curious, visi bersama siapa pak??? 🧐",0,0,0,0,0,in
1797598812497932792,1797630477018546670,Mon Jun 03 14:04:38 +0000 2024,k_tuaethnic,"@jokowi Memgundurkan diri atau dipecat pak Presiden, blm jelas infonya di masyarakat bawah pak 😁",1,0,0,0,0,in
1797598812497932792,1797630152895258847,Mon Jun 03 14:03:21 +0000 2024,autoSempati,"@jokowi Ganti Pertambangan aja, 
Banyak duitnya tuh, 
Menuju Indonesia Sejahtera kayak Ormas  😋",0,0,0,0,0,in
1797598812497932792,1797629917120942210,Mon Jun 03 14:02:25 +0000 2024,UdedKang,@jokowi Apa harus bilang wooooww? https://t.co/TzFeD6HvLp,0,0,0,0,0,in
1797598812497932792,1797629431177261184,Mon Jun 03 14:00:29 +0000 2024,DanaPensiun22,"@jokowi Wah kacau ini. Baru 11 bln gaji ga dibayar eh ngambek mutung. Kita pensiunan nasbh BUMN lebih dr 3 th uang pensiun dihentikan. Beda dg pensiunan ASABRI yg terus dibayar penuh. Semua KTPnya WNI, tetapi diperlakukan berbeda. Pak @erickthohir sdg mabuk bola. Ini konco yg istimewa 👇 https://t.co/D8fn83rGaI",8,0,0,0,0,in
1797598812497932792,1797628858914721908,Mon Jun 03 13:58:12 +0000 2024,pln_123,"@ijolnain @jokowi @ijolnain  Hi Kak, mohon maaf atas ketidaknyamanannya. Terkait laporan sering padamnya agar dpt ditindaklanjuti mhn dpt menginformasikan Alamat lokasi melalui DM ya. Admin tunggu. Tks -Harpan",0,0,11,0,0,in
1797598812497932792,1797628178627989771,Mon Jun 03 13:55:30 +0000 2024,dos135790,"@jokowi Setiab beban yg di pikul suatu manusia, ada batasan²..
mungkin dia lelah....",0,0,0,0,0,in
1797598812497932792,1797627932262990015,Mon Jun 03 13:54:32 +0000 2024,hendry_mufc,@jokowi IKN project gagal nih pasti,0,0,0,0,0,in
1797598812497932792,1797627798963793988,Mon Jun 03 13:54:00 +0000 2024,Sebastian_Nugr,"@jokowi Saya rasa kalau cuma masalah gaji aja ga sampe seperti itu, pasti ada masalah lain yg misterius disana... 
Gaji itu cuma alasan...",0,0,0,0,0,in
1797598812497932792,1797627549935358299,Mon Jun 03 13:53:00 +0000 2024,suprayitno_r,@Ombahku @jokowi @nahdlatululama @nu_online @KementerianESDM @humasminerba @bahlillahadalia @bkpm Dulu pernah tayang di MNC. Sekarang tayang di mana ya?,0,0,0,0,0,in
1797598812497932792,1797627308498690365,Mon Jun 03 13:52:03 +0000 2024,yahya_yuda1,@jokowi mantap,0,0,0,0,0,in
1797598812497932792,1797627213510271013,Mon Jun 03 13:51:40 +0000 2024,AriskaPutraS,"@patriotiku @jokowi Iya kasihan Si Fahri @Fahrihamzah sudah hampir setiap ada kesempatan utk menjilat, dia keluarkan jilatan terbaiknya yg sepertinya melebihi jilatan Ngabalin tapi belum kebagian jabatan.",1,0,1,0,0,in
1797598812497932792,1797626034126479764,Mon Jun 03 13:46:59 +0000 2024,kaila_nisa1,@jokowi mantap,0,0,0,0,0,in
1797598812497932792,1797625971186782347,Mon Jun 03 13:46:44 +0000 2024,BakarRotibakar,@jokowi Panik dikit gak ngaruh awokwowk,0,0,0,0,0,in
1797598812497932792,1797625719524311336,Mon Jun 03 13:45:44 +0000 2024,WirathaNyoman,"@chandra_siap @jokowi Image nya jadi buruk, bagaimana investor mau datang ?",0,0,0,0,0,in
1797598812497932792,1797625577454891231,Mon Jun 03 13:45:10 +0000 2024,keonhornyy,"@KowuLaode341884 @jokowi ini sapa @jokowi @gibran_tweet @kaesangp ???
apa bau busuk akan menyebar??",0,0,0,0,0,in
1797598812497932792,1797625447192387843,Mon Jun 03 13:44:39 +0000 2024,MasBolali,"@jokowi Gantiin sama @kaesangp aja pak,indonesia Bakal maju ngalahi USA,klu kluarga bapak semua jdo pemimpin ..!!",6,1,0,0,0,in
1797598812497932792,1797625081587482638,Mon Jun 03 13:43:12 +0000 2024,gngmulyana,@jokowi Wah belum apa apa dah kaya gini. https://t.co/l0YL0HoLaj,8,0,1,0,0,in
1797598812497932792,1797624699721228342,Mon Jun 03 13:41:41 +0000 2024,TitaMar80993092,@jokowi Emang boleh sekeji ini ... Polisi atau ....🥴🥴🥴 https://t.co/5I3du5kPvS,112,28,16,0,0,in
1797598812497932792,1797624030838849740,Mon Jun 03 13:39:01 +0000 2024,keonhornyy,@jokowi NEXT: bulan juli menteri pupr mengundurkan diri,0,0,0,0,0,in
1797598812497932792,1797623765310022063,Mon Jun 03 13:37:58 +0000 2024,satrmadangkara,@jokowi Jadi fungsi tapera u ngempanin IKN toh.. 11 bulan kagak digaji parah banget,0,0,0,0,0,in
1797598812497932792,1797623529875317171,Mon Jun 03 13:37:02 +0000 2024,AlexiusPambudi,@jokowi https://t.co/LN2FuTJdoq,42,3,0,0,0,qme
1797598812497932792,1797623003326681431,Mon Jun 03 13:34:56 +0000 2024,KapanWin26,@jokowi 🤦🏽‍♂️🤦🏽‍♂️ https://t.co/E5iqxYFyfT,45,16,5,0,0,qme
1797598812497932792,1797622882924953601,Mon Jun 03 13:34:28 +0000 2024,14msh3rl0ck,@jokowi Alasan mengundurkan diri dengan hormat apa?,0,0,0,0,0,in
1797598812497932792,1797622468032811251,Mon Jun 03 13:32:49 +0000 2024,satia_nagara,@jokowi Gak usah takut pak kekurangan tenaga propesional masih banyak koq penjilat2 yg ingin duduk dikursi panas  terlepas skala prioritasnya pembangunannya yg urgent atau tdk,7,1,0,0,0,in
1797598812497932792,1797622404669403546,Mon Jun 03 13:32:34 +0000 2024,Suryakembar88,"@jokowi Apapun yang terjadi, inilah alur cerita yang memang mesti terjadi. Tak ada yang bisa mengubah, mengurangi atau menambah. Jalan panjang Republik ini -- meski segala perencanaan dibuat, sgala kritik disampaikan-- namun tak pernah ada yang tahu pasti kemana arahnya...",1,0,0,0,0,in
1797598812497932792,1797622179225583881,Mon Jun 03 13:31:40 +0000 2024,imam_malik,@jokowi Apa gk ada yg bca isi komen nya ya admin nya ke,0,0,0,0,0,in
1797598812497932792,1797622177145262575,Mon Jun 03 13:31:39 +0000 2024,ijolnain,"@jokowi Kapan Pak Memberhentikan Pegawai @pln_123 ULP TEBING TINGGI ?? GARDU INDUK sudah Mundur 6 TAHUN dari JANJI, PEMADAMAN 10X LEBIH DALAM SEHARI, SUDAH TERJADI BERTAHUN TAHUN, LAPOR DI PLN MOBILE PERCUMA, LAPORAN PELANGGAN DIBATALKAN OLEH ADMIN, SEGERA PAK TAMBAH PARAH INI PLN",270,39,27,0,0,in
1797598812497932792,1797621675615477849,Mon Jun 03 13:29:40 +0000 2024,halo16447,"@jokowi Selama dua periode yang di urus cuma proyek ""BIAR TEKOR ASAL KESOHOR"" (IKN), biar wong cilik sengsara dan negara banyak utang yang penting anak bisa punya kantor yang megah di IKN, Keluarga dan konco-konco bisa senang, sikat kanan sikat kiri yang penting perut kenyang. luar biasa",0,0,0,0,0,in
1797598812497932792,1797621176463954210,Mon Jun 03 13:27:41 +0000 2024,ajoraharjo,@jokowi https://t.co/r5tnwA6KaR,0,0,0,0,0,qme
1797598812497932792,1797621101226516847,Mon Jun 03 13:27:23 +0000 2024,todosianipar71,"@mfarhantu @jokowi Pilihanmu sopo mas , gak enek power e🤣",0,0,2,0,0,in
1797598812497932792,1797620943025852609,Mon Jun 03 13:26:45 +0000 2024,todosianipar71,@tiswosolihin6 @jokowi Ahli membantu rakyat mas,0,0,1,0,0,in
1797598812497932792,1797620755800420559,Mon Jun 03 13:26:01 +0000 2024,todosianipar71,"@36Dpib12339 @jokowi Minta ke presiden mas e, dah 2 tahun diminta payah bupatinya",0,0,0,0,0,in
1797598812497932792,1797620730701709496,Mon Jun 03 13:25:55 +0000 2024,nadiels,@jokowi Hidup di hutan itu memang susah pak.... biar saya aja yang menjalani,0,0,0,0,0,in
1797598812497932792,1797620268548129116,Mon Jun 03 13:24:04 +0000 2024,_irfnm,@jokowi Bisa ae lu jok,0,0,0,0,0,in
1797598812497932792,1797620114545856999,Mon Jun 03 13:23:28 +0000 2024,rithieriii,@jokowi Komennya penuh dgn kritikan  wkwkkw,0,0,0,0,0,in
1797598812497932792,1797620097399595071,Mon Jun 03 13:23:24 +0000 2024,nangimas88,@jokowi Tapera menyengsarakan rakyat,1,0,0,0,0,in
1797598812497932792,1797619181271257468,Mon Jun 03 13:19:45 +0000 2024,dillenonly,@nalar_logis @jokowi Setuju beliau sangat jenius di kalangan…….pasti nnti dibuat pabrik pisang goreng untuk diekspor ke luar angkasa😂😂😂😂😂😂,0,0,0,0,0,in
1797598812497932792,1797619101671817495,Mon Jun 03 13:19:26 +0000 2024,tomsamaja,@jokowi Selamat Bertugas  yg Menggantikan ...,0,0,0,0,0,in
1797598812497932792,1797619031706575114,Mon Jun 03 13:19:09 +0000 2024,MalmsteenEndye,@jokowi Gara2 si darkowi alias @jokowi rakyat jadi nyandu berhutang..,0,0,0,0,0,in
1797598812497932792,1797619027814256874,Mon Jun 03 13:19:09 +0000 2024,Mass212223,@jokowi Urus negara makin gak beres...makin gak respek sama anda...kalau mmg berpihak pada rkyat cepat loloskan UU perampasan aset koruptor,0,0,0,0,0,in
1797598812497932792,1797618538653560992,Mon Jun 03 13:17:12 +0000 2024,sera_phim01,"@UKumalajaya @jokowi Pdahal pak bambang dan wakilnya org professional dan paham di bidangnya, tp ya ujungnya mngkin ga kuat dgn tekanan dan permintaan dr istana.",1,0,0,0,0,in
1797598812497932792,1797618506638446950,Mon Jun 03 13:17:04 +0000 2024,MalmsteenEndye,@KowuLaode341884 @jokowi Gak ada..sepertinya urat malunya sudah raib..,0,0,0,0,0,in
1797598812497932792,1797618414414164234,Mon Jun 03 13:16:42 +0000 2024,keepithink_crab,"@jokowi CEO IKN yg baru harusnya mas Gibran
Secara Gibran mampu menarik investor kelas dunia 

Pangeran Emirate bisa saja ber investasi sperti di Solo",1,0,0,0,0,in
1797598812497932792,1797618410655982012,Mon Jun 03 13:16:41 +0000 2024,BocahNd63584241,@jokowi Alhamdulillah,0,0,0,0,0,in
1797598812497932792,1797618386291306497,Mon Jun 03 13:16:36 +0000 2024,RoedsMandoya,@Dedy44169434 @jokowi Iya kaesang ajaaaa.. 🤣🤣🤣🤣🤣🤣🤣🤣🤣🤣🤣🤣🤣🤣🤣🤣🤣🤣🤣🤣🤣🤣🤣🤣🤣🤣🤣🤣🤣🤣🤣🤣🤣🤣🤣🤣,1,0,0,0,0,in
1797598812497932792,1797617922938159362,Mon Jun 03 13:14:45 +0000 2024,MalmsteenEndye,@jokowi Si @kaesangp jadiin kepala otorita di sana wi..wakilnya si janethes...sampe lo beres masa jabatan ikn gk bakalan bisa berjalan..apalagi selesai..ikn akan jadi mega proyek mangkrak..,31,1,0,0,0,in
1797598812497932792,1797617780809982006,Mon Jun 03 13:14:11 +0000 2024,solo_asli2000,"@Yopiluthfi2 @jokowi Kalo asli solo pasti dah RUMONGSO dgn komen2 nitizen distiap postingannya.. 
Gak tau kalo mang ga tau malu, asli solo blg moto PICEXZ, kuping BUDHEXZ, rai GEDHEXZ",5,0,0,0,0,in
1797598812497932792,1797617262981238867,Mon Jun 03 13:12:08 +0000 2024,inzhapt_76,@jokowi Ini yang jadi pertanyaan... https://t.co/6QTLp7vMH4,4,0,0,0,0,in
1797598812497932792,1797616651376226357,Mon Jun 03 13:09:42 +0000 2024,DjogdjaKembali,"@jokowi Rawe-rawe rantas... malang-malang putung...
Nyambut gawe kudu mrantasi...
Jer basuki ing tembe mburi...",0,0,0,0,0,in
1797598812497932792,1797616242737733831,Mon Jun 03 13:08:05 +0000 2024,KowuLaode341884,@jokowi Benarkah video ini ada yang bisa jawab? https://t.co/iP0YhtLJBF,194,34,23,0,0,in
1797598812497932792,1797616150764990748,Mon Jun 03 13:07:43 +0000 2024,saferiusedor,@jokowi Proyek abal‐abal penghamburan uang rakyat...,2,0,0,0,0,in
1797598812497932792,1797615393974231175,Mon Jun 03 13:04:42 +0000 2024,Yopiluthfi2,@jokowi Komentar nya miring semua.kok nggak mau intropeksi ya.padahal nggak lama lagi akan purna.ahhh semoga hal ini yg akan menggiring nya nanti kepenjara,69,1,7,0,0,in
1797598812497932792,1797615207373742109,Mon Jun 03 13:03:58 +0000 2024,yudikuncoro505,@jokowi Jarene gak bayaran pirang pirang ulan Dhe? Opo jatah gajine katut di gae mbansos wingi Dhe?,4,0,0,0,0,in
1797598812497932792,1797614875935695020,Mon Jun 03 13:02:39 +0000 2024,36Dpib12339,"@LantjarDjayaa @jokowi Di ikn satu ikat bayam 5 ribu di Jogja tinggal metik di kebun rumah, beras di Jogja 12 ribu per kilogram di ikn bisa 25 ribu per kilogram",0,0,0,0,0,in
1797598812497932792,1797614236803473456,Mon Jun 03 13:00:06 +0000 2024,36Dpib12339,@LantjarDjayaa @jokowi Ya ampun biaya hidup di ikn 2x biaya hidup di jakarta,0,0,0,0,0,in
1797598812497932792,1797614120247894489,Mon Jun 03 12:59:38 +0000 2024,areksbye,@jokowi Romusha jaman now by raja kodok 😍😍 lanjutkan !!,0,0,0,0,0,in
1797598812497932792,1797614118566060423,Mon Jun 03 12:59:38 +0000 2024,muhyidin73,"@jokowi Salam sehat selalu pak,",0,0,0,0,0,in
1797598812497932792,1797614040233185358,Mon Jun 03 12:59:19 +0000 2024,EffendiRistriy1,@NikolaDiredja3 @jokowi Ya robbal ngalamin 🙏 https://t.co/DnlH6s9vMw,1,0,0,0,0,in
1797598812497932792,1797614000508989661,Mon Jun 03 12:59:10 +0000 2024,nalar_logis,"@jokowi Kalau boleh usul, sebagai kepala Otorita IKN pengganti pak Bambang baiknya pak Ridwan Kamil pak

Beliau sangat familiar dengan pembangunan urban yang modern berwawasan hijau dengan kreativitas yg unggul

Kemampuan manajerial beliau pun tidak kaleng kaleng",3,0,2,0,0,in
1797598812497932792,1797613927607759049,Mon Jun 03 12:58:53 +0000 2024,samhugget,"@36Dpib12339 @jokowi Ada di berita lain katanya si sudah, kerja 11 bulan baru dibayar. Padahal itu Ketua otorita nya, nggak kebayang yang level dibawahnya mungkin pd nggak speak up",0,0,2,0,0,in
1797598812497932792,1797613882770608545,Mon Jun 03 12:58:42 +0000 2024,janisari9,@jokowi makan tuh,0,0,0,0,0,in
1797598812497932792,1797613659163897947,Mon Jun 03 12:57:49 +0000 2024,NikolaDiredja3,@EffendiRistriy1 @jokowi Aamiin Yra🙏,1,0,1,0,0,fi
1797598812497932792,1797613616600150436,Mon Jun 03 12:57:38 +0000 2024,KowuLaode341884,@jokowi Adakah yang tau pernah melihat urat malu orang ini kalau ada minta di mana letak urat malunya,3,0,3,0,0,in
1797598812497932792,1797613589366546763,Mon Jun 03 12:57:32 +0000 2024,mukidioon3,@jokowi Candi hambalang ke 2,7,0,0,0,0,in
1797598812497932792,1797613553412985043,Mon Jun 03 12:57:23 +0000 2024,Duren___,"@Riendra41213 @jokowi Tiap hari dpt keluhan staf...
Sambil beri wejangan ""Sabar!!""",11,0,3,0,0,in
1797598812497932792,1797612487581614351,Mon Jun 03 12:53:09 +0000 2024,tiswosolihin6,@todosianipar71 @jokowi Memang ahlinya klo ngurus goot?,3,0,1,0,0,in
1797598812497932792,1797612255900832047,Mon Jun 03 12:52:14 +0000 2024,ArdiHendardi,@jokowi Sakarepmu cuuuk kowe sing berkuasa,0,0,0,0,0,in
1797598812497932792,1797612042830098837,Mon Jun 03 12:51:23 +0000 2024,tiswosolihin6,"@EffendiRistriy1 @jokowi @NikolaDiredja3 Selamat berkantor di hutan pak,semoga betah.",3,0,0,0,0,in
1797598812497932792,1797611784049918416,Mon Jun 03 12:50:21 +0000 2024,36Dpib12339,"@5lamate @jokowi Ya Allah pak @jokowi  beban akiratmu berat pak Jokowi, selama 11 bln harus ngutang utk biaya hidup di ikn",5,0,1,0,0,in
1797598812497932792,1797611696963678657,Mon Jun 03 12:50:01 +0000 2024,13_muis,@jokowi Kira² masih ada malu g ya pak? Heran aku,0,0,0,0,0,in
1797598812497932792,1797611494437507231,Mon Jun 03 12:49:12 +0000 2024,tiswosolihin6,@jokowi Udah tau bobroknya dan mo seperti apa kedepannya lebih baik Mundur terhormat.,0,0,0,0,0,in
1797598812497932792,1797611465857523746,Mon Jun 03 12:49:06 +0000 2024,jadigmnmksdnya,@jokowi katanya telat gajian sampe 11 bulan ya Pak Owi? saya sih kalo di posisi begitu juga resign,0,0,0,0,0,in
1797598812497932792,1797611202019012907,Mon Jun 03 12:48:03 +0000 2024,36Dpib12339,@LantjarDjayaa @jokowi Apa lagi biaya hidup di ikn 2x lipat hidup di jakarta,0,0,0,0,0,in
1797598812497932792,1797611112390873223,Mon Jun 03 12:47:41 +0000 2024,Anoaiz,"@jokowi Wi...wi...sok kuat banget lu,tetap https://t.co/iWBHT0pg9s mau tau akhir dari tingkah yg lu tanam selama ini.Hukum KARMA pasti ada.Contoh @SBYudhoyono skrg bisanya hanya jd penjilat.",0,0,0,0,0,in
1797598812497932792,1797611028127392148,Mon Jun 03 12:47:21 +0000 2024,01Tmd,"@jokowi Loh kenapa pak...? Kan belum selesai 
Hemm...ada apa ya..?",0,0,0,0,0,in
1797598812497932792,1797610989472665861,Mon Jun 03 12:47:12 +0000 2024,36Dpib12339,@LantjarDjayaa @jokowi Jika benar 11 bulan tidak di gaji sangat terlalu anak istrinya biaya hidup sehari-hari dari mana biaya pendidikan anaknya dll.,0,0,2,0,0,in
1797598812497932792,1797610958388605270,Mon Jun 03 12:47:05 +0000 2024,O_Concept002,"@jokowi pak tapera ga jadi kan ya
.oke",1,0,0,0,0,in
1797598812497932792,1797610890336022837,Mon Jun 03 12:46:48 +0000 2024,roymz_13,@jokowi masa depan suram.,2,0,0,0,0,in
1797598812497932792,1797610388823155167,Mon Jun 03 12:44:49 +0000 2024,36Dpib12339,@rimacahaya661 @jokowi Kepala ikn punya gaji dan tunjangan operasional yang di siapkan menteri keuangan,1,0,0,0,0,in
1797598812497932792,1797610001093349778,Mon Jun 03 12:43:16 +0000 2024,2019Ngaciro,@jokowi Angkat om @ridwankamil sebagai ketua dan si @ajengcute16__ jadi wakilnya,0,0,0,0,0,in
1797598812497932792,1797609980532785265,Mon Jun 03 12:43:11 +0000 2024,36Dpib12339,@rimacahaya661 @jokowi Yang bener nyaris 1 tahun tidak di gaji ya ampun masak sampai begitu ? Kalau karyawan staf mungkin level kepala ikn tidak di gaji 1 tahun rasanya tidak mungkin,0,0,0,0,0,in
1797598812497932792,1797609424904949927,Mon Jun 03 12:40:59 +0000 2024,bryan_chung09,"@jokowi Pak , titip pesen, meski uda berhenti, TLG GAJINYA  DI  BYR FULL... 🙏🙏🙏 KL BS SM BUNGANYA 🥰 krn 11 bln waktu yg  lama, produksi anak aja cm butuh  9 bln.",22,1,3,0,0,in
1797598812497932792,1797609394387202215,Mon Jun 03 12:40:52 +0000 2024,budeemy,@jokowi Takut banyak potongan jd mengundurkan diri😅,0,0,0,0,0,in
1797598812497932792,1797609251696955759,Mon Jun 03 12:40:18 +0000 2024,36Dpib12339,@todosianipar71 @jokowi Langsung ke bupatimu Mase,1,0,1,0,0,in
1797598812497932792,1797609244189196745,Mon Jun 03 12:40:16 +0000 2024,aryo_fitra21259,@jokowi Asal jgn pengunduran dirinya ada kaitan dgn kasus yg lgi marak ini ya 😁,1,0,1,0,0,in
1797598812497932792,1797608994816807129,Mon Jun 03 12:39:16 +0000 2024,antx81,@todosianipar71 @jokowi Desa ya? Kedes nya kemana? Trus ada jg dana desa🤔,2,0,0,0,0,in
1797598812497932792,1797608754411983137,Mon Jun 03 12:38:19 +0000 2024,36Dpib12339,"@jokowi Mengelola diri sendiri dgn baik gambaran bisa mengelola lainnya dgn baik, menjaga sikap terbaik dan menata diri sebaik mungkin awal suksesnya karir",0,0,0,0,0,in
1797598812497932792,1797608516750070189,Mon Jun 03 12:37:23 +0000 2024,HeryCahyadi16,"@jokowi Keluar dari omah londo, kacung https://t.co/kQCOAmvasA",0,0,0,0,0,in
1797598812497932792,1797608447846056111,Mon Jun 03 12:37:06 +0000 2024,Susanto38283470,@jokowi Yg waras pasti mundur 😀 daripada jadi korban,0,0,0,0,0,in
1797598812497932792,1797608354774438336,Mon Jun 03 12:36:44 +0000 2024,Thomass90392754,"@jokowi Bapak bisa aja, godaannya memikat. Sengaja dikosongin buat PDIP ya pak??",0,0,0,0,0,in
1797598812497932792,1797608307710169199,Mon Jun 03 12:36:33 +0000 2024,alin_raihani,@jokowi Saya berani bertaruh IKN pasti sepi.. kemudian akan jd kota hantu..emang gampang bikin kota baru apalgi modal gak punya,0,0,0,0,0,in
1797598812497932792,1797608152827097491,Mon Jun 03 12:35:56 +0000 2024,36Dpib12339,@jokowi Harus menguasai juga diplomatik  dan hubungan luar negeri mempunyai relasi bisnis luar negeri di utamakan,0,0,0,0,0,in
1797598812497932792,1797608151312953370,Mon Jun 03 12:35:55 +0000 2024,alman_polino,@jokowi Surend gak tu,0,0,0,0,0,in
1797598812497932792,1797607684830884017,Mon Jun 03 12:34:04 +0000 2024,36Dpib12339,@jokowi Pemimpin ikn tugas pokok mendatangkan investor ke ikn jika sukses otomatis tugas lainnya lebih mudah artinya petugas ikn harus menguasai seluk beluk investasi dan segala problematika investasi,0,0,1,0,0,in
1797598812497932792,1797607598356836680,Mon Jun 03 12:33:44 +0000 2024,GybrantR53927,"@jokowi Contoh pejabat publik miskin,tapi mau segala dibikin.
Dia lengser meninggalkan hutang yg lebih besar dari presiden2 sebelumnya.Dia mah enak,dikasih rumah dr negara,ada uang pensiun dan anaknya jadi cawapres.",3,0,0,0,0,in
1797598812497932792,1797607419885040080,Mon Jun 03 12:33:01 +0000 2024,todosianipar71,"@jokowi Kpd presiden RI Bpk Hj Ir. Joko Widodo yg kami pilih 2 periode,sy mhn bantuannya utk mengadakan saluran parit di jln raya Tj selamat dusun IB Desa Tj Selamat Sunggal  Kab.Deli Serdang Sumut,agar mendapat perhatian,karena setiap musim hujan banjir.Kendala tdk ada saluran parit🙏",16,0,22,0,0,in
1797598812497932792,1797607191710736395,Mon Jun 03 12:32:07 +0000 2024,samhugget,@jokowi SUDAH DIBAYAR BELUM TUH GAJINYA 11 BULAN?,0,1,2,0,0,in
1797598812497932792,1797606982259716123,Mon Jun 03 12:31:17 +0000 2024,AlYippies,@jokowi Rakyat tidak bisa dipaksa #TolakTapera,0,1,0,0,0,in
1797598812497932792,1797606897417412975,Mon Jun 03 12:30:56 +0000 2024,36Dpib12339,@jokowi Potong rambut paling lama 15 menit selesai,0,0,0,0,0,in
1797598812497932792,1797606805700526132,Mon Jun 03 12:30:35 +0000 2024,saef_sumarno,@jokowi Kasian kerja berbulan bulan ga digaji. Pdhl tugas negara.,0,0,0,0,0,in
1797598812497932792,1797606626503045406,Mon Jun 03 12:29:52 +0000 2024,36Dpib12339,@jokowi Beda jaman Mbah Harto dulu semua pejabat negara rambutnya terawat,3,0,0,0,0,in
1797598812497932792,1797606616981971120,Mon Jun 03 12:29:50 +0000 2024,temeninvest,"@jokowi kok bisa kompakan resign, gimana ni @hrdbacot",0,0,0,0,0,in
1797598812497932792,1797606451076293083,Mon Jun 03 12:29:10 +0000 2024,daffdav,@jokowi Rumor gaji kepala IKN saja telat kok mau wacanakan Tapera sudahlah pak  stop itu program IKN  belum waktunya  toh masih banyak program yg lebih bermanfaat untuk rakyat banyak,3,1,0,0,0,in
1797598812497932792,1797606183798477272,Mon Jun 03 12:28:06 +0000 2024,36Dpib12339,@jokowi Para pejabat kon potong rambut tidak rapi acak2 kan hanya menyempatkan waktu cukur rambut masak tidak ada waktu ?,0,0,0,0,0,in
1797598812497932792,1797606164009718062,Mon Jun 03 12:28:02 +0000 2024,SunGoKhonk,"@jokowi Musnah sudah harapanku terhadapmu pak. Tesla ngacir, sekarang gogle ngacir jg",8,0,0,0,0,in
1797598812497932792,1797606030689583234,Mon Jun 03 12:27:30 +0000 2024,Jin_KohXi,"@Duren___ @jokowi Makanya gencer maksa tapera, fiskal keuangan uda jeblok kok",20,0,1,0,0,in
1797598812497932792,1797605929082613777,Mon Jun 03 12:27:06 +0000 2024,Dedy44169434,@jokowi Kaesang aja lah jadikan Ketua ororita.. pasti mampu lah kan hebat kaya kakaknya… Bravo Kaesang !!,3,1,2,0,0,in
1797598812497932792,1797605837957149120,Mon Jun 03 12:26:44 +0000 2024,thisisreeno,@jokowi ✨,0,0,0,0,0,qme
1797598812497932792,1797605319155367991,Mon Jun 03 12:24:40 +0000 2024,pttimothys,"@jokowi salah pilih org lemah, emang terbukti secara akademik title dosen dan prof, kurang cocok utk urus negara yg butuh action cepat, berani, nekat. kbnykan teori, rapat dan pertimbangan utk membuat ini itu sempurna yg ada malah jd mandet.",0,0,1,0,0,in
1797598812497932792,1797605261957607426,Mon Jun 03 12:24:26 +0000 2024,JumadiJ43826783,@jokowi https://t.co/xX2oMgYpTV,15,1,2,0,0,qme
1797598812497932792,1797605180722368585,Mon Jun 03 12:24:07 +0000 2024,5lamate,"@UKumalajaya @jokowi Tenang, tenang
Asal Tapera jalan
Semua bakal lancar",0,0,0,0,0,in
1797598812497932792,1797604946420105658,Mon Jun 03 12:23:11 +0000 2024,5lamate,@Duren___ @jokowi TAPERA solusinya,3,0,0,0,0,in
1797598812497932792,1797604860600463693,Mon Jun 03 12:22:51 +0000 2024,5lamate,"@jokowi Tapera jadi solusi ???
🤔 https://t.co/JkYLy1ZVJV",97,8,3,0,0,in
1797598812497932792,1797604727544537277,Mon Jun 03 12:22:19 +0000 2024,wong_soragan,@jokowi mumet pak,0,0,0,0,0,nl
1797598812497932792,1797604573013819682,Mon Jun 03 12:21:42 +0000 2024,Duren___,"@jokowi Ga gajian 11 bulan...
Pegawai yg rencana ditempatkan disana, mikir pastinya ya??",238,17,20,0,0,in
1797598812497932792,1797604514419417105,Mon Jun 03 12:21:28 +0000 2024,fikri_ink,@jokowi Anjir rambutnya lepek @RajaJuliAntoni,0,0,0,0,0,in
1797598812497932792,1797604126974730492,Mon Jun 03 12:19:56 +0000 2024,liliswd_,@jokowi Mumet ndas e....🤣🤣🤣,0,0,0,0,0,et
1797598812497932792,1797604064471208404,Mon Jun 03 12:19:41 +0000 2024,Dewi56692290,@jokowi https://t.co/OroFfKGikN,1,1,0,0,0,qme
1797598812497932792,1797603843255263278,Mon Jun 03 12:18:48 +0000 2024,marwahnegeri,@jokowi Bisa bisanya mengundurkan diri,1,0,0,0,0,in
1797598812497932792,1797603811802149241,Mon Jun 03 12:18:41 +0000 2024,titalkamkawan,@jokowi Mengundurkan diri ataw disuruh mundur . . .?? Mudah2an kwalltas bangunan IKÑ prima,0,0,0,0,0,in
1797598812497932792,1797603797612777815,Mon Jun 03 12:18:37 +0000 2024,GreatMister2023,@jokowi Jadi upacara bendera 17 Agustus di ikn ga pak,0,0,0,0,0,in
1797598812497932792,1797603704218202119,Mon Jun 03 12:18:15 +0000 2024,PuangRahmang,"@jokowi Kenapa mrk dua orang tuh mengundurkan diri wiii…, target ndak tercapai apa uangnya yang ndak ada wiii ?????",7,0,1,0,0,in
1797598812497932792,1797603566422819325,Mon Jun 03 12:17:42 +0000 2024,dadiriadi1,@jokowi Mimpi indah,0,0,0,0,0,in
1797598812497932792,1797603140545757410,Mon Jun 03 12:16:01 +0000 2024,setopankahiji,"@jokowi Jd yg bener yg mana nih, Mengundurkan diri ato diberhentikan dng hormat?",0,0,0,0,0,in
1797598812497932792,1797602798902931615,Mon Jun 03 12:14:39 +0000 2024,patriotiku,@jokowi Usul digantikan fahri ketua ahy wakilnya......,2,0,2,0,0,in
1797598812497932792,1797602575086416087,Mon Jun 03 12:13:46 +0000 2024,DRukhiyat,@jokowi Mulai Pada Mundur Teratur.. 🤔,0,0,0,0,0,in
1797598812497932792,1797602394731389306,Mon Jun 03 12:13:03 +0000 2024,ArifSudraj50459,@jokowi Menjelang akhir kekuasaan bukan nya tenang ini malah makin kusut nya karna kebijakan yang asal2an,18,0,6,0,0,in
1797598812497932792,1797602148127273278,Mon Jun 03 12:12:04 +0000 2024,Panembahan_alit,"@jokowi kirain VISI BERSAMA nya rakyat Indonesia pak, asal jangan jadi BEBAN BERSAMA rakyat Indonesia aja pak,kita2  tau faktanya IKN itu gak urgent2 banget",4,0,0,0,0,in
1797598812497932792,1797601970443936122,Mon Jun 03 12:11:22 +0000 2024,BagusBagle70435,@jokowi Wkwkwkwk,0,0,0,0,0,in
1797598812497932792,1797601409053135311,Mon Jun 03 12:09:08 +0000 2024,HamdaanLW825Ky,"@jokowi Aslinya mengundurkan diri kok dibahasakan pemberhentian dg hormat.
Pak @prabowo sj aras2en nglanjutin",35,2,5,0,0,in
1797598812497932792,1797601397237801036,Mon Jun 03 12:09:05 +0000 2024,DMSvoice,"@junoherpito @jokowi @RajaJuliAntoni Jangan lupa juga kalo UUD '45 pun telah menjamin hak-hak istimewa, yang dimiliki oleh daerah tertentu di Indonesia (Daerah Istimewa/Khusus).

Tidak bisa kemudian hak satu golongan mengesampingkan hak golongan lain.

Intinya, dimana bumi dipijak disitulah langit dijunjung.",32,2,0,0,0,in
1797598812497932792,1797601046786965974,Mon Jun 03 12:07:42 +0000 2024,TitaMar80993092,@jokowi Polisi kita bisa g pak kira2 😂😂 makannya kita betah di luar Krn lebih di hargai https://t.co/Ly4Ug0EnNW,32,2,5,0,0,in
1797598812497932792,1797600949684650410,Mon Jun 03 12:07:18 +0000 2024,mairaranjani1,@jokowi support terus,0,0,0,0,0,in
1797598812497932792,1797600704913363445,Mon Jun 03 12:06:20 +0000 2024,EffendiRistriy1,"@jokowi Selamat bertugas Mas Wamen. Raja Juli Antoni, dan Pak Basuki Hadi M semoga selalu sehat dan kuat Stamina seperti PakDhe, 
Serta amanah menjalankan tugas
Bismillah, Amin 🙏 https://t.co/G3reGz1u9q",51,3,9,0,0,in
1797598812497932792,1797599951670895056,Mon Jun 03 12:03:20 +0000 2024,nalarto,@jokowi Selama ini ikn yg ngerjakan memang pupr pak basuki..,7,1,0,0,0,in
1797598812497932792,1797599941533343928,Mon Jun 03 12:03:18 +0000 2024,bisma_jaya02,@jokowi support terus,0,0,0,0,0,in
1797598812497932792,1797599930602930626,Mon Jun 03 12:03:15 +0000 2024,lia_dewi23,"@jokowi bapak mohon ditindak lanjuti kasus hutan papua pak, jangan kecewakan mereka",1,1,0,0,0,in
1797598812497932792,1797599885048545285,Mon Jun 03 12:03:05 +0000 2024,junoherpito,@jokowi Mumpung masih dekat momen Hari Lahir Pancasila nitip salam komen youtube Sekretariat Negara ke @RajaJuliAntoni selain IKN sesuai tupoksinya bisa urus terkait bab tanah yang sesuai Pancasila wahai Bapak Presiden Jokowi tercinta🥰🙏🇮🇩🦅 https://t.co/8SigrdgeTq,33,1,18,0,0,in
1797598812497932792,1797599875057721756,Mon Jun 03 12:03:02 +0000 2024,UKumalajaya,@jokowi Ditangani pasangan full timer aja kewalahan. Nah ini yg nangani Plt sebagai pekerjaan sambilan. Hadeuh... Parah,46,1,4,0,0,in
1797598812497932792,1797599723173646814,Mon Jun 03 12:02:26 +0000 2024,Alamsya37483972,@jokowi https://t.co/Wn2VYhH2DJ,0,0,0,0,0,qme
1797598812497932792,1797599683684249711,Mon Jun 03 12:02:17 +0000 2024,Alamsya37483972,@jokowi https://t.co/9bhoZHiZH6,0,0,0,0,0,qme
1797598812497932792,1797599584623198225,Mon Jun 03 12:01:53 +0000 2024,ArmyJustino,@jokowi Guk guk guk,0,0,0,0,0,eu
1797598812497932792,1797599385360179461,Mon Jun 03 12:01:05 +0000 2024,celciusxyz,@jokowi Nih joko buat ente Dan gerombolan https://t.co/8iwJJE4GGX,106,9,1,0,0,in
1797598812497932792,1797599147853558232,Mon Jun 03 12:00:09 +0000 2024,dinnah_,@jokowi 11 bulan mayan juga sih yaa,2,0,0,0,0,in
1797598812497932792,1797599133425078465,Mon Jun 03 12:00:05 +0000 2024,antokabr1,@jokowi https://t.co/I0kfnOgBFv,6,0,0,0,0,qme
1797598812497932792,1797598812497932792,Mon Jun 03 11:58:49 +0000 2024,jokowi,"Hari ini telah terbit Keputusan Presiden tentang pemberhentian dengan hormat Bapak Bambang Susantono sebagai Kepala Otorita Ibu Kota Nusantara (OIKN) dan Bapak Dhony Rahajoe sebagai Wakil Kepala OIKN seiring pengunduran diri yang telah saya terima.

Pembangunan IKN akan terus berlanjut sesuai visi bersama yang telah ditetapkan. Menteri Pekerjaan Umum dan Perumahan Rakyat (PUPR) Basuki Hadimuljono dan Wakil Menteri Agraria dan Tata Ruang/Wakil Kepala Badan Pertanahan Nasional (ATR/BPN) Raja Juli Antoni akan menjalankan kewajiban sebagai Pelaksana Tugas (Plt.) Kepala dan Wakil Kepala OIKN, hingga ditunjuknya Kepala dan Wakil Kepala OIKN definitif sesuai perundang-undangan, agar program-program percepatan pembangunan IKN tetap terjamin. 

***
Foto: Muchlis Jr - Biro Pers Sekretariat Presiden
Lokasi: Kantor Presiden, Jakarta. Senin, 3 Juni 2024.",2418,234,636,0,0,in
1813109813758263766,1813957094976147576,Thu Jul 18 15:20:47 +0000 2024,IchwanEwon,@yesmar_banu @detikcom 😂,0,0,0,0,0,qme
1813109813758263766,1813956976776450523,Thu Jul 18 15:20:19 +0000 2024,IchwanEwon,@detikcom Itu kan ngundang duta besar negara² sahabat,0,0,0,0,0,in
1813109813758263766,1813814328585588823,Thu Jul 18 05:53:29 +0000 2024,gauri0395,@andikabina @detikcom Anjay 😆😆😆 makanya kok jarang banget liat foto2 bangunan2 ato jalanan disana kek apa 😆,0,0,0,0,0,in
1813109813758263766,1813813967665635367,Thu Jul 18 05:52:03 +0000 2024,gauri0395,"@dimstrds @detikcom Nah bener banget terkesan kok MEMAKSAKAN banget harus ada IKN di tengah hutan sana, adaapa sebenernya.....",0,0,0,0,0,in
1813109813758263766,1813813590757155204,Thu Jul 18 05:50:33 +0000 2024,gauri0395,@detikcom Awokwokwokwok katanya udah siap huni mau pindah kantor. Haloplis warga 58 pa kabar???? Senggol dong,0,0,0,0,0,in
1813109813758263766,1813808354441167051,Thu Jul 18 05:29:45 +0000 2024,podo_radong1,@detikcom yg punya ekpetasi lebih itu jokowi pak,0,0,0,0,0,in
1813109813758263766,1813804086262992902,Thu Jul 18 05:12:47 +0000 2024,missdiah2,"@detikcom Ambisimu beban rakyat.
Kau terpilih curang.
Makan gaji buta, ngajak2 anak2 sekeluarga.

Kau mestinya malu.
Menjilat air ludah yang kau lepeh di mana2. 
Masih ga sadar, kamu sendiri yang tidak dipercaya investor asing akibat ngotak Atik hukum aturan main.

Masih juga ke Abu Dhabi.",0,0,0,0,0,in
1813109813758263766,1813783882837422292,Thu Jul 18 03:52:30 +0000 2024,kwangya2021,"@detikcom orang kyk gini sadar kalo diludahin didepan umum, yakin lah☺",0,0,0,0,0,in
1813109813758263766,1813772869874094495,Thu Jul 18 03:08:45 +0000 2024,peterkhs,@detikcom Yah dikibulin,0,0,0,0,0,in
1813109813758263766,1813754700061421636,Thu Jul 18 01:56:33 +0000 2024,TorangPSi,"@detikcom Jalan terus pak @jokowi, memang gak semua orang bisa optimis.",0,0,0,0,0,in
1813109813758263766,1813754144991432904,Thu Jul 18 01:54:20 +0000 2024,herwinzouzou,@detikcom Sebenarnya yg menaruh ekspektasi lebih itu siapa ..,0,0,0,0,0,in
1813109813758263766,1813751238657515942,Thu Jul 18 01:42:47 +0000 2024,bylu_go,@detikcom Tapi Pak RK bilang IKN dah hampir menyamai JKT? Lha kok 15%? https://t.co/oRrHZ3UHpy,0,0,0,0,0,in
1813109813758263766,1813746334433997072,Thu Jul 18 01:23:18 +0000 2024,pecintasalad,@detikcom Mending mangkrak untuk sementara dripada nambah hutang🥲🙏,0,0,0,0,0,in
1813109813758263766,1813741265839886350,Thu Jul 18 01:03:10 +0000 2024,BLiliang,@detikcom Dari dulu kami2 ini spesimis ttg IKN cm jokowi yg ngotot.sejarang dibalik seolah2 kami2 yg ngotot.babi lu,0,0,0,0,0,in
1813109813758263766,1813737741945016414,Thu Jul 18 00:49:09 +0000 2024,jannahseeker123,@Ombahku @detikcom 🤑,0,0,0,0,0,qme
1813109813758263766,1813734965819142543,Thu Jul 18 00:38:08 +0000 2024,HandrijokoRian,@detikcom Ini disebut Mencla atau Mencle pak ??,0,0,0,0,0,in
1813109813758263766,1813734657114210357,Thu Jul 18 00:36:54 +0000 2024,damarpaminto86,@violettapadma_a @yesmar_banu @detikcom Tpi itu jg kalau allah swt berkehendak ya bisa simsalabim dan kun fa yakun…berhubung allah swt tidak berkehendak arep piyee manehh 🤣🤣,0,0,0,0,0,in
1813109813758263766,1813733705703370903,Thu Jul 18 00:33:07 +0000 2024,sunartoadhie32,"@detikcom Hadech...
Coba sebelum Pilpres kemaren bilang begitu, bisa nggak ya..🤦‍♂️🤦‍♂️",0,0,0,0,0,in
1813109813758263766,1813723168483500534,Wed Jul 17 23:51:15 +0000 2024,armedyanto,"@detikcom Lain dulu, lain sekarang. Dana terbatas kah",0,0,0,0,0,in
1813109813758263766,1813716662652490223,Wed Jul 17 23:25:24 +0000 2024,ahmadsalam0741,@detikcom Mimpi aja ogah boro-boro ekspektasi 😂😂😂🤣🤣🤣,0,0,0,0,0,in
1813109813758263766,1813711768314958085,Wed Jul 17 23:05:57 +0000 2024,Adhi_Beka2,"@detikcom Lha kok nekat...salah pergaulan lagi jadi alamat mangkra,  jadikan ibukota kecamatan saja...",0,0,0,0,0,in
1813109813758263766,1813699247688257763,Wed Jul 17 22:16:12 +0000 2024,KangHebron,"@detikcom lehhh, gedabrus..bakal jdi hambalang ke 2 ntar juga...",0,0,0,0,0,in
1813109813758263766,1813686155147456651,Wed Jul 17 21:24:10 +0000 2024,aahadialhuaseri,"@detikcom Presiden paling tolol . Kok jadi ke publik ,kamu yg ngotot kamu yg nuduh publik berekspektasi .  Lawakn",0,0,0,0,0,in
1813109813758263766,1813664553047392256,Wed Jul 17 19:58:20 +0000 2024,BungRayHasbi,@detikcom Kan kan....omongan PEMBOHONG jangan dipercaya,0,0,0,0,0,in
1813109813758263766,1813660349503295599,Wed Jul 17 19:41:38 +0000 2024,HelmiZakiul,@detikcom Ada yg muak menyimak orang ini ngomong ?,0,0,0,0,0,in
1813109813758263766,1813642068868346315,Wed Jul 17 18:28:59 +0000 2024,sahlan70149,@detikcom Memang bedebah,0,0,0,0,0,in
1813109813758263766,1813617143344480768,Wed Jul 17 16:49:57 +0000 2024,ibrahim_sammy,@detikcom Dabrus,0,0,0,0,0,lt
1813109813758263766,1813614471581167861,Wed Jul 17 16:39:20 +0000 2024,pemudajawa,@4zcut @detikcom Monev percepatan pembangunan IKN + infrastruktur terpadu,1,0,0,0,0,in
1813109813758263766,1813613860282347689,Wed Jul 17 16:36:54 +0000 2024,mymelouu,"@dimstrds @detikcom Bang dia gak polos, lu aja yg ketipu cover",0,0,0,0,0,in
1813109813758263766,1813613571542269998,Wed Jul 17 16:35:45 +0000 2024,mymelouu,@JafarudinJapra @yesmar_banu @detikcom Bisa aja,0,0,0,0,0,in
1813109813758263766,1813612518235132077,Wed Jul 17 16:31:34 +0000 2024,AlamsyahStory,"@detikcom Wkwkwkwk, begini akibat jika sering ngibul, ntar akhir hayatnya pasti tersiksa karena banyak membual ke jutaan orang",0,0,0,0,0,in
1813109813758263766,1813608183459652035,Wed Jul 17 16:14:20 +0000 2024,4zcut,@detikcom Bajingan,0,1,1,0,0,in
1813109813758263766,1813605664398377468,Wed Jul 17 16:04:20 +0000 2024,m_naldokloz,"@detikcom Tukang ngibul,semoga dilaknat allah,aamiin",0,0,0,0,0,in
1813109813758263766,1813604989014884520,Wed Jul 17 16:01:39 +0000 2024,zendayazen45,@detikcom Dih,0,0,0,0,0,und
1813109813758263766,1813602209717944495,Wed Jul 17 15:50:36 +0000 2024,RidNgemil,@detikcom Trus ngapain maksa 17an di sono dul kalo baru kelar 15%? Buang2 duit aja. Perayaan di istana merdeka juga kan cukup. Hemat2 duit negara lah,0,0,0,0,0,in
1813109813758263766,1813595519417229674,Wed Jul 17 15:24:01 +0000 2024,BantengDotID,@detikcom Ambisi pribadi sihhh 😅😅😅😅😅,0,0,0,0,0,in
1813109813758263766,1813590815320760439,Wed Jul 17 15:05:19 +0000 2024,68Supriyono,@detikcom Boro-boro mikirin IKN... rakyat justru lebih khawatir dgn ekses besarnya hutang negara saat ini . Khawatir jika hutang negara yg tinggi jatuh tempo untuk dibayar berpengaruh pd anggaran APBN . Jika anggaran APBN mengalami defisit tentu eksesnya berdampak ke rakyat juga ujungnya .,0,0,0,0,0,in
1813109813758263766,1813590171146727912,Wed Jul 17 15:02:46 +0000 2024,arvand90,@ferizandra @detikcom Gede Banget Tipunya !  😛,0,0,0,0,0,in
1813109813758263766,1813590157628698657,Wed Jul 17 15:02:43 +0000 2024,mbah_momo92,@detikcom Dobol wi,0,0,0,0,0,und
1813109813758263766,1813586995534549017,Wed Jul 17 14:50:09 +0000 2024,juneth_7,@detikcom Memang Gak pernah pak... Semua orang yang bisa berpikir sudah memprediksi bakal begini prosesnya...,0,0,0,0,0,in
1813109813758263766,1813583329691931068,Wed Jul 17 14:35:35 +0000 2024,DH_Khilafah,@detikcom Emang enak bikin banyak janji?,0,0,0,0,0,in
1813109813758263766,1813566106923393273,Wed Jul 17 13:27:08 +0000 2024,Nutmegjazz,"@detikcom Akhirnya mulai loyo.
Mkn mulai ngerasa dia dipunggungin olh kurawa kurawanya.

15 dari seharusnya min 58 persen.
Horeeee akhirnya terkuak juga.

Jd ingat k limat ibu Mega,
Hanya PDIP yg mau bela jokowi.
Hemmm",0,0,0,0,0,in
1813109813758263766,1813565698150687042,Wed Jul 17 13:25:31 +0000 2024,zulfanain,@detikcom Wong iki aneh bgt ya,0,0,0,0,0,in
1813109813758263766,1813562576820957339,Wed Jul 17 13:13:07 +0000 2024,nofreedani,"@detikcom Bakal seru nih, ngomong apa lagi disisa harinya",0,0,0,0,0,in
1813109813758263766,1813562539906924723,Wed Jul 17 13:12:58 +0000 2024,areev_heaven,"@detikcom yg optimis dia, yg pesimis dia juga",0,0,0,0,0,in
1813109813758263766,1813558951473983829,Wed Jul 17 12:58:42 +0000 2024,Ari_ngrha,@detikcom Orang gila,0,0,0,0,0,in
1813109813758263766,1813553852031099220,Wed Jul 17 12:38:27 +0000 2024,warlock_io,@detikcom lah,0,0,0,0,0,und
1813109813758263766,1813553687920595395,Wed Jul 17 12:37:48 +0000 2024,Cillipari,@detikcom Siap-siap pak nanti lengser langsung bikin visa aja ke luar negeri biar aman.,0,0,0,0,0,in
1813109813758263766,1813551805475045764,Wed Jul 17 12:30:19 +0000 2024,valerie_kei,@ferizandra @detikcom sudah bang sudah,0,0,0,0,0,in
1813109813758263766,1813550600925376795,Wed Jul 17 12:25:32 +0000 2024,hamdaniaizar,@detikcom Tapi kan pak kata para buzzer udah jadi,0,0,0,0,0,in
1813109813758263766,1813550277750096233,Wed Jul 17 12:24:15 +0000 2024,IndrianiRahman_,@detikcom Hmmmmm https://t.co/1G0KNXV2lj,0,0,0,0,0,und
1813109813758263766,1813549842830078394,Wed Jul 17 12:22:31 +0000 2024,Ymechouu,@detikcom Kok gitu?,0,0,0,0,0,in
1813109813758263766,1813545780437000297,Wed Jul 17 12:06:22 +0000 2024,thlb__,@detikcom selama ini baru 15%???????,0,0,0,0,0,in
1813109813758263766,1813540571958657044,Wed Jul 17 11:45:40 +0000 2024,ade_rusmaya,@detikcom Dan smua setan trtawa...hhhhhhhhhha...,0,0,0,0,0,in
1813109813758263766,1813540386289356945,Wed Jul 17 11:44:56 +0000 2024,Aa363738,"@detikcom Publik sudah pintar ekspektasi ke ikn biasa2 saja, emang calon proyek mangkrak",0,0,0,0,0,in
1813109813758263766,1813535706859683928,Wed Jul 17 11:26:21 +0000 2024,123P4566,@detikcom Siapa juga yg bikin espektasi tinggi dgn IKN??,0,0,0,0,0,in
1813109813758263766,1813531994711790006,Wed Jul 17 11:11:35 +0000 2024,warungsemesta,@yesmar_banu @detikcom Iya keretanya diseret pake kuda....udah bener menhubnya..😂😂😂😁,0,0,0,0,0,in
1813109813758263766,1813531604964499473,Wed Jul 17 11:10:03 +0000 2024,sweticake,@detikcom HELEH,0,0,0,0,0,in
1813109813758263766,1813529397519139019,Wed Jul 17 11:01:16 +0000 2024,Don_Sugeng,@detikcom 🤣🤣🤣,0,0,0,0,0,qme
1813109813758263766,1813526197583945942,Wed Jul 17 10:48:33 +0000 2024,Bangdjun_id,"@detikcom Pak @jokowi bukankah anda yg bilang ""IKN"" selesai sebelum anda pensiun",0,0,0,0,0,in
1813109813758263766,1813517214877917535,Wed Jul 17 10:12:52 +0000 2024,YaniZhu,@detikcom Oooohhh,0,0,0,0,0,und
1813109813758263766,1813514593790226473,Wed Jul 17 10:02:27 +0000 2024,cursedblackpea,@ferizandra @detikcom 😂,0,0,0,0,0,qme
1813109813758263766,1813511679554335078,Wed Jul 17 09:50:52 +0000 2024,UnpetitG,@detikcom Yo goro² lambemu kita sdh berekspektasi lebih. Gak taunya zooonnkkk,0,0,0,0,0,in
1813109813758263766,1813511259205390619,Wed Jul 17 09:49:12 +0000 2024,inpantaufar,@detikcom tetep dukung pak asal bapak sekeluarga yg tinggal di sana,0,0,0,0,0,in
1813109813758263766,1813510876517093647,Wed Jul 17 09:47:41 +0000 2024,sastromoeni09,@detikcom https://t.co/sOtgR1NVQG,0,0,0,0,0,qme
1813109813758263766,1813502651172061372,Wed Jul 17 09:14:59 +0000 2024,Sambeliren,@detikcom 🤭🤭🤭,0,0,0,0,0,qme
1813109813758263766,1813499722126209491,Wed Jul 17 09:03:21 +0000 2024,buddy_wirawan,@detikcom kan investor dah antri ... 😁,0,0,0,0,0,in
1813109813758263766,1813494570405208091,Wed Jul 17 08:42:53 +0000 2024,YSakhrul,"@detikcom Dah lah, mending siap2 aja mempertanggung jawabkan hasil kerja 2 periode",0,0,0,0,0,in
1813109813758263766,1813494124043293022,Wed Jul 17 08:41:06 +0000 2024,Prl707,@detikcom Menaikkan dahi tandanya,0,0,0,0,0,in
1813109813758263766,1813493943662989543,Wed Jul 17 08:40:23 +0000 2024,amatredjo80,@andikabina @detikcom Bener juga ya?,0,0,0,0,0,in
1813109813758263766,1813493701890781479,Wed Jul 17 08:39:26 +0000 2024,amatredjo80,@detikcom Mau dosa takut ketawa,0,0,0,0,0,in
1813109813758263766,1813491972004577463,Wed Jul 17 08:32:33 +0000 2024,hadiwarsito75,@detikcom 🤣🤣🤣🤣,0,0,0,0,0,qme
1813109813758263766,1813490922812055843,Wed Jul 17 08:28:23 +0000 2024,firzafp,"@detikcom Proyek Nusantara belum selesai, tapi secara bertahap dan tak boleh cepat &amp; terlalu dini.",0,0,0,0,0,in
1813109813758263766,1813487815717732836,Wed Jul 17 08:16:02 +0000 2024,Parj0B,@ferizandra @detikcom tolong dibalik 🙏,0,0,0,0,0,in
1813109813758263766,1813487689263718623,Wed Jul 17 08:15:32 +0000 2024,Parj0B,@yesmar_banu @detikcom Kereta tanpa Roda 🙏,0,0,0,0,0,in
1813109813758263766,1813486904618442824,Wed Jul 17 08:12:25 +0000 2024,derydeep77,@detikcom Bangke idup,0,0,0,0,0,in
1813109813758263766,1813486291759305005,Wed Jul 17 08:09:59 +0000 2024,medina_anast,@ferizandra @detikcom jadi maksudnya gimana bang Joko @jokowi,0,0,0,0,0,in
1813109813758263766,1813486151514361906,Wed Jul 17 08:09:26 +0000 2024,medina_anast,@detikcom kami udah gamau berharap sama pak jokowi kami sudah di khianati,0,0,0,0,0,in
1813109813758263766,1813484347762364546,Wed Jul 17 08:02:16 +0000 2024,wandierusli,@detikcom Lu yang pengen punya ekpetasi tuh nyet,0,0,0,0,0,in
1813109813758263766,1813481458625135003,Wed Jul 17 07:50:47 +0000 2024,AndifaizalAbd,@detikcom Bualanx jauh beda dgn fakta. Full of shit,0,0,0,0,0,in
1813109813758263766,1813479056547168466,Wed Jul 17 07:41:14 +0000 2024,put776,"@detikcom Ngapain upacara di ikn,kan sama aja bikin malu",0,0,0,0,0,in
1813109813758263766,1813478481948483682,Wed Jul 17 07:38:57 +0000 2024,Bluejackyy,"@detikcom Lah terus uang negara yang udah dia habiskan buat IKN gimana tuh ?
Gak ada tanggungjawabnya",0,0,0,0,0,in
1813109813758263766,1813477411964826056,Wed Jul 17 07:34:42 +0000 2024,ahmadarsy28,"@detikcom Kemarin bilangnya 80%, sekarang 15% yg bener yg mana sih pak?",0,0,0,0,0,in
1813109813758263766,1813475858117734799,Wed Jul 17 07:28:31 +0000 2024,Qomarc31,@detikcom Bohong kagi ..kemarin sdh diats 82 persen bahkan baduki di atas 90 persen..tukang ngibul semua pejabat ikn ini,0,0,0,0,0,in
1813109813758263766,1813475736755564754,Wed Jul 17 07:28:03 +0000 2024,solusipraktis,@detikcom Wong edan !,0,0,0,0,0,in
1813109813758263766,1813475721970671962,Wed Jul 17 07:27:59 +0000 2024,yuda_lelaki,@detikcom Embelgedesss,0,0,0,0,0,et
1813109813758263766,1813474294560878620,Wed Jul 17 07:22:19 +0000 2024,Kausar_Zk,"@detikcom di bilang 15% untuk jaga2, jadi pas kejadian mangkrak baru di kerjain 15%, gituuu",0,0,0,0,0,in
1813109813758263766,1813474224402759966,Wed Jul 17 07:22:02 +0000 2024,SKijken,@detikcom Kite yang salah?,0,0,0,0,0,in
1813109813758263766,1813472934520057864,Wed Jul 17 07:16:54 +0000 2024,as3pss,"@detikcom Mangkrak... 
Candi Hambalang by SBY
Candi IKN by jokowi",0,0,0,0,0,in
1813109813758263766,1813472538678456421,Wed Jul 17 07:15:20 +0000 2024,inoengbudianto,@detikcom Ngaku sebelum ketahuan orang banyak,0,0,0,0,0,in
1813109813758263766,1813472172741972024,Wed Jul 17 07:13:53 +0000 2024,cungss,@detikcom @ardisatriawan https://t.co/aVVYzqwncY,0,0,0,0,0,qme
1813109813758263766,1813471268962021552,Wed Jul 17 07:10:17 +0000 2024,WedyaSutan,@detikcom Gk perlu di IKN kali 17 an sdh tau belum jadi emang agak laen nih bapak,0,0,0,0,0,in
1813109813758263766,1813471028989104611,Wed Jul 17 07:09:20 +0000 2024,AbisamiAbay,@detikcom Turut prihatin https://t.co/GJ9c0rN13C,0,0,0,0,0,in
1813109813758263766,1813470959397175379,Wed Jul 17 07:09:04 +0000 2024,Herypurnomo26,@detikcom Yang selama ini berlebihan kan pemerintah kita mah biasa aja dah tau juga akhirnya akan begini...,0,0,0,0,0,in
1813109813758263766,1813470472669130994,Wed Jul 17 07:07:07 +0000 2024,Ginakyo2,@detikcom KANG NGIBUL DI PERCAYA YG ADA IKUTAN GILA....CUKUP PENDUKUNG NYA AJA YG GILAA 😅😅🤣🤣🤣,0,0,0,0,0,in
1813109813758263766,1813469730336080214,Wed Jul 17 07:04:11 +0000 2024,Ginakyo2,@goesman02 @detikcom Kang NGIBUL dibpercaya ...yg ada ikutan gila...😅🤣🤣,0,0,0,0,0,in
1813109813758263766,1813469357219201440,Wed Jul 17 07:02:42 +0000 2024,aldihendratta,@detikcom Lagi2 rakyat yg harus legowo sama keputusan2 blunder doi,0,0,0,0,0,in
1813109813758263766,1813468658997547505,Wed Jul 17 06:59:55 +0000 2024,budakbaong_007,@detikcom 2 BULAN IKS SUDAH SEPERTI JAKARTA siapa dulu yg bilang kayak gitu,0,0,0,0,0,in
1813109813758263766,1813468470870491158,Wed Jul 17 06:59:10 +0000 2024,Ginakyo2,@detikcom 😅😅😅😅🤣🤣🤣🤣🤣🤣🤣🤣🤣,0,0,0,0,0,qme
1813109813758263766,1813467441118523448,Wed Jul 17 06:55:05 +0000 2024,Alfarizi_INC,@detikcom Haha,0,0,0,0,0,tl
1813109813758263766,1813467424228004301,Wed Jul 17 06:55:01 +0000 2024,gusdureen,@ferizandra @detikcom Raja bohong..,0,0,0,0,0,in
1813109813758263766,1813467029065830542,Wed Jul 17 06:53:26 +0000 2024,nrosiawati,@ferizandra @detikcom Ingat apa yang bapak ini katakan pasti kebalikannya ya,1,0,0,0,0,in
1813109813758263766,1813464097066795194,Wed Jul 17 06:41:47 +0000 2024,rifaiac35639066,@dimstrds @detikcom Polos2 dongo,1,0,0,0,0,es
1813109813758263766,1813463908436574618,Wed Jul 17 06:41:02 +0000 2024,rifaiac35639066,"@detikcom Lah dia yg kesusu, skg mau cuci tangan piye joke!!!",0,0,0,0,0,in
1813109813758263766,1813463105294528952,Wed Jul 17 06:37:51 +0000 2024,qmjoy,"@detikcom Gak ada yang ekspek kok. bapak doang kayanya.
Tenang aja.",0,0,0,0,0,in
1813109813758263766,1813462635184267727,Wed Jul 17 06:35:59 +0000 2024,ubicilelembut,@detikcom Entah kenapa gw ngebayangin kontraktornya dimarahinnya kayak apa sekarang...,0,0,0,0,0,in
1813109813758263766,1813462174544851338,Wed Jul 17 06:34:09 +0000 2024,esdaogan,@Tony_Harto @detikcom yes,0,0,0,0,0,und
1813109813758263766,1813460932992938053,Wed Jul 17 06:29:13 +0000 2024,TksMus46494,@detikcom Kebiasaan bohong para pejabat sdh menjadi tradisi di REZIM sekarang ini,0,0,0,0,0,in
1813109813758263766,1813460258892964040,Wed Jul 17 06:26:32 +0000 2024,aaasssteeerrr,@detikcom Dari awal juga Gaada yg ngarep buat dibangun ikn kali pak,0,0,0,0,0,in
1813109813758263766,1813459327665189312,Wed Jul 17 06:22:50 +0000 2024,w_tanamal,@ferizandra @detikcom Pokoknya gueedee banget...,0,0,0,0,0,in
1813109813758263766,1813459099172188348,Wed Jul 17 06:21:56 +0000 2024,Eliyass_02,@detikcom Sampean sing ngeduyu mbah. Nk awak dewe ki ratau arep2 popo,0,0,0,0,0,in
1813109813758263766,1813458895391879317,Wed Jul 17 06:21:07 +0000 2024,amoymoyom,@detikcom @jokowi sang pendusta 🥳🥳🥳,0,0,0,0,0,in
1813109813758263766,1813458578344407236,Wed Jul 17 06:19:52 +0000 2024,b0cah_dj0gdja,@Generasiosing @detikcom Mn itu muka si bahlul..,0,0,0,0,0,in
1813109813758263766,1813458520781783422,Wed Jul 17 06:19:38 +0000 2024,haluluya_,@detikcom G peduli jg,0,0,0,0,0,in
1813109813758263766,1813458509121696198,Wed Jul 17 06:19:35 +0000 2024,beenoen_id,@mmifazhar @ferizandra @detikcom Skrg pada unsubscribed . Kontennya ngga bagus,0,0,0,0,0,in
1813109813758263766,1813458381451174204,Wed Jul 17 06:19:05 +0000 2024,Abba90996089790,@detikcom https://t.co/THNqMk1i26,0,0,0,0,0,qme
1813109813758263766,1813456970877382830,Wed Jul 17 06:13:28 +0000 2024,antojoenior,"@detikcom Mbok upacara di jakarta aja to pak, Ra usah maksa gitu lo..",0,0,0,0,0,in
1813109813758263766,1813456402519879784,Wed Jul 17 06:11:13 +0000 2024,VeryRy4,"@detikcom Ini org terbentuk krn pujian buta para elit. Saya tidak paham mengapa para elit sangat mengeluelukan dia, sampai semua keluarga nya di jadikan bak dewa, padahal dia bukan siapa² kita tidak kenal dia,,, tapi yang membesarkan dia hanyalah jilatan para elit",0,0,0,0,0,in
1813109813758263766,1813455055091290357,Wed Jul 17 06:05:52 +0000 2024,InonkIskandar88,@ferizandra @detikcom Tiada hari tanpa DOBOL,1,0,0,0,0,in
1813109813758263766,1813454098219577692,Wed Jul 17 06:02:04 +0000 2024,reyhan_zumi,"@detikcom Siap² nambah lg ""candi"" di Indonesia 😂",0,0,0,0,0,in
1813109813758263766,1813453431388140030,Wed Jul 17 05:59:25 +0000 2024,rabudi2000,@detikcom Siap2 lah nanti Setelah Lengser di panggil sama DPR yg terpilih utk Rapat Dengar pendapat IKN yg kemungkinan Merugikan keuangan negara 😄,0,0,0,0,0,in
1813109813758263766,1813453409628152050,Wed Jul 17 05:59:19 +0000 2024,Ema70585236,@detikcom mumet perutku 🤣🤣🤣🤣,0,0,0,0,0,in
1813109813758263766,1813453393232556259,Wed Jul 17 05:59:15 +0000 2024,sejenakberpikir,@detikcom Hahaha trllu timggi terbang,0,0,0,0,0,in
1813109813758263766,1813453257106419945,Wed Jul 17 05:58:43 +0000 2024,B4msaja,"@detikcom Di kasih waktu 10 tahun belajar jadi presiden, malah tak pintar2 😵",0,0,0,0,0,in
1813109813758263766,1813450699898060921,Wed Jul 17 05:48:33 +0000 2024,alwaysNangis2,"@lampu_patromaks @detikcom Kadron. Km coba lht chatmu, dan km lihat reply ku. Km cerna pelan2. Jgn buru2. Otakmu lemah.",0,0,0,0,0,in
1813109813758263766,1813450121910386957,Wed Jul 17 05:46:15 +0000 2024,_d_9_put,"@detikcom Gk ekspektasi sih pak..sejak awal udah pesimis emg gk bakal cepat jd,+ kebanyakan mengeluarkan anggaran aj🫣",0,0,0,0,0,in
1813109813758263766,1813449708708516036,Wed Jul 17 05:44:37 +0000 2024,dngwijonarko,@detikcom Seeerrrr,0,0,0,0,0,und
1813109813758263766,1813448839283847456,Wed Jul 17 05:41:10 +0000 2024,integreet,@PrabangkaraMhdr @detikcom SBY ga akan prihatin lagi anaknya udah dikasih tulang,0,0,0,0,0,in
1813109813758263766,1813448500442755141,Wed Jul 17 05:39:49 +0000 2024,integreet,@detikcom Kata @ridwankamil bakal jd kaya jakarta dalam brp bulan gitu. Masa baru 15%. Apakah dia bego atau pembohong kaya pak jokowi?,0,0,0,0,0,in
1813109813758263766,1813448483891970502,Wed Jul 17 05:39:45 +0000 2024,Sugarfree88_,@yesmar_banu @detikcom Kirain ada infinity castle juga 😭,0,0,0,0,0,in
1813109813758263766,1813448430569554387,Wed Jul 17 05:39:32 +0000 2024,samsul__arifin,"@detikcom ilmu cari selamat, ilmu buang badan, ilmu muka tembok digabung menjadi jurus andalan yaitu ngibul",0,0,0,0,0,in
1813109813758263766,1813447946886680781,Wed Jul 17 05:37:37 +0000 2024,dandyez,@detikcom konon ada yg smpaikan 2 bulan lagi sdah sperti jakarta,0,0,0,0,0,in
1813109813758263766,1813447605851971587,Wed Jul 17 05:36:16 +0000 2024,Ge_En_Pe,"@detikcom Ya Allah, ku kira udah 50% lebih",0,0,0,0,0,in
1813109813758263766,1813447586230993021,Wed Jul 17 05:36:11 +0000 2024,danielht2009,"@detikcom Lha, anda yg menaruh ekspektasi berlebihan, koq! Janji mulai tinggal di sana Juli 2024 saja diingkari sendiri. Dgn alasan yg terlalu dibuat-buat. Listrik dan air belum ada lah, hujan deras lah. 

Kini bilang, masyarakat jangan ekspektasi lebih!",25,5,0,0,0,in
1813109813758263766,1813447056142528580,Wed Jul 17 05:34:05 +0000 2024,allkacruuut,"@detikcom Terus ngapain upacara maksa amat ke sana , bawa org puluhan rb  dari jawa ngapain buang anggaran gak penting",0,0,0,0,0,in
1813109813758263766,1813446223145365593,Wed Jul 17 05:30:46 +0000 2024,AnakKampoeng78,@detikcom Jok...jok....bicaramu gedabruuus,0,0,0,0,0,in
1813109813758263766,1813446151338938564,Wed Jul 17 05:30:29 +0000 2024,dianfrni,@detikcom 😁,0,0,0,0,0,qme
1813109813758263766,1813445250620575906,Wed Jul 17 05:26:54 +0000 2024,floridina_forza,@detikcom Lah bapak mestinya ngomong sama pak Jokowi pak,0,0,0,0,0,in
1813109813758263766,1813444870851465639,Wed Jul 17 05:25:24 +0000 2024,Hauptritter,@ferizandra @detikcom Gede banget boongnya😭,1,0,0,0,0,in
1813109813758263766,1813444734796636204,Wed Jul 17 05:24:51 +0000 2024,Danzo5himura,@detikcom yang punya ekpektasi itu lu bukan rakyat,0,0,0,0,0,in
1813109813758263766,1813444681776484567,Wed Jul 17 05:24:38 +0000 2024,lampu_patromaks,@alwaysNangis2 @detikcom Ditanya data malah kesana kemari mulu. Typically jokower.😁😂 payah,1,0,1,0,0,in
1813109813758263766,1813444545545486362,Wed Jul 17 05:24:06 +0000 2024,tittymittybitty,@detikcom Is the expectation in the room with us??,0,0,0,0,0,en
1813109813758263766,1813444423084306836,Wed Jul 17 05:23:37 +0000 2024,Hauptritter,@detikcom Wowkwowkowkwkw,0,0,0,0,0,in
1813109813758263766,1813442730418483365,Wed Jul 17 05:16:53 +0000 2024,49amarta,@detikcom berak,0,0,0,0,0,eu
1813109813758263766,1813441932036833285,Wed Jul 17 05:13:43 +0000 2024,BriteSmg949,@detikcom Astagfirullah.. Berbohong pada satu orang saja dikubur bakal dirobek robek mulutnya sampai kiamat kelak. Bagaimana kalau kerjaannya membohongi satu negara 🤷,0,0,0,0,0,in
1813109813758263766,1813441254996459537,Wed Jul 17 05:11:01 +0000 2024,nugrahaWHY,@dimstrds @detikcom Ya buat nampung matasipitlah disitu..gitu aja gak paham.,1,1,0,0,0,in
1813109813758263766,1813440433223282984,Wed Jul 17 05:07:46 +0000 2024,tjoetalitha,@detikcom ok pa,0,0,0,0,0,in
1813109813758263766,1813440296170246235,Wed Jul 17 05:07:13 +0000 2024,apriyadidit,"@detikcom Pake CGI aja Pak, biar dikira sudah 80%🤣",0,0,0,0,0,in
1813109813758263766,1813440197029458036,Wed Jul 17 05:06:49 +0000 2024,ultras442,@detikcom Pokoknya harus ada mobil terbangnya. Titik! https://t.co/uUcepiKWXz,0,0,0,0,0,in
1813109813758263766,1813439415026581560,Wed Jul 17 05:03:43 +0000 2024,RajaCupu,"@detikcom Waduh masih butuh berapa trilunan bos? Mending cancel aja, infrastrukturnya dihibahkan ke provinsi",0,0,0,0,0,in
1813109813758263766,1813438633837490338,Wed Jul 17 05:00:37 +0000 2024,oniiksuka,@detikcom Lah yang buru2 minta di sana siapa emang awalnya… 😭😭😭😭😭,0,0,0,0,0,in
1813109813758263766,1813438383416549612,Wed Jul 17 04:59:37 +0000 2024,APalloeppy,@yesmar_banu @detikcom Terserah dia,0,0,0,0,0,in
1813109813758263766,1813437383783895126,Wed Jul 17 04:55:38 +0000 2024,Mzqaff,@detikcom Yang mengglorifikasi kan sampeyan dewe pak.,0,0,0,0,0,in
1813109813758263766,1813436689890906600,Wed Jul 17 04:52:53 +0000 2024,riswan__bae,@detikcom 🤣,0,0,0,0,0,qme
1813109813758263766,1813436101664932265,Wed Jul 17 04:50:33 +0000 2024,hiliricaci,@pickusdump @detikcom Menyala abangkuh,1,0,0,0,0,in
1813109813758263766,1813436046237184273,Wed Jul 17 04:50:20 +0000 2024,oe_deen,@JafarudinJapra @yesmar_banu @detikcom njir iya juga ya🤣🤣🤣,0,0,0,0,0,in
1813109813758263766,1813434837833040363,Wed Jul 17 04:45:31 +0000 2024,ysm7july,"@detikcom Rakyat memerlukan kecukupan sandang pangan papan yang cukup, bukan dananya dipakai membangun IKN ya pak @jokowi yth.",0,0,0,0,0,in
1813109813758263766,1813434449188790711,Wed Jul 17 04:43:59 +0000 2024,GerimisHot,"@goesman02 @detikcom Pd dungu makanya baca yg komplit jgn cuma dari judul.. 15 persen dari keseluruhan project yg hingga 2045, klo cuma kawasan inti ya di atas 80 persen smua",1,0,0,0,0,in
1813109813758263766,1813434244557124075,Wed Jul 17 04:43:10 +0000 2024,ysm7july,@mmifazhar @ferizandra @detikcom Halu maksimal,0,0,0,0,0,in
1813109813758263766,1813434149769998768,Wed Jul 17 04:42:47 +0000 2024,ysm7july,@ferizandra @detikcom ndobos,1,0,0,0,0,tl
1813109813758263766,1813434100440584639,Wed Jul 17 04:42:36 +0000 2024,rhalvx,@detikcom makanya diobral ya,0,0,0,0,0,in
1813109813758263766,1813433943644938379,Wed Jul 17 04:41:58 +0000 2024,ImanJapra,@detikcom Pemborosan anggaran itu hrs ada pertanggungjawaban...,0,0,0,0,0,in
1813109813758263766,1813433882605416632,Wed Jul 17 04:41:44 +0000 2024,alwaysNangis2,@lampu_patromaks @detikcom Mampu cerna kata2ku ga dron?,0,0,1,0,0,in
1813109813758263766,1813433065391390930,Wed Jul 17 04:38:29 +0000 2024,pengushrnminari,@detikcom Bikin emosi aja ini orang,0,0,0,0,0,in
1813109813758263766,1813432618605850974,Wed Jul 17 04:36:42 +0000 2024,Zeent29,@detikcom Ada manusia klo ngmng beda-beda kaya gini ya? 🤣,0,0,0,0,0,in
1813109813758263766,1813431248486015172,Wed Jul 17 04:31:16 +0000 2024,lampu_patromaks,@alwaysNangis2 @detikcom Spill investor yg udah masuk ke IKN 😁 kalo ada gue traktir lu bakso 😂,1,0,1,0,0,in
1813109813758263766,1813429229037711633,Wed Jul 17 04:23:14 +0000 2024,cocoki24,"@detikcom Dari awal juga ga ngarepin apapun, orang terlalu memaksakan diri ko",0,0,0,0,0,in
1813109813758263766,1813428541469643025,Wed Jul 17 04:20:30 +0000 2024,3chtelieb3,"@detikcom Coba kasih garansi tanah ke investor sampe 2000 tahun ke depan pak, mungkin banyak yang minat",0,0,0,0,0,in
1813109813758263766,1813427679854830050,Wed Jul 17 04:17:05 +0000 2024,Saestuanalisis,@detikcom Ngakakkk,0,0,0,0,0,in
1813109813758263766,1813427506185379895,Wed Jul 17 04:16:23 +0000 2024,MukminHutasuhut,@detikcom Hahaha... yg berkoar2 membanggakan tentang IKN adalah dirinya dan begundal2nya,0,0,0,0,0,in
1813109813758263766,1813426679647506485,Wed Jul 17 04:13:06 +0000 2024,484nX,@detikcom ???,0,0,0,0,0,qam
1813109813758263766,1813426259575398400,Wed Jul 17 04:11:26 +0000 2024,PansirtLurima,@negativisme @detikcom Bajer tolol,0,0,0,0,0,en
1813109813758263766,1813425513731674481,Wed Jul 17 04:08:28 +0000 2024,anedjara,@detikcom Kami juga tidak berharap banyak bapak. Sudah seperti yang kami prediksi apa yang akan terjadi.,0,0,0,0,0,in
1813109813758263766,1813424894883099025,Wed Jul 17 04:06:01 +0000 2024,ferizandra,"@mmifazhar @detikcom Yg percaya omongannya, ya dia sendiri... 🤪",3,0,0,0,0,in
1813109813758263766,1813424621355745756,Wed Jul 17 04:04:56 +0000 2024,ferizandra,"@evalez_fr @detikcom I know, I know... 🤪",1,0,0,0,0,en
1813109813758263766,1813423891878211727,Wed Jul 17 04:02:02 +0000 2024,DitriRizki_D3,@ferizandra @detikcom Kang kibul lagi cari jawaban tepat….,1,0,0,0,0,in
1813109813758263766,1813423644116463772,Wed Jul 17 04:01:03 +0000 2024,eiji_hanamichi,@detikcom Rasanya kmaren kmaren 85 ℅ cnah,0,0,0,0,0,in
1813109813758263766,1813422946838540759,Wed Jul 17 03:58:16 +0000 2024,slamet_nasib,@detikcom Emang udah diprediksikan bakal bilang gitu kan...,0,0,0,0,0,in
1813109813758263766,1813422468872237090,Wed Jul 17 03:56:22 +0000 2024,zambo_ramb21230,"@detikcom uang rakyat, sudah dipakai pa. harus di pertanggung jawaban kan penggunaannya, sesuai yg terucap oleh bapa.",0,0,0,0,0,in
1813109813758263766,1813422456977432708,Wed Jul 17 03:56:20 +0000 2024,alexsatriahill,@detikcom Katanya udah 80%,0,0,0,0,0,in
1813109813758263766,1813421711943180444,Wed Jul 17 03:53:22 +0000 2024,findingCuk,@detikcom Hahaa .. hannnncur,0,0,0,0,0,in
1813109813758263766,1813421086249476143,Wed Jul 17 03:50:53 +0000 2024,akbar_rpb,@detikcom lah bukannya pada pesimis?,0,0,0,0,0,in
1813109813758263766,1813419684647342090,Wed Jul 17 03:45:19 +0000 2024,mustawa77,"@yesmar_banu @detikcom Iyalah ... Sakuni-unimu, Pak.",0,0,0,0,0,in
1813109813758263766,1813419212981092638,Wed Jul 17 03:43:26 +0000 2024,gungsed,@detikcom Mundur tau diri,0,0,0,0,0,in
1813109813758263766,1813418588491169833,Wed Jul 17 03:40:57 +0000 2024,ikimaru30,"@detikcom Ada ga sih pas wawancara dia, kasih unjuk video"" sebelum nya ngomong apa gtu",0,0,0,0,0,in
1813109813758263766,1813418423256510920,Wed Jul 17 03:40:18 +0000 2024,Adasperaspera,@detikcom Wah kaget aku,0,0,0,0,0,in
1813109813758263766,1813417935685492875,Wed Jul 17 03:38:22 +0000 2024,_Alpha69_,@detikcom Kacau sampean pakdhe 🤥,0,0,0,0,0,in
1813109813758263766,1813417495463960861,Wed Jul 17 03:36:37 +0000 2024,Soemir28,@detikcom SAYA MENARUH KEYAKINAN SEJAK AWAL IKN PROYEK GAGAL.,0,0,0,0,0,in
1813109813758263766,1813417457392205828,Wed Jul 17 03:36:28 +0000 2024,KangChuangki_01,"@ucieamoi @detikcom @jokowi Kami sewakanda mengucapkan
""BODO AMAAAAAT""",1,0,0,0,0,in
1813109813758263766,1813417374324015407,Wed Jul 17 03:36:08 +0000 2024,DtKhalid1,@detikcom Kebalikannya dari cakap beliau..JK katanya 15% itu artinya 150%🤣,0,0,0,0,0,in
1813109813758263766,1813417183638393097,Wed Jul 17 03:35:22 +0000 2024,KangChuangki_01,@ahmadha01689624 @detikcom @ridwankamil Kegedeaaann cocot doang sih,0,0,0,0,0,in
1813109813758263766,1813416739969102283,Wed Jul 17 03:33:37 +0000 2024,KangChuangki_01,"@detikcom Kami sewakanda mengucapkan
""BODO AMAAAAAAT""
🤣🤣🤣🤣🤣",0,0,0,0,0,in
1813109813758263766,1813416652861768051,Wed Jul 17 03:33:16 +0000 2024,omsenank1,@bread_selling @detikcom Kasus kue apa ini? Ceritanya bgmn kah?,0,0,0,0,0,in
1813109813758263766,1813416284706730280,Wed Jul 17 03:31:48 +0000 2024,rahadian7274,@detikcom Sementara rakyat udah diperas keringat n kesabarannya lewat sulitnya kehidupan n harga2 yg serba mahal,0,0,0,0,0,in
1813109813758263766,1813415715170578915,Wed Jul 17 03:29:32 +0000 2024,Rusdayati7,@detikcom Waduuuh omonganmu gak kenek dipercoyo blaaaaas,0,0,0,0,0,in
1813109813758263766,1813414870815211790,Wed Jul 17 03:26:11 +0000 2024,satuenon,@detikcom Hukum mati para koruptor!,0,0,0,0,0,in
1813109813758263766,1813414748517703682,Wed Jul 17 03:25:42 +0000 2024,ninetythreeboy,"@detikcom ente yg rencanain org yg gak boleh berekspetasi, klo gak siap dan layak ngapain dipaksa kulit peler",0,0,0,0,0,in
1813109813758263766,1813414655664222607,Wed Jul 17 03:25:20 +0000 2024,aeptawaf,@detikcom Lhoooo kemarin kemarin katanya sudah 90%,0,0,0,0,0,in
1813109813758263766,1813413914388140063,Wed Jul 17 03:22:23 +0000 2024,bayualf1412,@detikcom Pesimis sejak lu naik,0,0,0,0,0,in
1813109813758263766,1813413574938698204,Wed Jul 17 03:21:02 +0000 2024,andia502,@detikcom Dan akhirnya 👏👏,0,0,0,0,0,in
1813109813758263766,1813413382089048212,Wed Jul 17 03:20:16 +0000 2024,Ryan_wkaq,@detikcom Makanya jangan suka ngedbrus,0,0,0,0,0,in
1813109813758263766,1813412976617288126,Wed Jul 17 03:18:39 +0000 2024,HarahapNapurpur,@detikcom Mangkrak gak tuh,0,0,0,0,0,in
1813109813758263766,1813412718600425853,Wed Jul 17 03:17:38 +0000 2024,Achmadchar27917,"@detikcom Ya bapak kami ikut , tetap Indonesia merdeka
.",0,0,0,0,0,in
1813109813758263766,1813411560410472860,Wed Jul 17 03:13:02 +0000 2024,KucingKuning8,@negativisme @detikcom Bcot buzzer tai,0,0,0,0,0,en
1813109813758263766,1813411247247036547,Wed Jul 17 03:11:47 +0000 2024,Fahmy_TEGAL,@detikcom Iya paham Pak. Yang penting sudah siap utk upacara. Selebihnya sambil jalan,0,0,0,0,0,in
1813109813758263766,1813409159226008020,Wed Jul 17 03:03:29 +0000 2024,JuhardiKoswara,@negativisme @detikcom Setuju kah klo hukumannya 20thn atau hukuman mati. Dan rampas semua aset nya serta miskinkan.,0,0,0,0,0,in
1813109813758263766,1813409093190873545,Wed Jul 17 03:03:13 +0000 2024,abebececede,"@detikcom Lah, siapa juga yg berekspektasi 😩",0,0,0,0,0,in
1813109813758263766,1813407852821938304,Wed Jul 17 02:58:18 +0000 2024,prasetyohp,@detikcom Battery Health 15% @adrielnggeo,0,0,0,0,0,en
1813109813758263766,1813406978859020572,Wed Jul 17 02:54:49 +0000 2024,yuda_a9,@detikcom Itu calon mangkrak Pak,0,0,0,0,0,in
1813109813758263766,1813406189432238338,Wed Jul 17 02:51:41 +0000 2024,askaka_,@detikcom Wkwkwk emang lain beliau ini https://t.co/ZIrBBzkukD,0,0,0,0,0,in
1813109813758263766,1813406104464028005,Wed Jul 17 02:51:21 +0000 2024,BudiBuitenzorgg,"@detikcom Ya memang kan itu obsesi anda sebelum abis jabatan mau ninggalin legacy

Secara logika juga IKN ga bakal kelar sampe masa jabatan anda habis.",0,0,0,0,0,in
1813109813758263766,1813406013028188376,Wed Jul 17 02:50:59 +0000 2024,KatsuraaDa,"@detikcom Apaan si jok, freak bgt. Org kita udah pesimis dari awal, lu-nya aja sosoan.",0,0,0,0,0,in
1813109813758263766,1813405621758423487,Wed Jul 17 02:49:26 +0000 2024,BocahNd63584241,"@detikcom Kami gak mau tau prosentase pembangunan IKN yg menyengsarakan rakyat pak, sama sekali kami tidak berekspektasi",0,0,0,0,0,in
1813109813758263766,1813405433778040922,Wed Jul 17 02:48:41 +0000 2024,Mardini444222,"@detikcom Kaku perut gue ngak bisa nahan  ha, ha, ha. Huuu, huu, hiu, hii, hek, hek.... Setiap denger statemen Pak dhe........",0,0,0,0,0,in
1813109813758263766,1813404885200912470,Wed Jul 17 02:46:30 +0000 2024,fajrulafifxx,@detikcom Ga peduli juga sama proyek ego jelek kalian itu @jokowi,0,0,0,0,0,in
1813109813758263766,1813404552491855926,Wed Jul 17 02:45:11 +0000 2024,alfa_ichi,@dimstrds @detikcom Mau membuktikan ramalan film The Simpsons,1,0,0,0,0,in
1813109813758263766,1813404546288455778,Wed Jul 17 02:45:09 +0000 2024,toherezie,"@detikcom Dia masih berpegang teguh dengan ""apa yang saya ucapkan adalah kebalikan nya""",0,0,0,0,0,in
1813109813758263766,1813404500377661938,Wed Jul 17 02:44:58 +0000 2024,Mardini444222,@5ribudollar_ @detikcom Kaku perut ini lihat pak Jok.,0,0,0,0,0,in
1813109813758263766,1813404317845733406,Wed Jul 17 02:44:15 +0000 2024,leplusjeun23,@detikcom Yg kemaren berlomba2 mau invest di IKN kemane ye...,0,0,0,0,0,in
1813109813758263766,1813404085472858382,Wed Jul 17 02:43:20 +0000 2024,Mardini444222,"@hdsambodo @detikcom Ha, ha, ha....",1,0,0,0,0,tl
1813109813758263766,1813404008935215453,Wed Jul 17 02:43:01 +0000 2024,akumadorobito,@detikcom Anda doang deh kayaknya yang malu.,0,0,0,0,0,in
1813109813758263766,1813403823836369245,Wed Jul 17 02:42:17 +0000 2024,ahmadkdafi,"@detikcom Ketika kita sering mengumbar janji
Akhirnya kita sendiri yg panik ketika kenyataan ta sesuai ekspektasi",0,0,0,0,0,in
1813109813758263766,1813403761068687824,Wed Jul 17 02:42:02 +0000 2024,arrasdb,@detikcom Kapan ada malunya pak?,0,0,0,0,0,in
1813109813758263766,1813403735747616903,Wed Jul 17 02:41:56 +0000 2024,Mardini444222,"@CutePan2399 @detikcom Ha, ha, ha.........",0,0,0,0,0,tl
1813109813758263766,1813402068071465124,Wed Jul 17 02:35:19 +0000 2024,Zaki_Sanchez,@detikcom Wohh Kaget..,0,0,0,0,0,en
1813109813758263766,1813401456051171418,Wed Jul 17 02:32:53 +0000 2024,unclee_eman,@detikcom LOL,0,0,0,0,0,und
1813109813758263766,1813400685356187794,Wed Jul 17 02:29:49 +0000 2024,Mardini444222,"@Da75039330 @dimstrds @detikcom Kok tanya saya, juga bingung nich?....",0,0,0,0,0,in
1813109813758263766,1813400478207856842,Wed Jul 17 02:29:00 +0000 2024,2ndonesia,@detikcom Hambalang 2,0,0,0,0,0,in
1813109813758263766,1813400406174888425,Wed Jul 17 02:28:42 +0000 2024,heran001,@detikcom Background bisa diganti AI......,0,0,0,0,0,in
1813109813758263766,1813400051747786786,Wed Jul 17 02:27:18 +0000 2024,JawaraOnline,"@detikcom hihihi,,,besar pasak daripada tiang",0,0,0,0,0,in
1813109813758263766,1813399841369964545,Wed Jul 17 02:26:28 +0000 2024,__nyai__,@detikcom Jabatannya cm 10 tahun daya rusaknya 190 tahun,1,0,0,0,0,in
1813109813758263766,1813399702303653914,Wed Jul 17 02:25:55 +0000 2024,Mardini444222,"@aguslah @yesmar_banu @detikcom Ha, ha haaaaaaaaaa, hhhhhhaaaaa...",0,0,0,0,0,tl
1813109813758263766,1813399448434909435,Wed Jul 17 02:24:54 +0000 2024,Mardini444222,"@IbrahimCholid @yesmar_banu @detikcom He, he, he.....  Kaku nich perut!......",0,0,0,0,0,in
1813109813758263766,1813399346874130804,Wed Jul 17 02:24:30 +0000 2024,451530dc19ec483,@detikcom Jokowi itu semua akibat ulah kamu yg tidak mau mendengar pendapat para ahli.,0,0,0,0,0,in
1813109813758263766,1813399183644381535,Wed Jul 17 02:23:51 +0000 2024,endronesia293,@detikcom Wedi karepe dewe 😂🤣🤣🤣🤣🤣,0,0,0,0,0,in
1813109813758263766,1813398679073751210,Wed Jul 17 02:21:51 +0000 2024,pintakars,@detikcom YA NGAPIN DIPAKSAIN 😤,0,0,0,0,0,in
1813109813758263766,1813398553827663900,Wed Jul 17 02:21:21 +0000 2024,Paman_1168,"@detikcom JAKARTA butuh waktu 79 tahun untuk terlihat seperti sekarang...tahun 1945 seperti apa? Th 1955, th 1965, 1980, 1990?? Th 2000??? Jakarta butuh waktu puluhan tahun utk jd kota yg modern spt skrng....
IKN baru dibangun masif +- 2 th ini....
Jangan bandingkan Jakarta dg IKN...",1,0,0,0,0,in
1813109813758263766,1813398410382442940,Wed Jul 17 02:20:47 +0000 2024,rp_z3l,@detikcom Emang ada yang ekspektasi besar ke IKN selain kroni2 lu pak?? 😂 tl,0,0,0,0,0,in
1813109813758263766,1813398166575931853,Wed Jul 17 02:19:48 +0000 2024,AjuskaJudas,@ferizandra @detikcom Katanya sih oversubscribed https://t.co/yDtQGfBDs3,13,0,3,0,0,in
1813109813758263766,1813398143175975147,Wed Jul 17 02:19:43 +0000 2024,sonneeaa,"@ferizandra @detikcom Dibaca dan dipahami lagi kalimatnya, itu berarti investasi Dubai tidak akan masuk ke ikn juli besok ~~",7,0,0,0,0,in
1813109813758263766,1813397546167079188,Wed Jul 17 02:17:20 +0000 2024,fugusaga,@detikcom KJM,0,0,0,0,0,und
1813109813758263766,1813397037859401973,Wed Jul 17 02:15:19 +0000 2024,BangUkis,"@detikcom Inget-inget nih para HRD, blok orang ini. 🤭",0,0,0,0,0,in
1813109813758263766,1813396013488697730,Wed Jul 17 02:11:15 +0000 2024,ASN_UnderCover,"@detikcom Ok lah bubar aja IKN...

Sekarang kan ada para pegawai yg harusnya tinggal di IKN dan sudah memperoleh tunjangan, gaji &amp; fasilitas untuk tinggal di IKN gmn ?",0,0,0,0,0,in
1813109813758263766,1813395622340526332,Wed Jul 17 02:09:42 +0000 2024,jendelaberembun,"@ferizandra @detikcom Gede banget, ngayalnya",5,0,0,0,0,in
1813109813758263766,1813395447798763766,Wed Jul 17 02:09:00 +0000 2024,ridhobae1982,@detikcom Oh 15%,0,0,0,0,0,und
1813109813758263766,1813395152666505583,Wed Jul 17 02:07:50 +0000 2024,achidaeste,"@detikcom Lu doang kali yg berekspektasi, gue mah kagak.",0,0,0,0,0,in
1813109813758263766,1813395127702024612,Wed Jul 17 02:07:44 +0000 2024,sonneeaa,@Generasiosing @detikcom Ilmu Berkebalikan,1,0,0,0,0,in
1813109813758263766,1813394791272771850,Wed Jul 17 02:06:24 +0000 2024,Karnak971766,"@detikcom Our expectation for you are already low

But god damn...!",0,0,0,0,0,en
1813109813758263766,1813394092547821735,Wed Jul 17 02:03:37 +0000 2024,deenarnew,"@ferizandra @detikcom belum cucoks fee out nya jadi blm deal, secara hitung2an ama Arabes 🤭",0,0,0,0,0,in
1813109813758263766,1813394071601467854,Wed Jul 17 02:03:32 +0000 2024,syarifgibran12,@detikcom Awokwokwok...,0,0,0,0,0,in
1813109813758263766,1813393833079849323,Wed Jul 17 02:02:35 +0000 2024,mikelpradana123,@detikcom https://t.co/4fBJ4o05mY,0,0,0,0,0,qme
1813109813758263766,1813393742193390065,Wed Jul 17 02:02:14 +0000 2024,singlepromaxx,@26Widi @yesmar_banu @detikcom Haha betul,0,0,0,0,0,in
1813109813758263766,1813393584516935744,Wed Jul 17 02:01:36 +0000 2024,iamwillchandra,@detikcom Yang namanya ekspektasi apalagi harapan uda asing pak buat saya terhadap pemerintah,0,0,0,0,0,in
1813109813758263766,1813392986233008483,Wed Jul 17 01:59:13 +0000 2024,lilstrawber,@detikcom xixi,0,0,0,0,0,in
1813109813758263766,1813392534779109434,Wed Jul 17 01:57:26 +0000 2024,mtfco,@detikcom Bodo amat pak,0,0,0,0,0,in
1813109813758263766,1813391546127089885,Wed Jul 17 01:53:30 +0000 2024,watashialdidesu,@MuhammadDjazul1 @detikcom @gibran_tweet MENYALAAAA GA TUH WWKWKWK,0,0,0,0,0,in
1813109813758263766,1813391223006331325,Wed Jul 17 01:52:13 +0000 2024,alwaysNangis2,@lampu_patromaks @detikcom Sudah mampu cerna dron?,0,0,1,0,0,in
1813109813758263766,1813391121990754557,Wed Jul 17 01:51:49 +0000 2024,PrabangkaraMhdr,"@detikcom Meleset semua dr prediksi, kalau kata pak SBY kala itu “Saya prihatin”",4,1,1,0,0,in
1813109813758263766,1813390624856608772,Wed Jul 17 01:49:50 +0000 2024,FeriantoT,@detikcom Kan dia yang ngomong.....,0,0,0,0,0,in
1813109813758263766,1813390441607504255,Wed Jul 17 01:49:07 +0000 2024,indrAkbar,@dimstrds @detikcom Ga ada polos2nya sih... Kalo ngeri iya. Pake banget.,2,0,0,0,0,in
1813109813758263766,1813390354575659436,Wed Jul 17 01:48:46 +0000 2024,AqidaJamal,@detikcom 😂😂 lawak,0,0,0,0,0,in
1813109813758263766,1813390087214030874,Wed Jul 17 01:47:42 +0000 2024,ardanaf,@detikcom Yg naruh ekspektasi sapa pak? Ikn kan keinginan bapak dan circle bapak,0,0,0,0,0,in
1813109813758263766,1813390041764565354,Wed Jul 17 01:47:31 +0000 2024,indrAkbar,"@detikcom Hmm... Sebenarnya ga ada ekspektasi apa2 sih, pak. Malah sejak awal lebih nampak potensi utk jd proyek mangkrak.",0,0,0,0,0,in
1813109813758263766,1813389907928477988,Wed Jul 17 01:46:59 +0000 2024,abdazis28,@detikcom Dia yang gembar gembor padahal🤣,0,0,0,0,0,in
1813109813758263766,1813388291884126307,Wed Jul 17 01:40:34 +0000 2024,sibrisik,"@ferizandra @detikcom gede banget bohong nya, wiii wi",3,0,0,0,0,in
1813109813758263766,1813387822055006421,Wed Jul 17 01:38:42 +0000 2024,listiantii,@detikcom 🤣,0,0,0,0,0,qme
1813109813758263766,1813387606664892522,Wed Jul 17 01:37:51 +0000 2024,Albert62288558,@detikcom Kog baru 15% jadi buat apa pak harus ada upacara disana? Itu avtur dsb nya mmg ga bayar ya,0,0,0,0,0,in
1813109813758263766,1813387332445434315,Wed Jul 17 01:36:45 +0000 2024,AdhiPrYo,"@detikcom Semoga IKN mangkrak, jadi uang rakyat nggak tambah hangus disana. Cukup yg sudah dipake aja, jangan nambah lagi",1,0,0,0,0,in
1813109813758263766,1813387299000090812,Wed Jul 17 01:36:37 +0000 2024,robotbera,@detikcom kita udh tau pa dari awal 😊 xixixi,3,1,0,0,0,in
1813109813758263766,1813386695095754891,Wed Jul 17 01:34:13 +0000 2024,IbrahimCholid,@ferizandra @detikcom Lha ini kan masuk ekspektasi tinggi...gila ya lu pakde,4,0,0,0,0,in
1813109813758263766,1813386492137652309,Wed Jul 17 01:33:25 +0000 2024,IbrahimCholid,@yesmar_banu @detikcom Sdh habis triliunan masak g boleh ekspektasi tinggi gila aja lu jok...,3,0,1,0,0,in
1813109813758263766,1813386301171024325,Wed Jul 17 01:32:39 +0000 2024,IbrahimCholid,"@detikcom Kok begini pak??? Belum2 sdh pesisimis minta tdk dihujat, yg lalu mana yg optimis dan berani membual??😄😄",0,0,0,0,0,in
1813109813758263766,1813385934156837244,Wed Jul 17 01:31:12 +0000 2024,nahanberac,@detikcom pie towwww,1,0,0,0,0,en
1813109813758263766,1813385488272887845,Wed Jul 17 01:29:26 +0000 2024,cancershitboys,@detikcom Buzzer sama Projo bisa bantu jawab apa kalo beliau ngomong kaya gini? yang fakta fakta aja ya🤟,0,0,0,0,0,in
1813109813758263766,1813385253572190533,Wed Jul 17 01:28:30 +0000 2024,ZaqiAullya,@detikcom ok gas sembako gas gas sembako,0,0,0,0,0,tl
1813109813758263766,1813383928738394318,Wed Jul 17 01:23:14 +0000 2024,Candrairwan8,@detikcom Ekspetasi saya IKN akan jadi proyek mangkrak....sudah Mukidi ngga punya duit pake halu bikin ibukota negara segala sampe mau memberi peluang orang utk menjajah tanah sampai 190 tahun.,0,0,0,0,0,in
1813109813758263766,1813383160836808976,Wed Jul 17 01:20:11 +0000 2024,LumutTunas223,"@detikcom 99% rakyat ga pnya ekspektasi ke IKN,bhkan cenderung bodo amat dan memprotes proyek yh ugal²n ini",0,0,0,0,0,in
1813109813758263766,1813382952103104802,Wed Jul 17 01:19:21 +0000 2024,gwathrenin,@detikcom Kwuontol,0,0,0,0,0,fi
1813109813758263766,1813382723148607648,Wed Jul 17 01:18:26 +0000 2024,issssms,@detikcom Yaudah ngapain dilanjut anjir,0,0,0,0,0,in
1813109813758263766,1813382382348910790,Wed Jul 17 01:17:05 +0000 2024,eva61938270,@detikcom Auto garuk2 tembok dah.  Saraaaap,0,0,0,0,0,in
1813109813758263766,1813382291999412352,Wed Jul 17 01:16:44 +0000 2024,satosi64,@dimstrds @detikcom Kaya masuk gorong2 ya wkkww,1,0,0,0,0,in
1813109813758263766,1813381958065680393,Wed Jul 17 01:15:24 +0000 2024,langbir878,@detikcom Yg punya ekspektasi siapa sih pak Jok...,0,0,0,0,0,in
1813109813758263766,1813381809335579081,Wed Jul 17 01:14:49 +0000 2024,rifkymoch_,@detikcom siapa yg berekspektasi ajg,0,0,0,0,0,in
1813109813758263766,1813381772593463379,Wed Jul 17 01:14:40 +0000 2024,kurosugtub,@detikcom Wkwkkwkww katanya siap smua pak? Emang tukang bohong anda,0,0,0,0,0,in
1813109813758263766,1813380919270731837,Wed Jul 17 01:11:16 +0000 2024,RendyOrton97,@detikcom Serah ngomong apa jga 🤣🤣🤣,0,0,0,0,0,in
1813109813758263766,1813380803742871913,Wed Jul 17 01:10:49 +0000 2024,cowobgtt,@detikcom bukannya jenengan y pak yg menaruh harap scr berlebihan ke ikn?,0,0,0,0,0,in
1813109813758263766,1813380447067623863,Wed Jul 17 01:09:24 +0000 2024,Nuzul2011,@detikcom Tai kucing..,0,0,0,0,0,in
1813109813758263766,1813380355946377468,Wed Jul 17 01:09:02 +0000 2024,poday123,"@detikcom Siapa juga. Kau aja ngehalu mulu pak, atau dikadalin temen2nya😅",0,0,0,0,0,in
1813109813758263766,1813379874176061446,Wed Jul 17 01:07:07 +0000 2024,SintClaude,"@detikcom Oh jadi yg salama ini viral di aneka medsos itu kerjaan buzzer bansos ya, Pak?",0,0,0,0,0,in
1813109813758263766,1813379781888790876,Wed Jul 17 01:06:45 +0000 2024,SiahaanPardo,"@detikcom Justru bapak yg bikin ekspektasi berlebihan. Mulai dari upacara kemerdekaan tahun 2023, Investor banyak yg antri, bulan juli mau pindah kantor ke IKN, dll dll.
Bapak mencla mencle🙏",0,0,0,0,0,in
1813109813758263766,1813379325921812976,Wed Jul 17 01:04:56 +0000 2024,taufikherma,@detikcom Mulut 🔥,0,0,0,0,0,et
1813109813758263766,1813379297979269451,Wed Jul 17 01:04:50 +0000 2024,OneStopHallyu,"@detikcom santai aja pqk, ekspektasi udh rendah dari awal😅",0,0,0,0,0,in
1813109813758263766,1813379209970287084,Wed Jul 17 01:04:29 +0000 2024,AgoengBoediono,@detikcom Ngurus Negara kok main2 pak...,0,0,0,0,0,in
1813109813758263766,1813379181264425428,Wed Jul 17 01:04:22 +0000 2024,kr3sn4d1,@detikcom Artinya bakal mangkrak,0,0,0,0,0,in
1813109813758263766,1813378998816371101,Wed Jul 17 01:03:38 +0000 2024,AgoengBoediono,@andikabina @detikcom Sepertinya emang begitu cara bacanya sekarang..... Kita ambil kebalikannya aja,0,0,0,0,0,in
1813109813758263766,1813378965509403094,Wed Jul 17 01:03:30 +0000 2024,YOI_BOR,@detikcom Serius dikit lah,0,0,0,0,0,in
1813109813758263766,1813378814506070181,Wed Jul 17 01:02:54 +0000 2024,KiraPrasetyo,@detikcom padal cuman dia dan kroni nya yang ngebet ikn ikn.. kita mah gak peduli,0,0,0,0,0,in
1813109813758263766,1813378251714379939,Wed Jul 17 01:00:40 +0000 2024,musthofah384,@detikcom 🤣,0,0,0,0,0,qme
1813109813758263766,1813377385397645526,Wed Jul 17 00:57:14 +0000 2024,adwibasuki,"@violettapadma_a @yesmar_banu @detikcom Dia yg ambisius, dia juga yg kepentok sendiri 🤣
Lesson learned buat anak muda gen z:
Jadilah realistis, jangan ambisius.",0,0,0,0,0,in
1813109813758263766,1813377148281061802,Wed Jul 17 00:56:17 +0000 2024,teguhdaya,"@detikcom Pdhal udeh mo abis jabatan,rakyat msh diprank jg",0,0,0,0,0,in
1813109813758263766,1813376927652327842,Wed Jul 17 00:55:25 +0000 2024,pebriana_wahid,@detikcom Lu yang halu kocak.,0,0,0,0,0,in
1813109813758263766,1813376672839913955,Wed Jul 17 00:54:24 +0000 2024,IRVANmarzuku,@detikcom 🙃,0,0,0,0,0,qme
1813109813758263766,1813376392148709470,Wed Jul 17 00:53:17 +0000 2024,Abdurohimbugiss,@detikcom Kali ini sepertinya bicara jujur 🤔,0,0,0,0,0,in
1813109813758263766,1813375561072562182,Wed Jul 17 00:49:59 +0000 2024,Wprayoga,@detikcom Ya gk usah dipaksain upacara disana bapak joko!!!!!!,0,0,0,0,0,in
1813109813758263766,1813374715907670313,Wed Jul 17 00:46:37 +0000 2024,ronindrawan,@detikcom wkwkwkwkwkwk....mo cebok aja sudah air🤑,0,0,0,0,0,in
1813109813758263766,1813374666612060299,Wed Jul 17 00:46:26 +0000 2024,egi_ndul14,@detikcom Lawak,0,0,0,0,0,in
1813109813758263766,1813374631287640246,Wed Jul 17 00:46:17 +0000 2024,kumahabrehna,@detikcom So so an,0,0,0,0,0,en
1813109813758263766,1813373889092923682,Wed Jul 17 00:43:20 +0000 2024,nicolesyahp,"@detikcom Tidak ada rakyat yang menaruh ekspektasi terhadap IKN…..!!!!
Hanya anda sendiri…!!!!!",1,0,0,0,0,in
1813109813758263766,1813373602429014088,Wed Jul 17 00:42:12 +0000 2024,baldynan,@detikcom jiakh,0,0,0,0,0,in
1813109813758263766,1813373074215244240,Wed Jul 17 00:40:06 +0000 2024,titotgardika,@detikcom Publik gak ada yang peduli kaleeeee sama IKN..,0,0,0,0,0,in
1813109813758263766,1813372676737806624,Wed Jul 17 00:38:31 +0000 2024,yudiiidoey,@detikcom Gblk!,0,0,0,0,0,en
1813109813758263766,1813372512547533229,Wed Jul 17 00:37:52 +0000 2024,alin_raihani,@detikcom Benar2 membagongkan..dulu ktk orng pesimis ama pembangunan IKN dia bilang jgn pesimis skrng ktk org optimis IKn bs tuntas dia suruh jgn optimis..aneh bin ajaib ni orang atu,0,0,0,0,0,in
1813109813758263766,1813372144417751448,Wed Jul 17 00:36:24 +0000 2024,alin_raihani,@detikcom Dasar Kampret ..dulu progressnya hmapir selesai skrng kok mundur jd 15 %,0,0,0,0,0,in
1813109813758263766,1813371798379196574,Wed Jul 17 00:35:02 +0000 2024,bamb_oe,@detikcom Yg kemarin habis kunjungan ke ikn mana ya suaranya,0,0,0,0,0,in
1813109813758263766,1813371761683231048,Wed Jul 17 00:34:53 +0000 2024,widarto63285827,"@detikcom @jokowi @are_inismyname
@Kimberley_PS08 @DedynurPalakka

https://t.co/ftDEtWuCWA",0,0,0,0,0,qme
1813109813758263766,1813371508267573680,Wed Jul 17 00:33:53 +0000 2024,yudistirop,@detikcom Yah siapa juga yang mau membayangkan Pak https://t.co/OhQuBg7m0b,0,0,0,0,0,in
1813109813758263766,1813370907961991680,Wed Jul 17 00:31:29 +0000 2024,xlfrby,"@detikcom dari awal emang ogah ber-ekspektasi apa2, situ aja yang ngotot.",0,0,0,0,0,in
1813109813758263766,1813370414099517762,Wed Jul 17 00:29:32 +0000 2024,elistrisna25,@detikcom Dia aja ga yakin 🤣🤣🤣,0,0,0,0,0,in
1813109813758263766,1813369871981507002,Wed Jul 17 00:27:22 +0000 2024,WildanWinarya,"@detikcom Pak @jokowi , perbedaan pemimpin visioner dan tukang khayal itu beda tipis...",0,0,0,0,0,in
1813109813758263766,1813369263547359708,Wed Jul 17 00:24:57 +0000 2024,QSunter,@detikcom Ngiu.... ngiu.... ngiu.... ngiuuuuu......,0,0,0,0,0,und
1813109813758263766,1813368711149146511,Wed Jul 17 00:22:46 +0000 2024,evalez_fr,@ferizandra @detikcom (((Gede Banget))) Bohongnya 😬,8,0,1,0,0,in
1813109813758263766,1813368203525124439,Wed Jul 17 00:20:45 +0000 2024,silmarilion1313,@detikcom Over subscribe katanya,0,0,0,0,0,tl
1813109813758263766,1813367887551484149,Wed Jul 17 00:19:29 +0000 2024,Tuah_Raya,@detikcom Pekerjaan buzzer tukang cebok makin berat 🤣,0,0,0,0,0,in
1813109813758263766,1813367115149373464,Wed Jul 17 00:16:25 +0000 2024,radenmadesu,@detikcom https://t.co/3Xe6DgYnzy,0,0,0,0,0,qme
1813109813758263766,1813366968172573066,Wed Jul 17 00:15:50 +0000 2024,Telloadante,@detikcom Hahahahahahahahahahahahahahahaha ya ampun Pak. Marahin presidennya. Presidennya yang yakin kalau ikn bakal siap.,0,0,0,0,0,tl
1813109813758263766,1813366689314271433,Wed Jul 17 00:14:44 +0000 2024,avery_indonesia,@detikcom Awokwok peel @mas_veel,0,0,0,0,0,in
1813109813758263766,1813366353635791258,Wed Jul 17 00:13:24 +0000 2024,herukha2013,@detikcom Nekad jg,0,0,0,0,0,lv
1813109813758263766,1813365932875808913,Wed Jul 17 00:11:43 +0000 2024,CakTugiman,@detikcom Dagelan,0,0,0,0,0,nl
1813109813758263766,1813365848754827575,Wed Jul 17 00:11:23 +0000 2024,sopyan_mr,@detikcom Boro2 ekspektasi lbih dari awal juga ko ini  ngotot bgt IKN harus jadi padahal bnyk yg harus dibenahi yg hrs lbih diperhatikan ahhh rasanya....,0,0,0,0,0,in
1813109813758263766,1813365548086071623,Wed Jul 17 00:10:12 +0000 2024,tomAfrian,@detikcom Yang bener mana nih ? Atau jangan² maketnya doang ya 🗿 https://t.co/oRsIFRvjeG,0,0,0,0,0,in
1813109813758263766,1813364864888484234,Wed Jul 17 00:07:29 +0000 2024,jokic33w,"@detikcom Tim dokter kepresidenan apa tidak melakukan cek kondisi psikis presiden secara rutin? 
Bukannya presiden bisa cek dan konsultasi psikologi secara gratis ya?  gak perlu antri di poli BPJS",0,0,0,0,0,in
1813109813758263766,1813364662760784280,Wed Jul 17 00:06:40 +0000 2024,tovan_klz,@detikcom Katanya 89% jok,0,0,0,0,0,in
1813109813758263766,1813364593391243408,Wed Jul 17 00:06:24 +0000 2024,AbhieyanR,"@detikcom Lagian siapa pa yg menaruh ekspektasi lebih pada IKN, pede amattt,,,,,bukankah yg menaruh ekspektasi lebih pada IKN itu pa jkw sama konco2 nya,,,",1,0,0,0,0,in
1813109813758263766,1813364484020531583,Wed Jul 17 00:05:58 +0000 2024,MochammadIslam,"@detikcom Lhaaa si bangke malah minta rakyat yg ngertiin dia. Goblok bgt sih, proyek mahal dan ngga jelas dan udh terlanjur bakal mangkrak gini dr awal mending ngga usah dibangun bego. Lagian bsa apa jg sih kalau semua pindah kesana, otak elu engga pernah nyampe mikir sih",0,0,0,0,0,in
1813109813758263766,1813363437260665204,Wed Jul 17 00:01:48 +0000 2024,DoneeMazea207,@detikcom Kan elonya juga yg kepedean....jejak digitalnya juga banyak kok,0,0,0,0,0,in
1813109813758263766,1813363412875030774,Wed Jul 17 00:01:42 +0000 2024,IjoelSi,"@detikcom Kami rakyat emang niatnya nyela aja pak,satu2nya hiburan kami disaat keadaan susah🤭",0,0,0,0,0,in
1813109813758263766,1813363370642583714,Wed Jul 17 00:01:32 +0000 2024,negerikucinta1,@detikcom Eh si bangkeeee.... ngomong putar balik....,0,0,0,0,0,in
1813109813758263766,1813363241109905655,Wed Jul 17 00:01:01 +0000 2024,Djosair,@detikcom Yang mnaruh ekspektasi lebih siapa? Saya warga kalimantan aja realistis kok sebelum itu dibangun. Apalagi ditengah ekonomi sekarang yang bisa dianggap gak stabil.,0,0,0,0,0,in
1813109813758263766,1813363010096046501,Wed Jul 17 00:00:06 +0000 2024,nonapandi,"@detikcom Lha yg menaruh ekspektasi lebih kan bapak kan? Rakyat kayanya bnyk yg blg ""ngapain bapak inves di IKN?"" Aneh",0,0,0,0,0,in
1813109813758263766,1813362952365588764,Tue Jul 16 23:59:53 +0000 2024,amphirionnn,@detikcom Apasi plinplan bgt,1,0,0,0,0,in
1813109813758263766,1813361244008858013,Tue Jul 16 23:53:05 +0000 2024,taufik_inst,"@detikcom bodo amat sm IKN, noh.. beresin para koruptor, mafia judol, aparat yg banyak dpat gelar oknum, yg menggerogoti bangsa ini.. gak sadar lu kapal  udh oleng msh jg bahas IKN.. tp percuma jg udh mw slesai... hadeew..",0,0,0,0,0,in
1813109813758263766,1813360990479876141,Tue Jul 16 23:52:05 +0000 2024,Eko72308133,@detikcom 😂🤣😂🤣😂😂😂🤣😂😂🤣😂😩😩😩😩,0,0,0,0,0,qme
1813109813758263766,1813360071814119893,Tue Jul 16 23:48:26 +0000 2024,Louis_chantika,@cishshn3 @detikcom 😂🤣,0,0,0,0,0,qme
1813109813758263766,1813359356156740033,Tue Jul 16 23:45:35 +0000 2024,andri8583,@detikcom 🤣🤣🤣,0,0,0,0,0,qme
1813109813758263766,1813355628053798942,Tue Jul 16 23:30:46 +0000 2024,adjie_eija,@detikcom Mega mythomania,0,0,0,0,0,et
1813109813758263766,1813355195147124910,Tue Jul 16 23:29:03 +0000 2024,itsaleey,@detikcom kan lu yg optimis waktu dulu hadeh,0,0,0,0,0,in
1813109813758263766,1813354904720953370,Tue Jul 16 23:27:54 +0000 2024,yohanapriandi,@detikcom Semoga saja hujan sehujan-hujan nya dan selebat-lebat nya disana nanti seharian.,0,0,0,0,0,in
1813109813758263766,1813354807585042494,Tue Jul 16 23:27:31 +0000 2024,diarini09,@detikcom 😌,0,0,0,0,0,qme
1813109813758263766,1813354125754847335,Tue Jul 16 23:24:48 +0000 2024,rektrektrektoke,@detikcom Emang ga ada malunya sih,13,1,0,0,0,in
1813109813758263766,1813353452111909340,Tue Jul 16 23:22:08 +0000 2024,lengkengsarip,@andikabina @detikcom Nah iya tuh,0,0,0,0,0,in
1813109813758263766,1813353115837759630,Tue Jul 16 23:20:47 +0000 2024,lengkengsarip,"@detikcom Ini oeang gimana sih, dia yang gebu gebu tentang IKN sekarang dilarang ekspektasi tinggi, ambigu.",0,0,0,0,0,in
1813109813758263766,1813351015753949465,Tue Jul 16 23:12:27 +0000 2024,JohnMadjie,"@detikcom GR.
Siapa yg naruh ekspektasi lebih IKN. 
Ekspetasi publik ialah Presiden mendatang  tdk meneruskan proyek IKN ini krn sangat mengganggu stabilitas dan kedaulatan Negara. Proyek IKN boleh tetapi yg terukur dan terencana. Tdk kejar tayang, tdk gadaikan wilayah. Yg dikejar apa coba",0,0,0,0,0,in
1813109813758263766,1813350084295422171,Tue Jul 16 23:08:45 +0000 2024,iim_umiamanah,@detikcom Kayaknya konsultannya menyadari harus balik kanan agar klien nya tetap mendapat simpati,0,0,0,0,0,in
1813109813758263766,1813348186670731347,Tue Jul 16 23:01:12 +0000 2024,Martinluth91,@Hant_Sparrow @detikcom @jokowi Berkurang karena rusak atau hilang.... Krn tdk ada yg mau pindah ke sana,0,0,0,0,0,in
1813109813758263766,1813347325772964048,Tue Jul 16 22:57:47 +0000 2024,yahyasem,@detikcom Kagetnya malah kalo ternyata progres udah 100% pak 😁,0,0,0,0,0,in
1813109813758263766,1813347062483984411,Tue Jul 16 22:56:44 +0000 2024,kagakpajangpoto,"@detikcom Jangan maen2 ah jok....
Ane ude kagak sabar naek taksih terbang neeeh
https://t.co/IeRbK2BLdy",0,0,0,0,0,in
1813109813758263766,1813346604600234185,Tue Jul 16 22:54:55 +0000 2024,ngetweetssss,@detikcom Berarti sdh selesai 85% (kebalikan),0,0,0,0,0,in
1813109813758263766,1813346495682543680,Tue Jul 16 22:54:29 +0000 2024,2024_anies62406,@detikcom Yg selama menaruh ekspektasi tinggi ke pikiran rakyat siapa???,1,0,1,0,0,in
1813109813758263766,1813345973130895519,Tue Jul 16 22:52:24 +0000 2024,IpanelIwan,"@detikcom Sungguh membagongkan,,ruwet...ruwet..",0,0,0,0,0,in
1813109813758263766,1813345915002032182,Tue Jul 16 22:52:11 +0000 2024,kakniaas,@yesmar_banu @detikcom Kereta tanpa rel artinya kereta yang belum bisa dipakai 👍🏼😭,0,0,0,0,0,in
1813109813758263766,1813345891975381288,Tue Jul 16 22:52:05 +0000 2024,kopilihdia,@detikcom APA !!??? pembangunan baru 15% !!!????,0,0,0,0,0,in
1813109813758263766,1813345196459135441,Tue Jul 16 22:49:19 +0000 2024,estd666,@detikcom Bilang aja mangkrak,0,0,0,0,0,in
1813109813758263766,1813345013171912883,Tue Jul 16 22:48:36 +0000 2024,zackzafran22,@detikcom Rezim Brengsek,0,0,0,0,0,in
1813109813758263766,1813344926949863575,Tue Jul 16 22:48:15 +0000 2024,orange_barbar,"@detikcom Kalau bapak yang 1 ini sudah bicara, benernya aja udah ngga bisa dipercaya!!!

Kebanyakan bohongnya jadi males denger atau percaya sama omongan beliau, orang nomor 1 di Indonesia yang berakhir masa jabatannya dengan kehinaan ya beliau.",1,0,0,0,0,in
1813109813758263766,1813344815754731739,Tue Jul 16 22:47:49 +0000 2024,kopralmacan,@detikcom Katanya 2 bulan lagi bisa seperti Jakarta,0,0,0,0,0,in
1813109813758263766,1813341344754188398,Tue Jul 16 22:34:01 +0000 2024,autofaedah,@detikcom 💩💩💩💩💩💩💩,0,0,0,0,0,qme
1813109813758263766,1813340692996817140,Tue Jul 16 22:31:26 +0000 2024,sangpemboenoeh,@detikcom https://t.co/pHsX5KKLgh,0,0,0,0,0,qme
1813109813758263766,1813337256243212547,Tue Jul 16 22:17:46 +0000 2024,AbuZapun,"@detikcom Diakui aja pak, kalo emang gagal..",0,0,0,0,0,in
1813109813758263766,1813336604507038000,Tue Jul 16 22:15:11 +0000 2024,bananabear09,@detikcom Yg ekspektasi nya ketinggian itu bpk sendiri. Sudah banyak yg mengingatkan padahal.,0,0,0,0,0,in
1813109813758263766,1813335224404861234,Tue Jul 16 22:09:42 +0000 2024,mypdpkl,@negativisme @detikcom Basi lo buzzer rezim!,3,0,0,0,0,tr
1813109813758263766,1813335012433096998,Tue Jul 16 22:08:51 +0000 2024,aricksand,@yesmar_banu @detikcom ingat esemka..uda mau lengser gk nongol juga tuh mobil siluman,1,0,0,0,0,in
1813109813758263766,1813334891532276119,Tue Jul 16 22:08:22 +0000 2024,elisemom1,"@detikcom Lah dr dulu juga ga dukung, lu aja yang ambisius. Fokus akhir pemerintahan harusnya pemberantasan korupsi dan judi online tuh⁰",0,0,0,0,0,in
1813109813758263766,1813334857730388462,Tue Jul 16 22:08:14 +0000 2024,bambang314,"@detikcom Sengaja diulur supaya bisa menyedot APBN terus? 

Padahal jika ditanyakan laporan audit nya juga bakal bilang ""bukan urusan saya""

Jangan bilang nanti kontraktornya menyusul wika yg hutang nya menggunung karena dipaksa investasi di kereta cepat, padahal usaha intinya konstruksi",3,2,0,0,0,in
1813109813758263766,1813333339002335602,Tue Jul 16 22:02:12 +0000 2024,KusumaErlyana,@detikcom Aslinya aku dua orang🙏🏻,0,0,0,0,0,in
1813109813758263766,1813332005473648696,Tue Jul 16 21:56:54 +0000 2024,819uta,@detikcom Ini orang dosa ngibulnya udah berapa banyak yaaaak.,0,0,0,0,0,in
1813109813758263766,1813326233041862718,Tue Jul 16 21:33:58 +0000 2024,afishare23,"@ahmadha01689624 @detikcom @ridwankamil Apakah maksud @ridwankamil mungkinkah yang  sama adalah banjirnya ?
#seriyusnanya nih",0,0,0,0,0,in
1813109813758263766,1813323375366009123,Tue Jul 16 21:22:37 +0000 2024,iprijatna,@detikcom Ini baik jadi bukti seperti apa negara ini mengelola pengambilan keputusan. Apa kabar dengan kebijakan/keputusan yang lain ? Jadi tumpukan yang membuka aib,3,1,0,0,0,in
1813109813758263766,1813323082775556193,Tue Jul 16 21:21:27 +0000 2024,puttbaek,@andikabina @detikcom Rumusnya memang begitu sih 🙏,1,0,0,0,0,in
1813109813758263766,1813317248981037073,Tue Jul 16 20:58:16 +0000 2024,24hkurniaji,@detikcom Gajelas ngalor ngidul terus 🤣,0,0,0,0,0,in
1813109813758263766,1813313037170020645,Tue Jul 16 20:41:32 +0000 2024,SantiSoewarto,@detikcom Trus uang kita yg udah dikeluarin apa kabar pak?,0,0,0,0,0,in
1813109813758263766,1813297627469119622,Tue Jul 16 19:40:18 +0000 2024,04JoFiKa,"@detikcom Wkwkwkwwkk...rakyat yg mana? Yg waras mah sdh dr dulu kagak percaya omonganmu yg bombastis. Yakinkanlah rakyat buzzermu yg sdh kemakan kebohonganmu, yg berkali2 dibawa berkunjung kesana pake fasilitas negara.",0,0,0,0,0,in
1813109813758263766,1813297163776180734,Tue Jul 16 19:38:27 +0000 2024,PratamaYupras,@detikcom Tenang aja Pak. Kami emang gk berharap kok soal IKN.,0,0,0,0,0,in
1813109813758263766,1813294617128996868,Tue Jul 16 19:28:20 +0000 2024,Rikky49370944,@detikcom Pembangunan infrastruktur hanya jadi proyek Bancakan,0,0,0,0,0,in
1813109813758263766,1813293728209256872,Tue Jul 16 19:24:48 +0000 2024,MDjancuk,@detikcom Bukannya situ pak yg ekspektasi nya ketinggian,0,0,0,0,0,in
1813109813758263766,1813293691249086892,Tue Jul 16 19:24:40 +0000 2024,wilicatur,@detikcom Trus knp terlalu di paksakan upacara di IKN,0,0,0,0,0,in
1813109813758263766,1813292468777193545,Tue Jul 16 19:19:48 +0000 2024,36Dpib12339,"@detikcom Kementerian Pendayagunaan Aparatur Negara dan Reformasi Birokrasi - Agustus 2024, Menko Marves Optimistis Pembangunan IKN Capai 80 Persen, sekarang baru 15% padahal sudah 17 juli satu bulan lagi HUT RI ke 79. Rabakal tercapai 80%",3,2,0,0,0,in
1813109813758263766,1813291355646689356,Tue Jul 16 19:15:23 +0000 2024,tariganjhon,"@detikcom Dulu gagah²an promo ikn mantap pisan uey...
Kini udah malu²in lihat wajah ikn
Dasar pembohong 58%",0,0,0,0,0,in
1813109813758263766,1813290998455517513,Tue Jul 16 19:13:58 +0000 2024,willdanz17,"@detikcom Yg penting nanti pas upacara 17an harus ada demo taxi terbang sama kereta tanpa rel. 
Biar kata saya nonton dari jakarta juga pokoknya harus ada..",0,0,0,0,0,in
1813109813758263766,1813288568376422860,Tue Jul 16 19:04:18 +0000 2024,fhrul_rozi,@negativisme @detikcom Berak kau,0,0,0,0,0,in
1813109813758263766,1813288378764521961,Tue Jul 16 19:03:33 +0000 2024,fhrul_rozi,"@detikcom Hahaha joko joko 
upacara di solo aja 🤣🤣",0,0,0,0,0,in
1813109813758263766,1813283751885209714,Tue Jul 16 18:45:10 +0000 2024,PtkDaeng,"@detikcom Kalau ingat pilpres kmaren gembar gembor IKN semuanya jadi tim sukses ga pj bupati/kota pj gubernur, menteri puja puji sanjungan di kipas terus...lah di ujung hampir maghrib pada cemen pesimis, investor nya APBN yaa amblas lah, duit itu juga utk makan juga utk beli scincare 😅😂",1,1,0,0,0,in
1813109813758263766,1813283541373100200,Tue Jul 16 18:44:20 +0000 2024,TaufiqH54572634,@detikcom Udah yakin ga bakal jd cm omdo... Siapa jg yg ber ekspetasi tinggi... Cm tikus got yg akan bilang bgtu x,0,0,0,0,0,in
1813109813758263766,1813279973274493297,Tue Jul 16 18:30:09 +0000 2024,kembaliberkicau,"@detikcom Yg buat kami ekspektasinya tinggikan kamu dan kroninya. Juli, IKN akan melebihi jakarta! Hih. Lupa kita tanyakan juga itu, jakarta bagian mana? Kampung apa? 😂",1,1,0,0,0,in
1813109813758263766,1813274138456563805,Tue Jul 16 18:06:58 +0000 2024,Survive6969,"@detikcom Trs buat apa di bangun kalau cuma buang"" uang dan merusak alam 🥴",0,0,0,0,0,in
1813109813758263766,1813271659052474699,Tue Jul 16 17:57:07 +0000 2024,Justice83856095,"@detikcom Gimana ga lebih pak, bpk yg mulai berlebihan memberi informasinya, ketika tdk sesuai publik yg diminta tdk berlebihan 🤦",0,0,0,0,0,in
1813109813758263766,1813270314182471934,Tue Jul 16 17:51:46 +0000 2024,Sena702005,"@detikcom INVESTOR SUDAH NGANTRI.
Ngantri mau hengkang!",0,0,0,0,0,in
1813109813758263766,1813270003627794621,Tue Jul 16 17:50:32 +0000 2024,ferizandra,@detikcom Apa kabar investasi Dubai...? 🤔 https://t.co/EHXS9CCKTT,155,23,23,0,0,in
1813109813758263766,1813269173038162191,Tue Jul 16 17:47:14 +0000 2024,st0ir__,@detikcom yo broo duit APBN habis cuma buat nurutin nafsu lu. wajar ga sih naruh ekspektasi tinggi. anjir anjir nih mah 😵‍💫😵‍💫😵‍💫,0,0,0,0,0,in
1813109813758263766,1813268719545848235,Tue Jul 16 17:45:26 +0000 2024,fauziahmd_enk,"@detikcom dari awal rakyat juga udah ga yakin bakal beres mau brp tahun lg jg, gila kali, semua tau ini diatas nya Hambalang",1,0,0,0,0,in
1813109813758263766,1813265448743674254,Tue Jul 16 17:32:26 +0000 2024,AndykYoi,@detikcom APBN ugal ugalan hasilnya 15% kebanyakan bancakan nya,0,0,0,0,0,in
1813109813758263766,1813264401279164507,Tue Jul 16 17:28:16 +0000 2024,Pensil_HB,"@detikcom Ya kan yang ngasih ekspetasi lebih kan bapak sendiri,",0,0,0,0,0,in
1813109813758263766,1813263372831629361,Tue Jul 16 17:24:11 +0000 2024,rh_dewa,@detikcom yg ninggi2in kan sekitaran elu pak .... termasuk dirimu .. yg katanya mau ngantor bulan juli ....,1,0,0,0,0,in
1813109813758263766,1813263316460183801,Tue Jul 16 17:23:58 +0000 2024,IwanGun96636740,@detikcom situ yg maksain situ yg ugal ugalan nafsu gede tenaga kurang 🤭😂,0,0,0,0,0,in
1813109813758263766,1813262893678534922,Tue Jul 16 17:22:17 +0000 2024,AlimyFikri,"@detikcom Yang narih ekspetasi itu siapa pak ? Bapak sendiri kan ? Katanya gak boleh grusa grusu, ini mah ngomong gak bisa dipercaya.",0,0,0,0,0,in
1813109813758263766,1813261670829203708,Tue Jul 16 17:17:25 +0000 2024,andreassomplak,@detikcom 15% pak? 1200 investor nya kemana pak?,0,0,0,0,0,in
1813109813758263766,1813259266557682154,Tue Jul 16 17:07:52 +0000 2024,Kutang2tang,@dimstrds @detikcom https://t.co/0aEpu4TyXw,0,0,0,0,0,qme
1813109813758263766,1813258999107911850,Tue Jul 16 17:06:48 +0000 2024,Kutang2tang,"@dimstrds @detikcom Ngga susah ko semua ada polanya
Cek post saya",0,0,1,0,0,in
1813109813758263766,1813258612401434933,Tue Jul 16 17:05:16 +0000 2024,Kutang2tang,"@detikcom Bisa jadi ya bisa juga gak jadi...
Presiden statementnya ngambang semua kek pup ngambang di kali..",0,0,0,0,0,in
1813109813758263766,1813255610160586917,Tue Jul 16 16:53:20 +0000 2024,LelaMelani10,"@detikcom Gak butuh IKN !!! 

Tapi, tolong hilangkan rangkap pajak di segala sektor. 

Pejabat ada rangkap jabatan
Rakyat malah rangkap pajak",0,0,0,0,0,in
1813109813758263766,1813254823250436407,Tue Jul 16 16:50:13 +0000 2024,darwis_mgrnot,"@detikcom laahh kata si zulhas  atau ahy ya,,gak lama lagi udah seperti jakarta bahkan  mahakarya",2,0,0,0,0,in
1813109813758263766,1813253476287234129,Tue Jul 16 16:44:52 +0000 2024,dessy_nash,@detikcom musibah besar dipimpin orang ini,0,0,0,0,0,in
1813109813758263766,1813252784483148242,Tue Jul 16 16:42:07 +0000 2024,andribogard,@detikcom ge er aja,0,0,0,0,0,et
1813109813758263766,1813252214133239987,Tue Jul 16 16:39:51 +0000 2024,michiavelly04,"@detikcom awokawok, baru 15% udah di paksakan di pake buat upacara.",0,0,0,0,0,in
1813109813758263766,1813252073296916511,Tue Jul 16 16:39:17 +0000 2024,dinsky09,"@detikcom Haha mukidi baru ngaku. Dulu ngomongnya oversubscribed, investor pada ngantre 😁😁😁",0,0,0,0,0,in
1813109813758263766,1813251606076661835,Tue Jul 16 16:37:26 +0000 2024,MelayuS8,@detikcom 15% itu penyerapan uang muka saja belum habis...,1,0,0,0,0,in
1813109813758263766,1813250060895068429,Tue Jul 16 16:31:17 +0000 2024,MesaAlfarizi,@detikcom Wakwawawww  perasaan dia yg ngomong sendiri mau 17an disana....apa tu Jokowi yg lain yah... https://t.co/kFuIOWnUDm,0,0,0,0,0,in
1813109813758263766,1813249081063711143,Tue Jul 16 16:27:24 +0000 2024,AlexaEvan,@detikcom Ya ini duid gw untuk bayar pajak pak elu pake buat bangun theme park lu. Jatahnya mau deket elu sendiri kaga yakin kocak,0,0,0,0,0,in
1813109813758263766,1813248923257217409,Tue Jul 16 16:26:46 +0000 2024,khalidz_akbar,@detikcom Emangnya siapa yg ngarepin IKN?? Cuma buang2 duit,0,0,0,0,0,in
1813109813758263766,1813248194467537017,Tue Jul 16 16:23:52 +0000 2024,Hant_Sparrow,"@detikcom Lah kata menteri lu per tanggal 5 april 2023 aja pembangunan IKN udh capai 25% masa 17 agustus nanti malah berkurang jadi 15%? lah?, lu ngibul lagi ya JOK? @jokowi https://t.co/bxWPFUGazq",0,0,1,0,0,in
1813109813758263766,1813248105451823145,Tue Jul 16 16:23:31 +0000 2024,arulsyamdiar,@detikcom Boker sekobon,0,0,0,0,0,in
1813109813758263766,1813247088018530770,Tue Jul 16 16:19:28 +0000 2024,DievaRyu87715,@detikcom Sbtulnya dr awal rakyat blum butuh ikn,0,0,0,0,0,in
1813109813758263766,1813246715245568137,Tue Jul 16 16:18:00 +0000 2024,Haji_Wisnu81,@detikcom Skip aja,0,0,0,0,0,in
1813109813758263766,1813246570743362011,Tue Jul 16 16:17:25 +0000 2024,LoyaLoy71780404,@detikcom yang MENCLA MENCLE ITU SIAPA...??,0,0,0,0,0,in
1813109813758263766,1813246314874085426,Tue Jul 16 16:16:24 +0000 2024,eryk0106,"@detikcom Gak jadi juga gak papa,ngebet amat",0,0,0,0,0,in
1813109813758263766,1813245893791084782,Tue Jul 16 16:14:44 +0000 2024,Defarizap,@detikcom katanya agustus pak gub @ridwanhr,0,0,0,0,0,in
1813109813758263766,1813245798110667245,Tue Jul 16 16:14:21 +0000 2024,Abdoeljegger202,@detikcom Loh katanya hampir selesai,1,0,0,0,0,in
1813109813758263766,1813245498431795568,Tue Jul 16 16:13:09 +0000 2024,yudi_kacoLL,@goesman02 @detikcom Ngibulnya pakai pengawet,0,0,0,0,0,in
1813109813758263766,1813245418836533263,Tue Jul 16 16:12:50 +0000 2024,AltercrossX,@dimstrds @detikcom Rumornya sih karena udah terlanjur kena China Debt Trap.,8,0,0,0,0,in
1813109813758263766,1813245369238888774,Tue Jul 16 16:12:39 +0000 2024,bakanosan1,@detikcom Duit habis demi ambisi satu orang... 😓,0,0,0,0,0,in
1813109813758263766,1813245195951219189,Tue Jul 16 16:11:57 +0000 2024,BudhiIlham72,@detikcom dikibulin mulu....,0,0,0,0,0,in
1813109813758263766,1813242889817976936,Tue Jul 16 16:02:48 +0000 2024,__Tonai,"@detikcom Dia yg ngebet ngebangun, dia yg pengen upacara di sana, masyarakat yg diminta tak menaruh ekspektasi lebih. Ya Tuhan.",0,0,0,0,0,in
1813109813758263766,1813241359081611728,Tue Jul 16 15:56:43 +0000 2024,samvahbat,@detikcom Ga ada yg berekspektasi ga usah kepedean lu,0,0,0,0,0,in
1813109813758263766,1813241346595197352,Tue Jul 16 15:56:40 +0000 2024,ninobae3,"@detikcom Kita mah gak pya ekspektasi apa apa pak, bapak aja yg kepedean.",0,0,0,0,0,in
1813109813758263766,1813241233390903461,Tue Jul 16 15:56:13 +0000 2024,ecilox,"@detikcom gw bingung cara baca progress pekerjaaan itu dari 100% sampai 0% ya...?? artinya bentar lagi selesai??

soalnya drop dari 40 tahun lalu ke 15.. jelasin dong gaes.. https://t.co/zao1kkHplj",0,0,0,0,0,in
1813109813758263766,1813240730732921231,Tue Jul 16 15:54:13 +0000 2024,de2n_ramdhan,"@detikcom Biaya triliun an baru 15%, perlu diusut ?",0,0,0,0,0,in
1813109813758263766,1813237551563739341,Tue Jul 16 15:41:35 +0000 2024,altprayoga,"@detikcom Makhluk gak berguna..!! Kalaupun bisa berguna, kalau di masukin kandang MACAN!! 😴",0,0,0,0,0,in
1813109813758263766,1813237211128820001,Tue Jul 16 15:40:14 +0000 2024,AkbarWasito,@lampu_patromaks @detikcom Gak cukup ya tinggal hutang lagi..gitu aja kok Repot.,0,0,0,0,0,in
1813109813758263766,1813236559820517415,Tue Jul 16 15:37:38 +0000 2024,Satritadi,"@detikcom Makanya jadi manusia itu jangan sombong berkacalah pada Bung Karno,Pak Harto,Pak SBY beliau2 itu orang hebat tp tidak serakah",1,0,0,0,0,in
1813109813758263766,1813236527771840698,Tue Jul 16 15:37:31 +0000 2024,pakdebude4,@detikcom DONGOK,0,0,0,0,0,in
1813109813758263766,1813236393373839569,Tue Jul 16 15:36:59 +0000 2024,gunawan_sent,"@detikcom Kira2 gracenatalie baca apa kagak nih berita ya, sampai bilang pak jarot suruh ke IKN, bosnya saja bilang baru 15%, anak buahnya bilang dah siap, susah memang kalau jiwa ABS ( Asal Bapak Senang )",2,0,0,0,0,in
1813109813758263766,1813236180479275219,Tue Jul 16 15:36:08 +0000 2024,ArgaSatriya1,@detikcom Lama-lama lezat juga tuh ya ludah sendiri 🤕💦💦💦 makin hari makin seger,1,0,0,0,0,in
1813109813758263766,1813236053035385319,Tue Jul 16 15:35:37 +0000 2024,DemangKuning,@detikcom Sy pesismis...anda aja yg sering gembar gembor berlebihan...lupa?,0,0,0,0,0,in
1813109813758263766,1813235793605107996,Tue Jul 16 15:34:36 +0000 2024,mustafarahmato1,@detikcom Katanya kmrn ada yg berani bilang udah beres... mbelgedes,1,0,0,0,0,in
1813109813758263766,1813234922116772113,Tue Jul 16 15:31:08 +0000 2024,Trisnoaku1,"@detikcom kl 15% sdh baik utk distop drpd 85% mubasir dan rakyat dicekik dg pajak2 kemudian diguyur 10% dg bansos utk kepentingan kelompok Rejim..
dah dilupakan sj, lbh baik pindah ke Majalengka atau Sentul...
IKN bnyk mudharatnya .",0,0,0,0,0,in
1813109813758263766,1813233928016396596,Tue Jul 16 15:27:11 +0000 2024,Thetruthlink01,"@detikcom Kita mah mikirin aja ngga pak, ga usah songong.",0,0,0,0,0,in
1813109813758263766,1813233374452195736,Tue Jul 16 15:24:59 +0000 2024,jendral_kardus,@detikcom Situ kali yg naruh ekpektasi lebih... Kami rakyat mah udah tau bakalan mangkrak,0,0,0,0,0,in
1813109813758263766,1813232676494844150,Tue Jul 16 15:22:12 +0000 2024,ApipMartini,@detikcom Paling pinter ngedabrus loe jok,0,0,0,0,0,in
1813109813758263766,1813232273518699013,Tue Jul 16 15:20:36 +0000 2024,OnlyOnesia,"@detikcom Yang nggdabrus sopo yang bikin tambah kusut sopo. Mumeet, myumeet dewe 😂",0,0,0,0,0,in
1813109813758263766,1813232168606572862,Tue Jul 16 15:20:11 +0000 2024,pristiana92,@detikcom Hahaaa @evaheni 🤣🤣🥳🥳,0,0,0,0,0,tl
1813109813758263766,1813231865207398600,Tue Jul 16 15:18:59 +0000 2024,GarudaBajaRing1,"@detikcom Manusia g punya malu anda ini.. sudah brp besar dana dikucurkan? berapa banyak korban gusuran? Berapa banyak lahan yg dirusak? Malah anda ingin jdi rakyat biasa di Solo. Anda sebegitu maruknya ingin punya legacy, tp g memikirkan hutang negara.",1,0,0,0,0,in
1813109813758263766,1813231662953865706,Tue Jul 16 15:18:11 +0000 2024,pamungkas82,@detikcom Yg berlebihan ngomong slama ini kan anda dkk.. 😂,0,0,0,0,0,in
1813109813758263766,1813231367377068308,Tue Jul 16 15:17:00 +0000 2024,kentomiyauraaa,@detikcom Mau berapa triliun lagu APBN mau dihabiskan? Mau ampe Indonesia bangkrut? Mm,2,0,0,0,0,in
1813109813758263766,1813231187550486857,Tue Jul 16 15:16:17 +0000 2024,NoograhaT,@detikcom Kenapa jadi melempem gini doi....?,0,0,0,0,0,in
1813109813758263766,1813231021405708671,Tue Jul 16 15:15:38 +0000 2024,coffee_latte00,@detikcom Elu yg ngasih ekspektasi joko. Ampun dah,0,0,0,0,0,in
1813109813758263766,1813230875544547729,Tue Jul 16 15:15:03 +0000 2024,ManofBravo,@detikcom Dih kan situ yg ngotot,0,0,0,0,0,in
1813109813758263766,1813229877094736071,Tue Jul 16 15:11:05 +0000 2024,omenforvalorant,@detikcom yg berekspektasi juga siapa kocak😭😭,0,0,0,0,0,in
1813109813758263766,1813229865732121074,Tue Jul 16 15:11:02 +0000 2024,cintasejatiyou,@detikcom Bukan ekspektasi lebih pak tetapi khawatir mangkrak saja ngeri berapa uang rakyat habis buat proyek yg terlalu dipaksakan,1,0,0,0,0,in
1813109813758263766,1813229508738359528,Tue Jul 16 15:09:37 +0000 2024,adaapa77744049,@detikcom Tukang angkat telornya omong selangit ternyata 85% itu hny gembar gembor 15% itu kenyataan bakal jd candi baru,1,0,0,0,0,in
1813109813758263766,1813228382290866396,Tue Jul 16 15:05:09 +0000 2024,hapuskanpinjol,@detikcom kok persenannya berubah2 ya,0,0,0,0,0,in
1813109813758263766,1813228376016187490,Tue Jul 16 15:05:07 +0000 2024,freethink32,@detikcom emangnya gue pikirin wi @jokowi itu projek mercu suar loe. ngak ngaruh dgn peningkatan kesejahteraan rakyat kebanyakan. malah pada antre untuk dapat Bansos dr loe. akibat kemiskinan dan kemelaratan akut yg dihadapinya slm hampir 10 thn kekuasaan loe.,0,0,0,0,0,in
1813109813758263766,1813228015318626380,Tue Jul 16 15:03:41 +0000 2024,ihartoyo,@detikcom Lha yg janjiin siapa?,0,0,0,0,0,in
1813109813758263766,1813227543232667832,Tue Jul 16 15:01:49 +0000 2024,ikhwanuddin,@detikcom 😂😂,0,0,0,0,0,qme
1813109813758263766,1813227457937613155,Tue Jul 16 15:01:28 +0000 2024,trinugroho162,@detikcom Pak @jokowi kok baru 15%,0,0,0,0,0,in
1813109813758263766,1813227268308894007,Tue Jul 16 15:00:43 +0000 2024,terduduki,@detikcom wajah IKN? ibukota wajah Indonesia kan?,0,0,0,0,0,in
1813109813758263766,1813227016633917663,Tue Jul 16 14:59:43 +0000 2024,papinonaa,@detikcom omdo,0,0,0,0,0,en
1813109813758263766,1813226307079315487,Tue Jul 16 14:56:54 +0000 2024,doArvani,@detikcom Lotnok,0,0,0,0,0,is
1813109813758263766,1813225778668314922,Tue Jul 16 14:54:48 +0000 2024,eddy_mangloet,@detikcom Laaah ???,0,0,0,0,0,und
1813109813758263766,1813225530373947865,Tue Jul 16 14:53:49 +0000 2024,HanamungTitah,@detikcom Bahahahahhaahhaahhahahahahhaahhahahahahhahahhahahhahahhahahahahhahahahahhahahahahhaha,0,0,0,0,0,it
1813109813758263766,1813225527827918878,Tue Jul 16 14:53:48 +0000 2024,zakesaekky,@goesman02 @detikcom Ingat rumus kebalikan 😁,1,0,0,0,0,in
1813109813758263766,1813225098775830876,Tue Jul 16 14:52:06 +0000 2024,farhm_,@detikcom lah?,0,0,1,0,0,und
1813109813758263766,1813224602581279213,Tue Jul 16 14:50:07 +0000 2024,elisedya1,"@detikcom Hahahaha, jadi udah bener dong, kalau kita2 yg ga penah percaya samsek apapun pernyataan yg dikeluarkan cocot kencono beliaw kan yak. Udah pasti hukum kebalikan. Yg masih percaya, itu antara mabok kecubung campur mushrom tletong sapi.",2,0,0,0,0,in
1813109813758263766,1813224560067813866,Tue Jul 16 14:49:57 +0000 2024,SuketRambak,"@detikcom Tidak perlu mengajari kami ttg ekspektasi ikn,pak. seharusnya bapak yg berkeyakinan sama dg kami,rakyat jelata,bahwa ikn tidak akan rampung 59% saat upacara bulan depan.",0,0,0,0,0,in
1813109813758263766,1813223578411970898,Tue Jul 16 14:46:03 +0000 2024,weenkzie,@detikcom BAU2 MANGKRAK... HAHAHAHA,0,0,0,0,0,in
1813109813758263766,1813223495926751729,Tue Jul 16 14:45:44 +0000 2024,sepakbola_bravo,@detikcom 10 juta Gen Z nganggur pak,0,0,0,0,0,in
1813109813758263766,1813223281232912507,Tue Jul 16 14:44:52 +0000 2024,gerycuy04,@detikcom Kayanya udah ga ada wajahnya 😁,0,0,0,0,0,in
1813109813758263766,1813221922483892656,Tue Jul 16 14:39:29 +0000 2024,the_omicron,"@detikcom anjir skrg ngakunya baru 15%, katanya kemaren2 udah mau kelar mulu ampe ada yg bilang 2 bulan lg udah kyk jakarta",1,0,0,0,0,in
1813109813758263766,1813221520636060126,Tue Jul 16 14:37:53 +0000 2024,japra97,@detikcom Lah yg maksa jadi semua pas 17an kan situ sendiri...,0,0,0,0,0,in
1813109813758263766,1813221059983995339,Tue Jul 16 14:36:03 +0000 2024,bebas_sugar,@detikcom Wkwkwk konyol dasar,0,0,0,0,0,in
1813109813758263766,1813220333782245630,Tue Jul 16 14:33:10 +0000 2024,CakyoPurno74042,@detikcom Kok gak sesuai dengan gedabrushnya saat awal pembangunan IKN 😂,1,0,0,0,0,in
1813109813758263766,1813219962477289676,Tue Jul 16 14:31:41 +0000 2024,wididaba,"@detikcom Ingat rumusnya, kebalikannya. Berarti sudah jadi 85% 🗿",0,0,0,0,0,in
1813109813758263766,1813219961986502891,Tue Jul 16 14:31:41 +0000 2024,Nanikkicrut,@detikcom Jare anakmu investor antri masuk IKN jok2,0,0,0,0,0,in
1813109813758263766,1813219860329164926,Tue Jul 16 14:31:17 +0000 2024,AgusRac99565746,@detikcom Situ yang ngebet.. situ yg putus asa juga...!!! Membagongkan.,0,0,0,0,0,in
1813109813758263766,1813219291736776927,Tue Jul 16 14:29:01 +0000 2024,VioletAndGreens,"@lk22111 @detikcom betul, sangat tricky banget kalo bangun sesuatu di tanah gambut begitu",0,0,0,0,0,in
1813109813758263766,1813219151093329971,Tue Jul 16 14:28:28 +0000 2024,atietsai,@Louis_chantika @detikcom taxi terbang pasti sdh ada,0,0,1,0,0,in
1813109813758263766,1813219121263485089,Tue Jul 16 14:28:21 +0000 2024,Kaetze20,"@detikcom Lah elu ssendiri dg bayangan dan angan2 dan kehaluan lu. Rakyat semua uda pada pinter dan yakin ikn ga bakal jadi secepat itu. Balik ke gorong2 aja pak, indonesia ga butuh anda",0,0,0,0,0,in
1813109813758263766,1813218862164550025,Tue Jul 16 14:27:19 +0000 2024,aguslah,@ahmadha01689624 @detikcom @ridwankamil Vangke 🤣,0,0,0,0,0,in
1813109813758263766,1813218797597434162,Tue Jul 16 14:27:03 +0000 2024,alfanfeather,@detikcom Yah padahal udah gabisa sabar lagi initeh pengen cepet2 liat ibu kota kebanggaan,0,0,0,0,0,in
1813109813758263766,1813218623814791571,Tue Jul 16 14:26:22 +0000 2024,aguslah,@Generasiosing @detikcom Investor investasi alamm ghoib,0,0,0,0,0,in
1813109813758263766,1813218417090130399,Tue Jul 16 14:25:33 +0000 2024,aguslah,@detikcom Yang naruh ekspektasi tinggi itu siapah? Ndak tau sayah 🤣🤣🤣,0,0,0,0,0,in
1813109813758263766,1813218283254128671,Tue Jul 16 14:25:01 +0000 2024,aguslah,@yesmar_banu @detikcom Hahahah,1,0,1,0,0,tl
1813109813758263766,1813218003858956338,Tue Jul 16 14:23:54 +0000 2024,ganjaransejati,@detikcom Termasuk kalau batal!,0,0,0,0,0,in
1813109813758263766,1813217037394800663,Tue Jul 16 14:20:04 +0000 2024,DenmasSojo,@detikcom Monggo https://t.co/RSDBFJ3WSJ,0,0,0,0,0,in
1813109813758263766,1813216596778995714,Tue Jul 16 14:18:19 +0000 2024,lembabterus,"@detikcom yaampun, presidennya siapa ini😭😭 gatau malu bgt si pak astaga",0,0,0,0,0,in
1813109813758263766,1813215614737260947,Tue Jul 16 14:14:25 +0000 2024,DGumanty97203,@detikcom Buset 15%????....kok bisa ?? Kerja apa maen2 ini waaaaakkk,0,0,0,0,0,in
1813109813758263766,1813215413284839517,Tue Jul 16 14:13:37 +0000 2024,ismailhendra85,@detikcom Lagian siapa juga yg ngebayangin selesai semua? Kalo mangkrak mungkin iya... Hehehehe...,0,0,0,0,0,in
1813109813758263766,1813215177229365544,Tue Jul 16 14:12:40 +0000 2024,RudiartoT78475,"@detikcom Nyerah juga ya pak..??? Kan bpk bilang jgn suka memaksakan kehendak, apalagi yg imposible...realistis saja, dan lg dananya jg seret kan.,walaupun obral HGU sampai 190 thn...",2,2,0,0,0,in
1813109813758263766,1813215024493830534,Tue Jul 16 14:12:04 +0000 2024,bento_31,@detikcom Apakah akan jadi Candi,0,0,1,0,0,in
1813109813758263766,1813214241371091176,Tue Jul 16 14:08:57 +0000 2024,Tomtam80721325,"@detikcom Rakyat sudah tau aslinya pak jokowi. Statemen itu hanya sbg excuse utk meminta sikap permisif dr rakyat akan kebobrokan pemerenta. ""Bangsa kita bangsa yg pemaaf, pengertian...bla bla bla..."" BS https://t.co/2859nCQeYH",1,0,0,0,0,in
1813109813758263766,1813213813766037873,Tue Jul 16 14:07:15 +0000 2024,anggggggggora,@detikcom Anggaran sia2,0,0,0,0,0,in
1813109813758263766,1813213473289216388,Tue Jul 16 14:05:54 +0000 2024,darisfpl,@detikcom Apa itu IKN? Kita Guru sibuk IKM pak!,0,0,0,0,0,in
1813109813758263766,1813213295001936130,Tue Jul 16 14:05:12 +0000 2024,Bimo_romo_88,@detikcom Muncung,0,0,0,0,0,in
1813109813758263766,1813213236680138773,Tue Jul 16 14:04:58 +0000 2024,jundy_id,"@detikcom Tim kampanye Anda yg glorifikasi berlebihan.
Masyarakat hanya mengkonsumsi berita overrated Anda.",0,0,0,0,0,in
1813109813758263766,1813213212067918188,Tue Jul 16 14:04:52 +0000 2024,Pehaes,"@detikcom Boro-boro ekspektasi, yg ada publik bodo amat.",2,0,0,0,0,in
1813109813758263766,1813212811256078798,Tue Jul 16 14:03:16 +0000 2024,pbuaran11A,@detikcom Faktanya rakyat biasa saja menanggapi IKN. Tidak terlalu excited. Justru Jokowi yg blingsatan soal IKN.,0,0,0,0,0,in
1813109813758263766,1813212490635092310,Tue Jul 16 14:02:00 +0000 2024,cretber,@detikcom Joke o wi,0,0,0,0,0,en
1813109813758263766,1813212418669224347,Tue Jul 16 14:01:43 +0000 2024,Be__rian,@detikcom Mencla mencle..,0,0,0,0,0,es
1813109813758263766,1813212342794264612,Tue Jul 16 14:01:25 +0000 2024,SaptoHape,@goesman02 @detikcom DPR'nya mabuk kecubung..,1,0,0,0,0,in
1813109813758263766,1813212318198866202,Tue Jul 16 14:01:19 +0000 2024,Sugiyon15783772,"@detikcom Aku malah pesimis brow
Awakmu wae yang terlalu ngotot dan AMBISIUS",1,0,0,0,0,in
1813109813758263766,1813212253367509431,Tue Jul 16 14:01:03 +0000 2024,nugieee_,@detikcom Bapak terlalu percaya diri. Kita mah dari awal sudah menolak. Wong ujung2nya bakalan Gagal.  Lhaaa gimana kedepannya gagal wong AMDAL nya aja baru jalan belakangan setelah proyeknya disetujui.,0,0,0,0,0,in
1813109813758263766,1813212144751812743,Tue Jul 16 14:00:37 +0000 2024,SaptoHape,@detikcom Kenapa dipaksakan upacara disana?? Brp anggaran yg terbuang disaat perekonomian lg lesu²nya..,0,0,0,0,0,in
1813109813758263766,1813210668662989126,Tue Jul 16 13:54:45 +0000 2024,cahlantana,@negativisme @detikcom bacot lu negativisme tai,0,0,0,0,0,in
1813109813758263766,1813210557350355415,Tue Jul 16 13:54:19 +0000 2024,ZeinIbra,@detikcom 😅😅😅😅😅😅😅😅😅😅😅😅😅😅😅😅😅,0,0,0,0,0,qme
1813109813758263766,1813210307642421517,Tue Jul 16 13:53:19 +0000 2024,rian1070104,"@detikcom Katanya mau uji coba taksi terbang..? 🤔

https://t.co/q8McxWFwtJ",0,0,0,0,0,in
1813109813758263766,1813209351034970178,Tue Jul 16 13:49:31 +0000 2024,BelumAd03249227,"@detikcom Siapa yang naruh ekspektasi ikn akan selesai, mbok ya mikir",0,0,0,0,0,in
1813109813758263766,1813209203806511487,Tue Jul 16 13:48:56 +0000 2024,zenstrive,"@detikcom Bikin UU kayak maling, rampok apbn kayak garong, gak jadi eh malah dia dikasih tanah 12000 m2. Negara goblok segoblok2nya",1,0,0,0,0,in
1813109813758263766,1813208753099186626,Tue Jul 16 13:47:09 +0000 2024,Lusbowln,@detikcom Artinya bakal ancur itu acara,0,0,0,0,0,in
1813109813758263766,1813208726649905637,Tue Jul 16 13:47:02 +0000 2024,mr_hardi4,"@negativisme @detikcom alah paling juga di vonis 2 tahun penjara, 1 tahun dipenjara terus berkelakuan baik terus bebas. enaknya jadi koruptor di wakanda",0,0,0,0,0,in
1813109813758263766,1813208589580050729,Tue Jul 16 13:46:30 +0000 2024,maharmega,@detikcom Hahaha.. Hahahaah... Trus ngapain lu ngotot upacara di IKN... Ni hobinya buang2 duit mulu... Duitnya negara bukan duit pribadi elu...mmg parah lu,0,0,0,0,0,in
1813109813758263766,1813208415977763206,Tue Jul 16 13:45:48 +0000 2024,17faris,@detikcom baik pak,0,0,0,0,0,in
1813109813758263766,1813208329881329883,Tue Jul 16 13:45:28 +0000 2024,agoestone,@detikcom Pak sudah pak. Stop ngebacot! Semakin sering bapak ngoceh semakin kelihatan nggedabrusnya. Puasa ngomong aja dipenghujung jabatan.,0,0,0,0,0,in
1813109813758263766,1813208111932711076,Tue Jul 16 13:44:36 +0000 2024,gegeclothing1,@detikcom kapan meninggal ya orang ini..,0,0,0,0,0,in
1813109813758263766,1813207724412518855,Tue Jul 16 13:43:03 +0000 2024,alwaysNangis2,"@lampu_patromaks @detikcom Dron coba baca baik2 pakai iq rendahmu. Ikn terdiri jadi beberapa kawasan. Kawasan pusatnya dibiayain apbn, sisanya investor. Paham ga dron? Atau iqmu terlalu lemah sehingga keluar pertanyaan bodoh seperti itu",0,0,1,0,0,in
1813109813758263766,1813207363471687813,Tue Jul 16 13:41:37 +0000 2024,arga_gloshy,@detikcom Stop saja pak,0,0,0,0,0,in
1813109813758263766,1813207167719415930,Tue Jul 16 13:40:51 +0000 2024,RiyantoCool,"@detikcom Alhamdulillah
Tetap semangat dan positif thinking",0,0,0,0,0,in
1813109813758263766,1813206440485744755,Tue Jul 16 13:37:57 +0000 2024,NaiyaSupport,"@detikcom Ngomong sendiri ,bantah sendiri",0,0,0,0,0,in
1813109813758263766,1813206315365507104,Tue Jul 16 13:37:27 +0000 2024,AidulFa,"@detikcom Yang punya ekspektasi lebih kayaknya Bapak sendiri. Mungkin banyak laporan ""asal bapak senang"", sehingga Bapak tidak bisa menilai secara objektif soal IKN. Sebaliknya banyak kalangan masyarakat yg sudah mengingatkan, tetapi dipandang sbg bentuk subversi",3,0,0,0,0,in
1813109813758263766,1813206302442856692,Tue Jul 16 13:37:24 +0000 2024,Frederi16721045,@detikcom Kok dipaksain 🤣,2,0,0,0,0,in
1813109813758263766,1813206051996770657,Tue Jul 16 13:36:25 +0000 2024,matimunapster,"@detikcom Mas jokoo mas joko, publik mah IKNnya aja gak berharap, gak ada gunanya",0,0,0,0,0,in
1813109813758263766,1813204432253034780,Tue Jul 16 13:29:59 +0000 2024,gb_sleepy,"@detikcom Kita dari awal udah skeptis kok pak, tenang aja, sampean yg ngomongnya kegedean",0,0,0,0,0,in
1813109813758263766,1813204140199149845,Tue Jul 16 13:28:49 +0000 2024,ballambinlove,"@lk22111 @detikcom Guwa WNI, andai guwa tajir dan pingin investasi, maka Australia, New Zealand, Vietnam, Thailand, itu urutan negaravyang jdi tujuanku, karena kepastian hukum dalam berinvestasi itu jelas",1,0,0,0,0,in
1813109813758263766,1813203990085267538,Tue Jul 16 13:28:13 +0000 2024,agus_sihite,@detikcom Situ yg meledak-ledak bernafsu upacara disana. Org2 sdh tau akan spt apa.,0,0,0,0,0,in
1813109813758263766,1813203889040318857,Tue Jul 16 13:27:49 +0000 2024,natasha_saja,"@detikcom Ekpektasi kami, bapak mempertanggungjawabkan semua kerusakan akibat ulah bapak",8,1,0,0,0,in
1813109813758263766,1813203764716970279,Tue Jul 16 13:27:19 +0000 2024,MukaDeso1,@detikcom 🤣🤣🤣🤣 @jokowi wi lu yg ekspektasi yg berlebihan...,0,0,0,0,0,in
1813109813758263766,1813203034606084302,Tue Jul 16 13:24:25 +0000 2024,sipolossan,@detikcom Si joko omon-omon doang,1,0,0,0,0,in
1813109813758263766,1813202886572274034,Tue Jul 16 13:23:50 +0000 2024,DutyGoal_ID,@andikabina @detikcom wkwkwkwkkw ngakak,0,0,0,0,0,in
1813109813758263766,1813202571542294845,Tue Jul 16 13:22:35 +0000 2024,DutyGoal_ID,@detikcom 15% gilakkkkk gilakkkk,0,0,0,0,0,eu
1813109813758263766,1813202412749959294,Tue Jul 16 13:21:57 +0000 2024,IdFatih,@ahmadha01689624 @detikcom @ridwankamil Mil kamil,0,0,0,0,0,in
1813109813758263766,1813202084168192477,Tue Jul 16 13:20:39 +0000 2024,su_h99,@detikcom Jokowi lagi ngomongin Jokowi,0,0,0,0,0,in
1813109813758263766,1813201869776560311,Tue Jul 16 13:19:48 +0000 2024,es_twr,"@detikcom 17% deh pak, biar pas gtu, 17.17. #nawar",0,0,0,0,0,in
1813109813758263766,1813201855239102724,Tue Jul 16 13:19:44 +0000 2024,lk22111,"@ArdiannArd @detikcom Wkt Roadshow ke Dubai Expo,investor sdh ketawa liat Softbank dan Tony Blair kabur..masih aja gk tau malu ajak pemilik Burj Khalifa kesana,mau bangun tower BUMN 700 m diatas tanah gambut...",0,0,0,0,0,in
1813109813758263766,1813201853578158100,Tue Jul 16 13:19:44 +0000 2024,indraprasojo,@detikcom lah bukan bapak dan temen-temen yg ngayalnya ketinggian?,0,0,0,0,0,in
1813109813758263766,1813201822913298935,Tue Jul 16 13:19:36 +0000 2024,SARMOKIKUK,"@detikcom Rakyat NKRI hanya punya 1 ekspektasi terhadap pembangunan IKN : GAGAL TOTAL ! Biar yth presiden Jokower STRES,DEPRESI &amp; FRUSTRASI lalu menyandang gelar : ODGJ !",0,0,0,0,0,in
1813109813758263766,1813201593413869628,Tue Jul 16 13:18:42 +0000 2024,blumehere,"@pamannyagibrann makasih udah reply 🙏🏻 sy udah telp cs + kasi bukti via email, tp tetep disuruh bayar 😔 untuk laporan ke polisinya belum. klo bersedia, boleh open dm nya ga kak? maaf ngerepotin 🙏🏻",0,0,0,0,0,in
1813109813758263766,1813201071986385082,Tue Jul 16 13:16:37 +0000 2024,lk22111,"@ballambinlove @detikcom Roadshow di Dubai Expo gk satupun investor yg tertarik,sampe pemilik Burj Khalifa diajak ke IKN,pdhl dia sdh liat di Dubai Expo dan gk tertarik,kesan nya jd ngemis deh",2,1,1,0,0,in
1813109813758263766,1813200543348847065,Tue Jul 16 13:14:31 +0000 2024,lk22111,"@VioletAndGreens @detikcom Tanah nya gk dimatangkan dulu lsg bangun,nanti retak semua bangunan akibat penurunan tanah",0,0,1,0,0,in
1813109813758263766,1813200384376381677,Tue Jul 16 13:13:53 +0000 2024,B3doel___,"@detikcom Yang d bangga""kan ternyata cuma...
https://t.co/Azp6tyU3dA",12,1,1,0,0,in
1813109813758263766,1813200327287665034,Tue Jul 16 13:13:40 +0000 2024,siboniboni06,@detikcom Baru 15% dan beliau sbntr lg selesai menjabat 😁,0,0,0,0,0,in
1813109813758263766,1813200093283250473,Tue Jul 16 13:12:44 +0000 2024,pamannyagibrann,"@sonjit2bb Hubungi call centernya/ Divisi Payment. Sampaikan keluhan. Email kronologi dan Lampirkan bukti bahwa tdk pernah ada transaksi tetapi mendapat tagihan (Screeshot riwayat transaksi di App). Kalo masih disuruh bayar, buat laporan ke polisi, minimal dapat surat pelaporan.",0,0,1,0,0,in
1813109813758263766,1813200037230633445,Tue Jul 16 13:12:31 +0000 2024,lk22111,@Tony_Harto @detikcom Akibat Post Power Syndrome,0,0,0,0,0,fr
1813109813758263766,1813199965084348514,Tue Jul 16 13:12:13 +0000 2024,kinnarleo,@detikcom Makanya gausah maksa,0,0,0,0,0,in
1813109813758263766,1813199916724023731,Tue Jul 16 13:12:02 +0000 2024,lk22111,"@lampu_patromaks @detikcom Tunggu setoran Tapera dulu,kan semua org wajib ikut meski sdh punya rumah,lbh sadis dari penjajah",1,0,0,0,0,in
1813109813758263766,1813199816530534672,Tue Jul 16 13:11:38 +0000 2024,YairYahu,"@alwaysNangis2 @goesman02 @detikcom Konent loe masuk k spam 🤣😅😂🤣😅😂🤣😅😂
Buzzer rusuh...",0,0,0,0,0,in
1813109813758263766,1813199767511748700,Tue Jul 16 13:11:26 +0000 2024,SipayungErwin,@detikcom P E N G K H I A N A T,0,0,0,0,0,in
1813109813758263766,1813199512909062453,Tue Jul 16 13:10:26 +0000 2024,lk22111,"@goesman02 @detikcom 86% itu pas dlm mimpi,bangun tidur ternyata 15%",0,0,0,0,0,in
1813109813758263766,1813199254527307899,Tue Jul 16 13:09:24 +0000 2024,lk22111,"@Generasiosing @detikcom Pas wkt mimpi dpt 200 investor,pas bangun investornya hilang..",3,0,0,0,0,in
1813109813758263766,1813199047500702002,Tue Jul 16 13:08:35 +0000 2024,originvans,@detikcom dari ucapannya saja sudah tidak percaya lagi,1,0,0,0,0,in
1813109813758263766,1813199014227243324,Tue Jul 16 13:08:27 +0000 2024,wurianleila,@wutsittoya @detikcom Wkwk,0,0,0,0,0,in
1813109813758263766,1813198615814545506,Tue Jul 16 13:06:52 +0000 2024,SotoAyam1970,@detikcom mana @ridwankamil ? 🤣🤣🤣🤣,0,0,0,0,0,es
1813109813758263766,1813197969069646096,Tue Jul 16 13:04:18 +0000 2024,itstimehan,@detikcom dulu ngomongnya bakal beres tahun sekian eh faktanya🤮,0,0,0,0,0,in
1813109813758263766,1813197840715509868,Tue Jul 16 13:03:47 +0000 2024,Annas7713,@detikcom Presiden koplak kau @jokowi 🤮🤮,0,0,0,0,0,in
1813109813758263766,1813196880513495403,Tue Jul 16 12:59:58 +0000 2024,si_bibi,@detikcom Lha yg ekspetasinya ketinggian tuh dia dan kroninya 🤪 Kita sih dari dulu udah taukkk 😂,0,0,0,0,0,in
1813109813758263766,1813196824444039347,Tue Jul 16 12:59:45 +0000 2024,VioletAndGreens,@lampu_patromaks @detikcom ngutang lagi lah bg. makanya ni government ngebet banget mau naikin pajak 🤣,0,0,0,0,0,in
1813109813758263766,1813196684115275921,Tue Jul 16 12:59:11 +0000 2024,barumulailho,"@detikcom Boroning ekspektasi, pas diumumkan aja emang udah sangat pesimis pak.
Malah bapak yg mencoba pengen meyakinkan kami, da kami mah ampe skrg juga ga ada gg dukung kesitu.",3,1,0,0,0,in
1813109813758263766,1813196362781237531,Tue Jul 16 12:57:55 +0000 2024,yunan10,@syaranza_ @detikcom Bandung bondongemil😆,1,0,0,0,0,in
1813109813758263766,1813196330539622709,Tue Jul 16 12:57:47 +0000 2024,VioletAndGreens,"@detikcom dikira gampang bikin kota baru, apalagi di tanah gambut gitu... mamam tuh proyek mercusuar gaguna",7,0,1,0,0,in
1813109813758263766,1813196302857216196,Tue Jul 16 12:57:40 +0000 2024,harisubangkit,"@detikcom Lah dari awal juga saya mah dah skeptis, Pak.",1,0,0,0,0,in
1813109813758263766,1813195959922532629,Tue Jul 16 12:56:19 +0000 2024,masjinggar,@detikcom Owok2... Hahahaha.. Pak @ridwankamil .,1,0,0,0,0,in
1813109813758263766,1813195946249101352,Tue Jul 16 12:56:15 +0000 2024,djoniecash2,@detikcom Jokowi layak ditangkap dan dipenjara.,0,0,0,0,0,in
1813109813758263766,1813195387211292843,Tue Jul 16 12:54:02 +0000 2024,ginamustika,@detikcom Tidak pernah menaruh ekspektasi apapun pada semua hasil kerja anda karena semua gagal,2,0,0,0,0,in
1813109813758263766,1813194711408271734,Tue Jul 16 12:51:21 +0000 2024,EkoShoo,@detikcom Akhirnya sadar juga,0,0,0,0,0,in
1813109813758263766,1813194515261595708,Tue Jul 16 12:50:34 +0000 2024,JuiceQU_Ummi,@detikcom Pret,0,0,0,0,0,en
1813109813758263766,1813194426497572942,Tue Jul 16 12:50:13 +0000 2024,rudhy4kurniawan,"@detikcom Anda sbgai presiden tdk mendengar pertimbngan suara rakyat... jalan2 aja trus, kek org maju negara nya.. budek",0,0,0,0,0,in
1813109813758263766,1813193883754590501,Tue Jul 16 12:48:04 +0000 2024,oldnicktr,@detikcom https://t.co/JqPRr8xXUi,0,0,0,0,0,qme
1813109813758263766,1813193740351381978,Tue Jul 16 12:47:29 +0000 2024,LindaArito73518,"@detikcom Aku cuma kesal hutan kalian gunduli demi rasa sok paten padahal bengek.
Ga ada yg peduli dengan IKN,urus aja sendiri.",0,0,0,0,0,in
1813109813758263766,1813193724937314457,Tue Jul 16 12:47:26 +0000 2024,BUZZERPSSIASU,@detikcom Gw sih ga peduli ada ikn atau engga...bangsatt,0,0,0,0,0,in
1813109813758263766,1813193430069309712,Tue Jul 16 12:46:15 +0000 2024,vnprst,@detikcom wkwkwkwkw,0,0,0,0,0,in
1813109813758263766,1813193163810697324,Tue Jul 16 12:45:12 +0000 2024,papanyaarin,@detikcom yg selalu hiperbola kan ente wirrrrr!!! kocak nih bapaknya si kaesang! 🤣,0,0,0,0,0,in
1813109813758263766,1813192945836958158,Tue Jul 16 12:44:20 +0000 2024,Lutfi_Jak28,@detikcom Wakakaka gblk,1,0,0,0,0,in
1813109813758263766,1813192800399442043,Tue Jul 16 12:43:45 +0000 2024,ellsydhi,@andikabina @detikcom Inget rumus,0,0,0,0,0,en
1813109813758263766,1813192626012889308,Tue Jul 16 12:43:04 +0000 2024,Sean1724501685,"@detikcom Setelah lengser rakyat tinggal menuntut secara hukum, Krn disitu byk ditemukan pelanggaran baik scr ekonomi dan kedaulatan negara",12,2,0,0,0,in
1813109813758263766,1813192440956002473,Tue Jul 16 12:42:20 +0000 2024,BPahleza,"@detikcom Yg naruh ekspektasi Berlebih itu bapak dan buzzernya deh. Kita kalau bisa mohon, gk usah dilanjut. Asli ekonomi lagi susah, jgn gara2 IKN makin gk terbeli kebutuhan sehari2. 
Gk semua orang punya kesempatan kayak bapak, bisa buat dinasti",0,0,0,0,0,in
1813109813758263766,1813192350082211965,Tue Jul 16 12:41:58 +0000 2024,AdeYonkyS,@detikcom Emangnya siapa yang optimis?,1,0,0,0,0,in
1813109813758263766,1813192204833464818,Tue Jul 16 12:41:23 +0000 2024,Alhamdulillahm7,@detikcom Dahlah jadikan suaka marga satwa aja dari pada terperosok  lebih dalem,0,0,0,0,0,in
1813109813758263766,1813191520553742645,Tue Jul 16 12:38:40 +0000 2024,TxtdariTxThehe,@detikcom kalau dulu pak joko masih di PDIP dukung ganjir mungkin dana buat ikn bakal lancar di lalah dia mau lawan bu mega yah ga akan kuat,0,0,0,0,0,in
1813109813758263766,1813191303045521666,Tue Jul 16 12:37:48 +0000 2024,highwaytoXLAND,@detikcom Tidak usah diminta jg kita sdh paham pak..kl kereta cepat tidak ditambal APBN pst jd monumen jg. Sayangnya biaya IKN terlalu besar untuk ditambal APBN...jd besok diajak berkemah lg smua pak para pejabat negara dan para duta besar negara sahabat..tagline 17an : Kembali Ke Alam,0,0,0,0,0,in
1813109813758263766,1813191285559423423,Tue Jul 16 12:37:44 +0000 2024,Dedetheakeren,@detikcom Nggak kebalik tuh ?,0,0,0,0,0,in
1813109813758263766,1813190295003275569,Tue Jul 16 12:33:48 +0000 2024,ucieamoi,"@detikcom Katanya, menyoal pindah kerja di ikn, jgn dipaksakan. 
Lha hut RI di tempat yg jauh dari layak kok dipaksakan pak @jokowi ??",3,0,1,0,0,in
1813109813758263766,1813189973841178652,Tue Jul 16 12:32:31 +0000 2024,NdesohhBocah,@detikcom 🤣🤣🤣🤣🤣🤣🤣,0,0,0,0,0,qme
1813109813758263766,1813189755393266122,Tue Jul 16 12:31:39 +0000 2024,Kode_Bagus,"@detikcom Yg bikin ekspetasi berlebih itu pemuja2 @jokowi 🤣🤣🤣😷
Yg waras sih ngga gitu2 amir....",1,0,0,0,0,in
1813109813758263766,1813188928461283454,Tue Jul 16 12:28:22 +0000 2024,violettapadma,"@yesmar_banu @detikcom Ternyata dunia ""simsalabim adacadabra"" itu bulshit ya, padahal beberapa tahun lalu beliau sendiri yang begitu optimis seolah-olah semua itu semudah membalikkan telapak tangan.",2,0,2,0,0,in
1813109813758263766,1813188492320776647,Tue Jul 16 12:26:38 +0000 2024,lampu_patromaks,@alwaysNangis2 @detikcom Investor mana? Emang ada? Spill nama investor yg masuk ke IKN. 😁,1,0,1,0,0,in
1813109813758263766,1813188398024433967,Tue Jul 16 12:26:16 +0000 2024,Slamet118066940,@detikcom Makin ke sini makin bingung boss,0,0,0,0,0,in
1813109813758263766,1813188182407848017,Tue Jul 16 12:25:24 +0000 2024,yaditriya,"@detikcom Kmrn ada yg bilang sbntr lg mirip Jakarta, mirip washington dc.. ada taxi terbang, kereta tanpa rel. Wkkwkwkwk",2,0,0,0,0,in
1813109813758263766,1813187541870518315,Tue Jul 16 12:22:52 +0000 2024,bunda_1170,@detikcom 85% lagi maksudnya 🫣,1,0,0,0,0,in
1813109813758263766,1813187366456291678,Tue Jul 16 12:22:10 +0000 2024,ErikS_2601,@goesman02 @detikcom DPRnya juga bangke,0,0,0,0,0,in
1813109813758263766,1813187223036260763,Tue Jul 16 12:21:36 +0000 2024,JumintenMumet,@detikcom Kemakan omongannya sendiri.,2,0,0,0,0,in
1813109813758263766,1813186968022339754,Tue Jul 16 12:20:35 +0000 2024,bunda_1170,@detikcom Boleh tertawa kah?,0,0,0,0,0,in
1813109813758263766,1813186527574565075,Tue Jul 16 12:18:50 +0000 2024,HardiRyan29,@detikcom Utk publik pendukung anda aj ya..kalo gw si bomat😁,2,0,0,0,0,in
1813109813758263766,1813186515713073255,Tue Jul 16 12:18:47 +0000 2024,bukanrefalhadi,@detikcom Tukang boong,0,0,0,0,0,in
1813109813758263766,1813186261089403138,Tue Jul 16 12:17:46 +0000 2024,Rakyatpantura,"@detikcom Menurutku SBG masyarakat jangan dipaksakan kalo susah .
Mending IKN buat pensiunan anda daripada yang disolo",0,0,0,0,0,in
1813109813758263766,1813185718367494197,Tue Jul 16 12:15:37 +0000 2024,AlexiusPambudi,@detikcom Wis apal ro cuangkeme,0,0,0,0,0,in
1813109813758263766,1813185598213251440,Tue Jul 16 12:15:08 +0000 2024,Khairunjkt,@detikcom Wkwkwkwk,0,0,0,0,0,in
1813109813758263766,1813184903225483416,Tue Jul 16 12:12:22 +0000 2024,Valcons26,@detikcom Hahahahahahahahaha.....,0,0,0,0,0,tl
1813109813758263766,1813184838561898940,Tue Jul 16 12:12:07 +0000 2024,yudhiarix,@detikcom Penipuan 😂😂😂😂,0,0,0,0,0,in
1813109813758263766,1813184554808611285,Tue Jul 16 12:10:59 +0000 2024,knot33367,"@detikcom ekspektasi lebih..?
negara digempur banyak masalah tp ini orang perasaan cuma bahas ikn mulu",0,0,0,0,0,in
1813109813758263766,1813184449473094039,Tue Jul 16 12:10:34 +0000 2024,Herri32407314,"@detikcom Diam jauh lebih baik pak,sebanyak itu jubir yg bisa di perintah untuk bicara,biar gak di olok2 rakyat",1,0,0,0,0,in
1813109813758263766,1813184422633697398,Tue Jul 16 12:10:28 +0000 2024,izal11,@detikcom Lah kan ente yg ngobrol beh,0,0,0,0,0,in
1813109813758263766,1813184241691423153,Tue Jul 16 12:09:45 +0000 2024,IMANTAU01442025,@detikcom Ekspektasi publik yang paling berlebihan adalah agar eksekutif berhenti berbohong.,2,0,0,0,0,in
1813109813758263766,1813184141367595294,Tue Jul 16 12:09:21 +0000 2024,DonFlamingo_,@detikcom Lambe turah 🚬😎,0,0,0,0,0,en
1813109813758263766,1813183999499530419,Tue Jul 16 12:08:47 +0000 2024,shiinndeee,@detikcom Hihihi,0,0,0,0,0,tl
1813109813758263766,1813183882860318776,Tue Jul 16 12:08:19 +0000 2024,ArdiannArd,@detikcom Padahal yang berekspektasi tinggi pemerintah sendiri. Sampai bilang mau bikin mobil terbang dan tiang listrik yang bisa ditanyain arah. 😮‍💨🤷🏼‍♂️,0,0,1,0,0,in
1813109813758263766,1813183715788349652,Tue Jul 16 12:07:39 +0000 2024,PamanLee89,@detikcom Anjir 15%🤣🤣🤣,0,0,0,0,0,in
1813109813758263766,1813182971408707648,Tue Jul 16 12:04:42 +0000 2024,Hubner0810,@syaranza_ @detikcom @ridwankamil,1,0,0,0,0,qam
1813109813758263766,1813182828269695431,Tue Jul 16 12:04:08 +0000 2024,Hubner0810,@detikcom Prett... udah biasa boss,0,0,0,0,0,in
1813109813758263766,1813182723495981244,Tue Jul 16 12:03:43 +0000 2024,Ibas,@detikcom Ya mbok ngga usah dipaksain pak untuk upacara 17an bila progres baru 15%.,0,0,0,0,0,in
1813109813758263766,1813182497615990951,Tue Jul 16 12:02:49 +0000 2024,Mandala03309173,"@detikcom Saya hanya berharap ada pengadilan buat pak de Jokowi sebagai presiden untuk mempertanggung jawabkan semua kinerja dan keputusannya selama dia menjabat, berapa kerugian negara atas keputusannya, dn ganti rugj dengan hilangkan kompensasinya sebagai ganti rugi",3,1,0,0,0,in
1813109813758263766,1813182161132134445,Tue Jul 16 12:01:29 +0000 2024,shanialaras7,"@detikcom Situ sendiri yg tadinya membesar besarkan, kok sekarang jadi begini",1,0,0,0,0,in
1813109813758263766,1813182054148022450,Tue Jul 16 12:01:03 +0000 2024,Amarramadanil,@detikcom Pemerintah oh pemerintah saya lebih percaya sama Ferrari melawak terus di F1 daripada kepada anda heii,1,0,0,0,0,in
1813109813758263766,1813182012074717615,Tue Jul 16 12:00:53 +0000 2024,ballambinlove,"@Jangkrikgengg15 @detikcom Kalau eksekutif melanggar UU, Mak @DPR_RI punya kewenangan luas buat menyelesaikannya, dan DPR pun berhak meminta dod gabung agar jadi MPR, sayang mereka diam seribu bahasa, yg bicara anggota , coba DPR bicara secara lembaga tinggi negara baru benar",1,0,0,0,0,in
1813109813758263766,1813182002067349783,Tue Jul 16 12:00:51 +0000 2024,micinsedapgurih,@yesmar_banu @detikcom Kereta dari sabah sarawak,0,0,0,0,0,in
1813109813758263766,1813181782763970641,Tue Jul 16 11:59:58 +0000 2024,SantaPradana,@detikcom Katanya sudah 90%?,0,0,0,0,0,in
1813109813758263766,1813181667709993383,Tue Jul 16 11:59:31 +0000 2024,TxtDariKuAja,@detikcom Wkwkwk cari aman,0,0,0,0,0,in
1813109813758263766,1813181657354281086,Tue Jul 16 11:59:29 +0000 2024,kipyiksamgong,@detikcom 🤣😁🤣,0,0,0,0,0,qme
1813109813758263766,1813181471575974217,Tue Jul 16 11:58:44 +0000 2024,ToyoDess,@detikcom Nggedebus,0,0,0,0,0,in
1813109813758263766,1813181245850800379,Tue Jul 16 11:57:50 +0000 2024,BinSudjana,@detikcom dari semenjak bapak dilantik jd presiden ekspektasi saya sudah rendah,1,0,0,0,0,in
1813109813758263766,1813180562116649147,Tue Jul 16 11:55:07 +0000 2024,Generasiosing,@detikcom Katanya udah ada 200an investor yang minat tapi kenapa masih bingung memerlukan investasi lagi?,101,9,5,0,0,in
1813109813758263766,1813180509465551217,Tue Jul 16 11:54:55 +0000 2024,alwaysNangis2,@ngabdirojo @detikcom 85% infrastruktur batch 1 dron. Jgn lah pamerkan kebodohanmu,0,0,0,0,0,in
1813109813758263766,1813180224076718403,Tue Jul 16 11:53:47 +0000 2024,alwaysNangis2,@lampu_patromaks @detikcom Kadron. Ikn ini terdiri dari beberapa kawasan. Jd ada kawasan pusat pemerintahan biaya apbn. Sisanya dari investor. Paham ga sih dron? Atau kalian anti literasi?,0,0,1,0,0,in
1813109813758263766,1813180008539779468,Tue Jul 16 11:52:55 +0000 2024,JNdlesep11859,@detikcom congor pki,0,0,0,0,0,es
1813109813758263766,1813179810426069201,Tue Jul 16 11:52:08 +0000 2024,alwaysNangis2,@andikabina @detikcom 85% infrastruktur batch 1 dron. Jgn lah pamerkan kebodohanmu,0,0,0,0,0,in
1813109813758263766,1813179677009432669,Tue Jul 16 11:51:36 +0000 2024,alwaysNangis2,@goesman02 @detikcom 86% infrastruktur batch 1 dron. Jgn lah pamerkan kebodohanmu,0,0,1,0,0,in
1813109813758263766,1813179676455760341,Tue Jul 16 11:51:36 +0000 2024,Venus19702,"@detikcom Maksain amat upacara HUT RI 17 Agustus di IKN yg blm utuh.
Pemborosan anggaran 😑",2,0,0,0,0,in
1813109813758263766,1813179229246484549,Tue Jul 16 11:49:50 +0000 2024,bayamwijen,@detikcom Wkwkkwk,0,0,0,0,0,in
1813109813758263766,1813179195704357059,Tue Jul 16 11:49:42 +0000 2024,alwaysNangis2,@goesman02 @detikcom Baca beritanya dron. Kebiasaan baca judul aja para kadron iq rendah ini,0,0,0,0,0,in
1813109813758263766,1813179133763199307,Tue Jul 16 11:49:27 +0000 2024,YusufRafif,"@detikcom bapak sndiri yg ngebet pak. Lagian kota mana yg ""jadi"" hanya dalam waktu 1 - 2 thn. apalagi itu dari 0. itu",1,0,0,0,0,in
1813109813758263766,1813178948815319088,Tue Jul 16 11:48:43 +0000 2024,Abu_Mufid_H,"@detikcom Uang rakyat udh keluar triliyunan, lu bilang baru progres 15%.",0,0,0,0,0,in
1813109813758263766,1813178827004387743,Tue Jul 16 11:48:14 +0000 2024,minus11per100,@detikcom Udah fase acceptance kayanya,0,0,0,0,0,in
1813109813758263766,1813178725900689467,Tue Jul 16 11:47:50 +0000 2024,Abu_Mufid_H,@detikcom 🤣🤣🤣🤣,0,0,0,0,0,qme
1813109813758263766,1813178508086046845,Tue Jul 16 11:46:58 +0000 2024,Bambang77197468,"@detikcom ✖🥸
Perayaan 17 Agustus itu sesuatu banget bagi masy 🇮🇩. Lebih baik tetap dipusatkan di Jkt. Masy bs melihat live apa n bgmn jalannya upacara. Selain menghemat biaya Jkt&gt; IKN&gt;Jkt",0,0,0,0,0,in
1813109813758263766,1813178350904746132,Tue Jul 16 11:46:20 +0000 2024,mponugi,@detikcom Ga butuh rakyat mu pak ... cuma mau hidup sejahtera dan makmur ga pake gimick so modern canggih lagii emang kami make itu kagaakk kami biasa yg biasa ajaaa,0,0,0,0,0,in
1813109813758263766,1813178251734622675,Tue Jul 16 11:45:57 +0000 2024,susutradaraan,@detikcom PRESIDEN TERBAIK,0,0,0,0,0,in
1813109813758263766,1813177958783221948,Tue Jul 16 11:44:47 +0000 2024,yulrizapermana,@detikcom Kok jadi nggak yakin gitu pak @jokowi? Harus semangat dan optimis dong.,0,0,0,0,0,in
1813109813758263766,1813177809302659439,Tue Jul 16 11:44:11 +0000 2024,mponugi,@detikcom Wkwkwkwk,0,0,0,0,0,in
1813109813758263766,1813177186225955034,Tue Jul 16 11:41:43 +0000 2024,26Widi,@yesmar_banu @detikcom Di medan gitu bang Ada kereta tanpa rel,3,0,1,0,0,in
1813109813758263766,1813176635375689914,Tue Jul 16 11:39:31 +0000 2024,AbysPang,"@detikcom Emang ada msyarakat yg menaruh ekspektasi tinggi terhadap IKN? 
*leos",0,0,0,0,0,in
1813109813758263766,1813176318051426466,Tue Jul 16 11:38:16 +0000 2024,sesar_arief,@detikcom Brati masih 5 persen ya wi .. bacot teros,0,0,0,0,0,in
1813109813758263766,1813176250359554207,Tue Jul 16 11:37:59 +0000 2024,robinsonhutapea,"@detikcom APBN sudah terkuras, masa jabatan bapak sudah tinggal hitung hari.. terus ke siapa kita tagih tanggung jawabnya nanti.",0,0,0,0,0,in
1813109813758263766,1813176089403138566,Tue Jul 16 11:37:21 +0000 2024,YaluRauf,@Ombahku @detikcom @ridwankamil  demi jabatan rela jadi penjilat,3,0,0,0,0,in
1813109813758263766,1813175493212139617,Tue Jul 16 11:34:59 +0000 2024,endafehn,@detikcom Mangkrak nihh boss 😅,0,0,0,0,0,in
1813109813758263766,1813175426434671043,Tue Jul 16 11:34:43 +0000 2024,angen79,@detikcom La kemaren bapak sendiri yg bilang ikn dah siap buat 17an,1,0,0,0,0,in
1813109813758263766,1813175155784622321,Tue Jul 16 11:33:38 +0000 2024,YusiR,@ahmadha01689624 @detikcom @ridwankamil Wkwkwkwk,0,0,0,0,0,in
1813109813758263766,1813173530982555947,Tue Jul 16 11:27:11 +0000 2024,apaytalemponk,"@detikcom Publik sih udah pesimis dr awal, lu yg kepedean. Sekarang publik nagih2 bukan gara2 pesimis, tp karena sinis. 

Scr psikologi, publik seneng liat orang belagu nyunsruk",0,0,0,0,0,in
1813109813758263766,1813173225666621789,Tue Jul 16 11:25:58 +0000 2024,fenyadei,@eunoiabulan @detikcom ak sudah muak 10 taun inih,1,0,0,0,0,in
1813109813758263766,1813173084817616949,Tue Jul 16 11:25:25 +0000 2024,22alahlokra,"@detikcom kok ga kaget, terkejud atau miris hehehe",2,0,0,0,0,in
1813109813758263766,1813173066912178672,Tue Jul 16 11:25:20 +0000 2024,blumehere,"@pamannyagibrann halo kak, sori oot. tadi aku nemu twit lamanya soal pyltr trvlk yg dibobol. kebetulan aku barusan jg kena, boleh ga ya sharing2 dan nanya2 gmn menanganinya? makasii 😔 https://t.co/CXu1w543o4",0,0,1,0,0,in
1813109813758263766,1813172743246082441,Tue Jul 16 11:24:03 +0000 2024,onyaadatiga,@yesmar_banu @detikcom Kereta tanpa kereta 🙏🙏,0,0,1,0,0,in
1813109813758263766,1813171974434398469,Tue Jul 16 11:21:00 +0000 2024,a_riot,@Ombahku @detikcom Penjilat semua yg ngomong,7,0,0,0,0,in
1813109813758263766,1813170987808215080,Tue Jul 16 11:17:05 +0000 2024,Jangkrikgengg15,@ballambinlove @detikcom HGU 190 tahun sangat bermasalah dan melawan UUPA. Investor gak sebloon jkw jika pada akhirnya harus berurusan dgn hukum,1,1,1,0,0,in
1813109813758263766,1813170347614855414,Tue Jul 16 11:14:32 +0000 2024,leni_narapati,@syaranza_ @detikcom emil,1,0,0,0,0,in
1813109813758263766,1813170156564279309,Tue Jul 16 11:13:47 +0000 2024,ganz__7o,@detikcom W K W K W K W K W K,0,0,0,0,0,in
1813109813758263766,1813170004122345488,Tue Jul 16 11:13:10 +0000 2024,teukumi,"@detikcom pke uang negara, tp publik g bleh berekspektasi",1,0,0,0,0,in
1813109813758263766,1813169829622448205,Tue Jul 16 11:12:29 +0000 2024,ashaabull,"@detikcom 15?!!!
Kemerdekaan aja tanggal 17",0,0,0,0,0,in
1813109813758263766,1813169680926056832,Tue Jul 16 11:11:53 +0000 2024,shenithaaaa,@detikcom Ettt kirain udah kaya Washington DC 😂,0,0,0,0,0,in
1813109813758263766,1813169653226873093,Tue Jul 16 11:11:47 +0000 2024,MILO_MONTES_,@detikcom Walah baru 15%,0,0,0,0,0,in
1813109813758263766,1813169452458123436,Tue Jul 16 11:10:59 +0000 2024,Ngadinopanser,"@detikcom Janji mu loh, joook....",0,0,0,0,0,in
1813109813758263766,1813168314786693504,Tue Jul 16 11:06:27 +0000 2024,bayuwicak14,@detikcom Yang menaruh ekspektasi lebih cuman 1 pihak pak,0,0,0,0,0,in
1813109813758263766,1813168036893130901,Tue Jul 16 11:05:21 +0000 2024,FahrisalA,@detikcom 🤣🤣🤣🤣,4,0,1,0,0,qme
1813109813758263766,1813168029548879986,Tue Jul 16 11:05:19 +0000 2024,buruburu012,"@detikcom bagaimana mungkin?
bukannya investornya over subscribed",0,0,0,0,0,in
1813109813758263766,1813167599817269462,Tue Jul 16 11:03:37 +0000 2024,wutsittoya,@detikcom amnesia adalah kondisi ketika seseorang tidak bisa mengingat informasi atau kejadian yang pernah dialaminya. Kondisi ini bisa dipicu oleh trauma atau kerusakan pada otak yang memiliki peran penting dalam memproses ingatan atau memori seseorang.,6,1,1,0,0,in
1813109813758263766,1813167103932772575,Tue Jul 16 11:01:39 +0000 2024,Alexparisyel,@detikcom Audit IKN,1,0,0,0,0,nl
1813109813758263766,1813166744258650614,Tue Jul 16 11:00:13 +0000 2024,fadlan10282,@detikcom Nasibnya kayak mobil smk,0,0,0,0,0,in
1813109813758263766,1813165894597558701,Tue Jul 16 10:56:50 +0000 2024,ballambinlove,"@detikcom HGU 190 tahun kesannya menggadaikan negeri pada pihak lain demi investasi yang tak kunjung datang, investor itu orang² cerdas, berduit dan punya kalkulasi sendiri atas kekayaannya termasuk saat berinvestasi, tak semua tertarik dgn lamanya HGU, pasar besar tapi kismin",15,2,3,0,0,in
1813109813758263766,1813165864897945708,Tue Jul 16 10:56:43 +0000 2024,counttall__,@detikcom Kocak kocak,0,0,0,0,0,tr
1813109813758263766,1813165856282788256,Tue Jul 16 10:56:41 +0000 2024,Tude_aja,"@detikcom Kok pesimis ga spt jargon2 njenengan sebelumnya ""Harus Optimis"". Ndak bisa bro, njenengan sdh make APBN (keringet publik), perlu pertanggung jawabannya.",3,1,0,0,0,in
1813109813758263766,1813165706017685891,Tue Jul 16 10:56:05 +0000 2024,andremirza,@detikcom https://t.co/YzraHXD1os,0,0,0,0,0,qme
1813109813758263766,1813165435753537877,Tue Jul 16 10:55:01 +0000 2024,Tasyawa,@detikcom Pejabat kok pada gak punya Malu ya... Malu dikit kenapa kemaren bilang Wow sekarang wee...,0,0,0,0,0,in
1813109813758263766,1813165381235720561,Tue Jul 16 10:54:48 +0000 2024,viqhani,@detikcom Ane sih gak kok gan.. Yg berekspektasi bawah saya mungkin gan.. 🙏,1,0,0,0,0,in
1813109813758263766,1813165196866908471,Tue Jul 16 10:54:04 +0000 2024,yudi_hudaya,@detikcom Ente sih kegatelan..,1,0,0,0,0,in
1813109813758263766,1813164568610545760,Tue Jul 16 10:51:34 +0000 2024,itsdionwithn,@detikcom https://t.co/n4Ou9Z263d,0,0,0,0,0,qme
1813109813758263766,1813164554484167141,Tue Jul 16 10:51:31 +0000 2024,Prima_salatiga,@yesmar_banu @detikcom Jangan lupa taxi terbangnya....,11,0,1,0,0,in
1813109813758263766,1813164157677805569,Tue Jul 16 10:49:56 +0000 2024,banyakblabur,@detikcom Tuh.... ErKa....dengerin....,0,0,0,0,0,in
1813109813758263766,1813163176030314636,Tue Jul 16 10:46:02 +0000 2024,Kobar_Baru,@andikabina @detikcom Gambar palsu selalu muncul,0,0,0,0,0,in
1813109813758263766,1813162916801310990,Tue Jul 16 10:45:00 +0000 2024,Kobar_Baru,@detikcom 🤣🤣🤣🤣🤣🤣nafsu benar mau ke IKN,0,0,0,0,0,in
1813109813758263766,1813161830128165252,Tue Jul 16 10:40:41 +0000 2024,keepithink_crab,@detikcom Bukanya kalian juga bilang 80% ?,0,0,0,0,0,in
1813109813758263766,1813161593641050327,Tue Jul 16 10:39:45 +0000 2024,feisalpriyanto,@detikcom Ngedabruuusss,0,0,0,0,0,in
1813109813758263766,1813161166744789493,Tue Jul 16 10:38:03 +0000 2024,nebularist,"@detikcom dih jangan gr bro, siapa juga yang ekspektasi?! 🤣",0,0,0,0,0,in
1813109813758263766,1813160736652423459,Tue Jul 16 10:36:21 +0000 2024,wekawekaweka6,@detikcom 😀,0,0,0,0,0,qme
1813109813758263766,1813160595002458175,Tue Jul 16 10:35:47 +0000 2024,barus_euni82054,@detikcom Ra urus cangkem e Mukidi 🙄,0,0,0,0,0,in
1813109813758263766,1813160485598208291,Tue Jul 16 10:35:21 +0000 2024,Uni_RancakBana,@detikcom Omongan ngedabrus semua,0,0,0,0,0,in
1813109813758263766,1813160326306930926,Tue Jul 16 10:34:43 +0000 2024,benisafangat_,"@detikcom Siapa yang menaruh ekspetasi, dulu anda sendiri yang ngotot. Sekarang tinggal nyari alesan lain. Haduh",0,0,0,0,0,in
1813109813758263766,1813159650382201302,Tue Jul 16 10:32:02 +0000 2024,fafa8fauziah,@detikcom manusia terhalu sedunia,0,0,0,0,0,in
1813109813758263766,1813159598624501988,Tue Jul 16 10:31:49 +0000 2024,ZaizArjuna,@detikcom Siapa juga yang ngarep ibu kota baru,0,0,0,0,0,in
1813109813758263766,1813159481553134030,Tue Jul 16 10:31:21 +0000 2024,piki_ajah,@yesmar_banu @detikcom Kita sebagai rakyat hanya meng iyakan saja 😁😅,6,0,0,0,0,in
1813109813758263766,1813157692887998877,Tue Jul 16 10:24:15 +0000 2024,DenasIdn1,@detikcom Progres 15% tapi dana apbn dah ke sedot 80 Trilyunan… progres  segitu ada audit nya ga ?,7,2,0,0,0,in
1813109813758263766,1813157402352431283,Tue Jul 16 10:23:06 +0000 2024,awe_yudhy,"@detikcom Tahun kemaren aja bilangnya 2024 IKN udah siap 💯%, sekarang ngomongnya laen. Wis pokoke mblegedes...",2,0,0,0,0,in
1813109813758263766,1813156734149795913,Tue Jul 16 10:20:26 +0000 2024,agunsetiawn,@detikcom yaaaah hahaha,0,0,0,0,0,tl
1813109813758263766,1813155775709344215,Tue Jul 16 10:16:38 +0000 2024,gulaligong,@detikcom Nyang ngomong dia nyang bantah dia juga..terserahlah,0,0,0,0,0,in
1813109813758263766,1813155770751742303,Tue Jul 16 10:16:37 +0000 2024,otakkusut,@detikcom Ekspektasi lebih gimana? Lha dari awal aja udah pesimis kok pak… tenang ajaaaa 😂,1,0,0,0,0,in
1813109813758263766,1813155760098144636,Tue Jul 16 10:16:34 +0000 2024,fenyadei,@detikcom prasaan dari dulu yg berekspektasi cuma lu doang,3,0,2,0,0,in
1813109813758263766,1813155738241421586,Tue Jul 16 10:16:29 +0000 2024,Ambonhelmi8899,"@goesman02 @detikcom Kalo pemerintah yang bikin HOAX, siapa yang berani menindak?!",1,0,0,0,0,in
1813109813758263766,1813155495903129634,Tue Jul 16 10:15:31 +0000 2024,ganny_garcia,@detikcom 🤡🤡🤡,0,0,0,0,0,qme
1813109813758263766,1813155205581521107,Tue Jul 16 10:14:22 +0000 2024,senangmembaca,@detikcom 15% aja dah habisin duit sebanyak itu. Bikin APBN terseok-seok... 😅,2,0,0,0,0,in
1813109813758263766,1813154365596922353,Tue Jul 16 10:11:02 +0000 2024,ManduMiu27,@detikcom https://t.co/kpqA2ZnGQB,0,0,0,0,0,qme
1813109813758263766,1813154321686798635,Tue Jul 16 10:10:51 +0000 2024,AkmaL_syam21,@detikcom Molah maleh pak,0,0,0,0,0,in
1813109813758263766,1813154313486934273,Tue Jul 16 10:10:49 +0000 2024,rezaa06,"@detikcom Mana ada ekspektasi lebih, yg ada pesimis lebih pak. Ppfftt",1,0,0,0,0,in
1813109813758263766,1813154306344034582,Tue Jul 16 10:10:48 +0000 2024,semacamharapan,@detikcom Kejar target hanya untuk upacara Pak ????? 😢😢😢,0,0,0,0,0,in
1813109813758263766,1813153711776276986,Tue Jul 16 10:08:26 +0000 2024,keramikpecahid,@Ombahku @detikcom Awoakwoakwoakwoako ndableg!,0,0,0,0,0,ht
1813109813758263766,1813153686019056092,Tue Jul 16 10:08:20 +0000 2024,wwaadduuhh,@detikcom owkwowkw,0,0,0,0,0,in
1813109813758263766,1813153648832086498,Tue Jul 16 10:08:11 +0000 2024,NasibulU,@detikcom Lomoh..,0,0,0,0,0,in
1813109813758263766,1813153633623810391,Tue Jul 16 10:08:07 +0000 2024,bebas_175,@detikcom Kan yg bacotnya ngegampangin situ,0,0,0,0,0,in
1813109813758263766,1813153352504729611,Tue Jul 16 10:07:00 +0000 2024,mhasani92,@detikcom Saya tidak berharap banyak pak. Tenang saja..,0,0,0,0,0,in
1813109813758263766,1813153077056372778,Tue Jul 16 10:05:54 +0000 2024,cyberprim,@detikcom 🥱🥱🥱 https://t.co/2KTi1dnnqs,0,0,0,0,0,qme
1813109813758263766,1813152546434777482,Tue Jul 16 10:03:48 +0000 2024,adidisanto78979,@detikcom Yg punya ekspektasi hiper itu  petruk ambisus jadi raja nusantara xy 🤣🤣,0,0,0,0,0,in
1813109813758263766,1813152274967109896,Tue Jul 16 10:02:43 +0000 2024,brizzle_home34,@detikcom Lah lu sendiri yg bilang segala macem dr tahun lalu sekarang malah publik diminta jgn berekspektasi. Lah lucuuu. Taxi terbang gmn? Kereta tanpa rel coba??,1,0,0,0,0,in
1813109813758263766,1813152025435058624,Tue Jul 16 10:01:44 +0000 2024,AkiSuminta,"@detikcom Si anyiiing,bukannya elo ma gerombolan penjilat pantat lo yg bilang IKN udh siap dlm 2 bulan,so soan mo upacara kemerdekaan disana,jgn sampe nih ya upacara selevel negara bakal sama dgn upacara di kampung gw,di lapangan sepakbola becek2an ya nyiiing @jokowi",6,1,0,0,0,in
1813109813758263766,1813151744593175032,Tue Jul 16 10:00:37 +0000 2024,DwiNuriyaa,@goesman02 @detikcom wkwkwkwk gaada yg bener bang semua petinggi nya pada gendeng ngebet ikn jadi,3,0,0,0,0,in
1813109813758263766,1813151541240734015,Tue Jul 16 09:59:48 +0000 2024,gorichorgood,@detikcom Apakah akan di boost dengan acara wishu rama,0,0,0,0,0,in
1813109813758263766,1813151146456064501,Tue Jul 16 09:58:14 +0000 2024,lippie124,@detikcom kumaha sia we anying,0,0,0,0,0,in
1813109813758263766,1813150784286302639,Tue Jul 16 09:56:48 +0000 2024,EdiSilitonga354,@detikcom Daahhh ngga usah maksa’n @jokowi  u/ upacara di ikn kalo mmg blom jadi….ntar malah blunder….di bully lagi kamu…,0,0,0,0,0,in
1813109813758263766,1813150422879904216,Tue Jul 16 09:55:22 +0000 2024,vinosa,@goesman02 @detikcom 86% yg blm selesai dikerjakan 😂😂😂,2,0,0,0,0,in
1813109813758263766,1813150049993638134,Tue Jul 16 09:53:53 +0000 2024,berber134,@detikcom Nyesel gua milih lu 2 periode jok,0,0,0,0,0,in
1813109813758263766,1813149704345297409,Tue Jul 16 09:52:30 +0000 2024,Aditlasri3,"@detikcom Kalau tidak bisa kerja, mundur dari awal. Sudah difasilitasi negara berlebih selama 2 periode, kerjaanmu: mangkrak!!. Amburadul.. !!",1,0,0,0,0,in
1813109813758263766,1813149326258180343,Tue Jul 16 09:51:00 +0000 2024,k_____jpg,"@detikcom yg bangun ekspektasinya lo, yg matahin lo sendiri",0,0,0,0,0,in
1813109813758263766,1813149261695230350,Tue Jul 16 09:50:45 +0000 2024,AkangDikdik1,@detikcom Hanya satu yg terucap DUNGU,0,0,0,0,0,in
1813109813758263766,1813148862514876615,Tue Jul 16 09:49:10 +0000 2024,HaryaNagara,"@detikcom Ekspektasi lu kaleeee, gua mah pak dr awal udh kagak percaya!!!",0,0,0,0,0,in
1813109813758263766,1813148733137428864,Tue Jul 16 09:48:39 +0000 2024,wahyuWa26487734,@syaranza_ @detikcom Tanya... @ridwankamil,1,0,0,0,0,in
1813109813758263766,1813148080075862218,Tue Jul 16 09:46:03 +0000 2024,danubaya52,@detikcom Lol presiden gth amet,0,0,0,0,0,en
1813109813758263766,1813148075613167837,Tue Jul 16 09:46:02 +0000 2024,pamannyagibrann,@detikcom Sibuk sendiri heboh sendiri 🤣🤣🤣,2,0,1,0,0,in
1813109813758263766,1813148048270455293,Tue Jul 16 09:45:56 +0000 2024,Mnrq7_,@detikcom Padaal dia dan kubu nya sendiri yang selalu berlebihan membahas IKN.,0,0,0,0,0,in
1813109813758263766,1813147915092959412,Tue Jul 16 09:45:24 +0000 2024,Hartono_Ddt,"@detikcom Progres pembangunan 15%, anggaran yg sdh terpakai brp   %.... 🥱",0,0,0,0,0,in
1813109813758263766,1813147687308698006,Tue Jul 16 09:44:29 +0000 2024,Zamocca,@detikcom Kasih disclaimer dulu. Yang disalahin si hujan 🤣🤣,0,0,0,0,0,in
1813109813758263766,1813147348748447836,Tue Jul 16 09:43:09 +0000 2024,XVSZTY,@detikcom DARI AWAL GUA GAK BEREKSPEKTASI GIMANA GIMANA,1,0,0,0,0,in
1813109813758263766,1813146957671723142,Tue Jul 16 09:41:36 +0000 2024,glomadher,@wiwitski @detikcom Asli na,0,0,0,0,0,und
1813109813758263766,1813146760723984482,Tue Jul 16 09:40:49 +0000 2024,madrid_jkt58,"@andikabina @detikcom Ingat rumus Jokowi.
Apa yg diomongin, berarti kebalikannya",1,0,0,0,0,in
1813109813758263766,1813146702934909269,Tue Jul 16 09:40:35 +0000 2024,KangAsom,@Ombahku @detikcom 🤣🤣 dapat saja ya 👍👍,0,0,0,0,0,in
1813109813758263766,1813146571749662791,Tue Jul 16 09:40:03 +0000 2024,wiwitski,@gloriahermawan @detikcom Ngadengekeun omongan bapak ieu mah .. matak gelo teu puguh ... Beneran 😅,0,0,1,0,0,in
1813109813758263766,1813145812723245070,Tue Jul 16 09:37:03 +0000 2024,f_jaaar,@detikcom 🤣,0,0,0,0,0,qme
1813109813758263766,1813145801591251101,Tue Jul 16 09:37:00 +0000 2024,Dunungan954537,@syaranza_ @detikcom Si emil,1,0,0,0,0,es
1813109813758263766,1813145477136740434,Tue Jul 16 09:35:43 +0000 2024,khaidirali_,@detikcom Terlalu dipaksakan,0,0,0,0,0,in
1813109813758263766,1813145470845526428,Tue Jul 16 09:35:41 +0000 2024,ngabdirojo,@detikcom Kmaren bilang sudah 85% skarang 15%    ngapusinya kok kebangeten banget.,2,0,1,0,0,in
1813109813758263766,1813145171829399819,Tue Jul 16 09:34:30 +0000 2024,aznanarrazi,@detikcom Lah? Kok bisa? Duitnya kurang ya dari investor pak?,0,0,0,0,0,in
1813109813758263766,1813144642067832948,Tue Jul 16 09:32:23 +0000 2024,hendrowijonarko,@Ombahku @detikcom Bualannya orang-orang berikut ini: @AgusYudhoyono @ridwankamil @ZUL_Hasan,4,0,0,0,0,in
1813109813758263766,1813144622790766652,Tue Jul 16 09:32:19 +0000 2024,agus37,@detikcom Walahh. Anggaran dh banyak bgt padahal,0,0,0,0,0,in
1813109813758263766,1813144426287669474,Tue Jul 16 09:31:32 +0000 2024,bethorokollo,@detikcom Kerja kerja kerja ga becus,0,0,0,0,0,in
1813109813758263766,1813144088704614576,Tue Jul 16 09:30:11 +0000 2024,tyonugrh_,@detikcom Hambalang II,0,0,0,0,0,tl
1813109813758263766,1813143894047232462,Tue Jul 16 09:29:25 +0000 2024,ekologic4,@detikcom masih punya muka kah? https://t.co/06KdxryKUY,1,0,0,0,0,in
1813109813758263766,1813143823608127945,Tue Jul 16 09:29:08 +0000 2024,Icaljsap,@detikcom Bikin bikin sendiri ngotot sampai ngabisin duit negara. La kok enak banget terus ngomong gini,0,0,0,0,0,in
1813109813758263766,1813143271604167087,Tue Jul 16 09:26:57 +0000 2024,Yudee_nurcahyo,@detikcom Bomat lah,0,0,0,0,0,in
1813109813758263766,1813143072106246358,Tue Jul 16 09:26:09 +0000 2024,KopiTjapTopi,@detikcom Ni orang emang gak punya malu ya kalo ngomong gak pernah bener isinya bohong terus,0,0,0,0,0,in
1813109813758263766,1813142475386855559,Tue Jul 16 09:23:47 +0000 2024,andionyis,@detikcom 😆,0,0,0,0,0,qme
1813109813758263766,1813141510520774954,Tue Jul 16 09:19:57 +0000 2024,MKA77217578,@detikcom Kepet,0,0,0,0,0,in
1813109813758263766,1813140863360594110,Tue Jul 16 09:17:23 +0000 2024,ikhwan_AP,@detikcom Jihhhh mencla mencle lgi,0,0,0,0,0,in
1813109813758263766,1813140440847454479,Tue Jul 16 09:15:42 +0000 2024,ZonaNyaman999,@detikcom Belum ramai kaya jakarta kah?,0,0,0,0,0,in
1813109813758263766,1813140377546752359,Tue Jul 16 09:15:27 +0000 2024,_KonohaCity_,@detikcom Saya ga butuh tahu progres IKN. Yang saya butuhkan swasembada pangan!,0,0,0,0,0,in
1813109813758263766,1813139848833998985,Tue Jul 16 09:13:21 +0000 2024,piyu_dhantara,@detikcom Sopo toh yg mengharapkan lebih? Situ nya aja ke geeran wkwkwkw,1,0,0,0,0,in
1813109813758263766,1813139393621757998,Tue Jul 16 09:11:32 +0000 2024,YesQ19,@detikcom Konyoll,0,0,0,0,0,in
1813109813758263766,1813139273450987936,Tue Jul 16 09:11:03 +0000 2024,bbmrachel,@detikcom https://t.co/n2aPuqyK5X,0,0,0,0,0,qme
1813109813758263766,1813139075538514225,Tue Jul 16 09:10:16 +0000 2024,mantan_kalii,@detikcom https://t.co/wKzMgAlCsT,4,0,0,0,0,qme
1813109813758263766,1813139042055192702,Tue Jul 16 09:10:08 +0000 2024,Louis_chantika,"@detikcom Ngomong sebakul aja ah, bukannya pa jkwie yg ngotot bangun IKN,pake APBN pulak.",25,3,1,0,0,in
1813109813758263766,1813138979757388100,Tue Jul 16 09:09:53 +0000 2024,pedy_alienrebel,@detikcom Hoooo kirain udah 58%.......🤣🤣🤣,1,0,0,0,0,in
1813109813758263766,1813138508732899370,Tue Jul 16 09:08:01 +0000 2024,radis_sudjono,@detikcom Lah...,1,0,0,0,0,und
1813109813758263766,1813138453552636291,Tue Jul 16 09:07:48 +0000 2024,wansrosadi,"@detikcom Duhh
Jadi pusing dengarnya.
Yg bikin melambung dia, yg bilang jgn punya ekspektasi lebih dia.
Bengong.",25,2,0,0,0,in
1813109813758263766,1813138134047334845,Tue Jul 16 09:06:32 +0000 2024,dawneight,@detikcom hehe hehe hehe setara washington dc lah setara canberra lah hahahaha yg kelebihan ekspetasi mah ente sama menteri2 ente yg pada mabok kecubung. rakyat mah bagian diperes doang duitnya yakan🤣,5,1,0,0,0,in
1813109813758263766,1813137902240735412,Tue Jul 16 09:05:37 +0000 2024,nourabowtique,@detikcom Lah dulu bilangnya mau upacara 17 Agustus di IKN,0,0,0,0,0,in
1813109813758263766,1813137836943810889,Tue Jul 16 09:05:21 +0000 2024,JafarudinJapra,"@yesmar_banu @detikcom Kereta tanpa rel kan banyak, ada kereta kuda, kereta sapi, atau kereta jenazah..",23,0,2,0,0,in
1813109813758263766,1813137724054073618,Tue Jul 16 09:04:54 +0000 2024,yossyimanuel,@detikcom Cacad,0,0,0,0,0,es
1813109813758263766,1813137100386234445,Tue Jul 16 09:02:25 +0000 2024,arzh_aq,@detikcom Dih,0,0,0,0,0,und
1813109813758263766,1813137039443042579,Tue Jul 16 09:02:11 +0000 2024,simisuhmisuh,@detikcom 👏🏼👏🏼👏🏼👏🏼👏🏼,0,0,0,0,0,qme
1813109813758263766,1813136831485211077,Tue Jul 16 09:01:21 +0000 2024,DsSupriyady,@detikcom Dowboll...,0,0,0,0,0,en
1813109813758263766,1813136621052830115,Tue Jul 16 09:00:31 +0000 2024,tangguhniti,"@detikcom Apa, baru 15 presen, jd slama ini?",0,0,0,0,0,in
1813109813758263766,1813136612198654046,Tue Jul 16 09:00:29 +0000 2024,kayunisan,@detikcom Sudah diingatkan dari dulu juga. https://t.co/oMsrDDEmuR,403,47,0,0,0,in
1813109813758263766,1813136288826159271,Tue Jul 16 08:59:12 +0000 2024,achmad_kusnanto,@detikcom Hehe..... Memakai APBD juga......,0,0,0,0,0,in
1813109813758263766,1813136209046302998,Tue Jul 16 08:58:53 +0000 2024,_sixbalax_,"@detikcom yang ketinggian ngomong selama ini tuh ya bapak jokowi sendiri tokh !!!! lupak apa ya kalog selama ini sering ngibul (ngomong ketinggian) ??

besok kalog sering lupak ngibul dicatet pak, biar gag malu-maluin diri sendiri",3,1,0,0,0,in
1813109813758263766,1813136086216155485,Tue Jul 16 08:58:24 +0000 2024,sutan_bisma,@detikcom Banyakan bokis lo pak..,0,0,0,0,0,in
1813109813758263766,1813135503438541293,Tue Jul 16 08:56:05 +0000 2024,rang_casper,"@detikcom Anda kok yang membesar besar kannya
Kini anda yang minta jangan bayangkan 
Piye toh
Emang lidah tidak bertulang",2,1,0,0,0,in
1813109813758263766,1813135141793112437,Tue Jul 16 08:54:38 +0000 2024,nami_idah,"@detikcom Dari awal juga tidak ada yg berekspektasi berlebihan, anda saja yg terlalu berlebihan kasih harapan alias PHP.",0,0,0,0,0,in
1813109813758263766,1813134373740515360,Tue Jul 16 08:51:35 +0000 2024,FirmanNew8,"@detikcom Ekspektasi anda yang berlebihan pak, publik mah ogah, tau dah buzzeRp anda....",0,0,0,0,0,in
1813109813758263766,1813134223018193400,Tue Jul 16 08:50:59 +0000 2024,basukirahmat84,@detikcom Ada juga ekspektasi Bapak dan Jajarannya yg terlalu tinggi ke IKN..,2,0,0,0,0,in
1813109813758263766,1813134171373772919,Tue Jul 16 08:50:47 +0000 2024,Ari4diS,@detikcom Duitnya udah habis ya Pak?,0,0,0,0,0,in
1813109813758263766,1813133991274508462,Tue Jul 16 08:50:04 +0000 2024,Kang_Sholihin,@detikcom La terus kenapa harus dipaksakan upacara disana Bapak?,1,0,0,0,0,in
1813109813758263766,1813133699942105549,Tue Jul 16 08:48:55 +0000 2024,anovaway,@detikcom Padahal dia sendiri yang ngebet banget. Warga mah B aja. Dia sendiri pula yang ribet.,1,0,0,0,0,in
1813109813758263766,1813133567201014184,Tue Jul 16 08:48:23 +0000 2024,ronaronimakroni,"@detikcom waduh,",0,0,0,0,0,en
1813109813758263766,1813133280516186206,Tue Jul 16 08:47:15 +0000 2024,AuroraXrypt,@detikcom Proklamasi,0,0,0,0,0,in
1813109813758263766,1813133268675621335,Tue Jul 16 08:47:12 +0000 2024,Ex_TKI,@detikcom Emang ada rakyat yg tanya2 progres IKN ?????,5,0,0,0,0,in
1813109813758263766,1813132496877318482,Tue Jul 16 08:44:08 +0000 2024,D_Zaviyar,@detikcom Si tukang Ngibul 🤣🤣🤣🤣🤣🤣🤣,3,0,0,0,0,in
1813109813758263766,1813132473305604339,Tue Jul 16 08:44:02 +0000 2024,dzakyhaidar__,@detikcom awokwokwok lain di mulut lain di mulut,0,0,0,0,0,in
1813109813758263766,1813131625833852952,Tue Jul 16 08:40:40 +0000 2024,BalibackBeck,"@detikcom Mending bapak mikiran sembako aja pak, giman bisa normal harga. Kami tau standar bapak dalam bekerja sampek mana. Berhenti jualan mimpi pak.",7,1,0,0,0,in
1813109813758263766,1813131379938632068,Tue Jul 16 08:39:41 +0000 2024,Erbasus1,"@detikcom Sampe mules perut kodok bunting, gegara baca pernyataan ini....
https://t.co/3qxFjS0a4S",8,1,0,0,0,in
1813109813758263766,1813130625043603909,Tue Jul 16 08:36:42 +0000 2024,farid_gt,@detikcom Tau kn klo blio bilang tuh suka kebalikannya..pun juga ini..,0,0,0,0,0,in
1813109813758263766,1813130348332740689,Tue Jul 16 08:35:36 +0000 2024,sleepingjupiter,@detikcom Emg ada yg berekspektasi di ikn?,0,0,0,0,0,in
1813109813758263766,1813130272868868540,Tue Jul 16 08:35:18 +0000 2024,EkoApan,"@detikcom Rakyate mikir kebutuhan,pajak naik,gmn bertahan idop...presidene mikirin IKN...yok opo iki😂 @prabowo @SBYudhoyono @airlangga_hrt @cakimiNOW ..",3,1,0,0,0,in
1813109813758263766,1813129986834112888,Tue Jul 16 08:34:09 +0000 2024,JakaGolook71,"@detikcom Bodo amat, mangkrak juga gapapa, mlh lbh baik, kale? 
😁",3,1,0,0,0,in
1813109813758263766,1813129902448910812,Tue Jul 16 08:33:49 +0000 2024,rianboww,@detikcom Situ kan yg ngebet 🤦 warga sipil sekalian mah gak ngarep ada ikn 😂,0,0,0,0,0,in
1813109813758263766,1813129887122923897,Tue Jul 16 08:33:46 +0000 2024,EkoApan,@gloriahermawan @detikcom Avenged sevenfold - Dear God,0,0,0,0,0,en
1813109813758263766,1813129601272426579,Tue Jul 16 08:32:37 +0000 2024,IndoAudit14,@detikcom Kita nggak expect ikn dilanjutkan malah,0,0,0,0,0,in
1813109813758263766,1813129401690648750,Tue Jul 16 08:31:50 +0000 2024,gvnadi,@detikcom 15% 🤣🤣,0,0,0,0,0,und
1813109813758263766,1813129183037694030,Tue Jul 16 08:30:58 +0000 2024,han_cahaya,@detikcom Makanya pak kalau ngomong jgn asal jeplak aja,1,0,0,0,0,in
1813109813758263766,1813128429228990469,Tue Jul 16 08:27:58 +0000 2024,Adit_yapramudya,@detikcom Mampus luh ngomongnya ngalor ngidul presiden gak bisa dipercaya. Cuma bangun pakai hutang pinter. Tapi untuk jujur dia kagak bisa. Otak terbiasa bohong.,0,0,0,0,0,in
1813109813758263766,1813128330398605447,Tue Jul 16 08:27:34 +0000 2024,iswin,"@detikcom Klo masih 15% ngapain dipaksain upacara disana. Yg menjanjikan siapa, yg pesimis siapa.",0,0,0,0,0,in
1813109813758263766,1813125949313196155,Tue Jul 16 08:18:07 +0000 2024,frhyan_abdlh,@detikcom buakakakak lawak,0,0,0,0,0,in
1813109813758263766,1813125918854115533,Tue Jul 16 08:17:59 +0000 2024,zilizzuddin,"@detikcom Terus masih banyak yang dukung anaknya, heran sy sama rakyat Indonesia",4,1,0,0,0,in
1813109813758263766,1813125748796145876,Tue Jul 16 08:17:19 +0000 2024,Alghi5150,@detikcom Bapak Pembohong Indonesia adalah julukannya,1,0,0,0,0,in
1813109813758263766,1813125537021456474,Tue Jul 16 08:16:28 +0000 2024,AgusHerd,@detikcom Mulai mendengarkan nasehat,0,0,0,0,0,in
1813109813758263766,1813125450622730706,Tue Jul 16 08:16:08 +0000 2024,blekriver,@detikcom Bhahaa 😅,0,0,0,0,0,hi
1813109813758263766,1813125390015295780,Tue Jul 16 08:15:53 +0000 2024,yesmar_banu,"@detikcom Sebetulnya dari awal masyarakat sudah pesimis pak jadi tidak menaruh ekspetasi yang berlebih untuk IKN. 

Yang selalu berlebihan soal IKN kan bapak dan tim yang mengerjakan IKN. Malah yang terbaru, Menhub bilang Agustus mulai ada Kereta tanpa rel disana.",802,99,26,0,0,in
1813109813758263766,1813125244980502675,Tue Jul 16 08:15:19 +0000 2024,glomadher,@detikcom Dunno what to say…….::😔,13,0,2,0,0,en
1813109813758263766,1813124911159804325,Tue Jul 16 08:13:59 +0000 2024,evi_sufiani,@detikcom Lha kok dadi ngene Pak,0,0,0,0,0,in
1813109813758263766,1813124529251885074,Tue Jul 16 08:12:28 +0000 2024,MaulaIkhwan,@detikcom Lah tapi katanya sdh seperti jkt??,0,0,0,0,0,in
1813109813758263766,1813124447739736380,Tue Jul 16 08:12:09 +0000 2024,habibici,@detikcom 😂😂😂,0,0,0,0,0,qme
1813109813758263766,1813123896109113439,Tue Jul 16 08:09:57 +0000 2024,JOINLampung,@detikcom Bukannya selama ini yang memiliki ekspektasi tinggi terhadap KKN adalah bapak sendiri ...? Orang publik malah pesimis kali pak...🫢,0,0,0,0,0,in
1813109813758263766,1813123394885591513,Tue Jul 16 08:07:58 +0000 2024,leleng76529,@detikcom https://t.co/q4Kj1lNGoh,0,0,0,0,0,qme
1813109813758263766,1813123197363245094,Tue Jul 16 08:07:11 +0000 2024,masreyhaan,@andikabina @detikcom Itu harapannya. Kenyataannya kan ngga wkwkwk,0,0,0,0,0,in
1813109813758263766,1813123061442593168,Tue Jul 16 08:06:38 +0000 2024,penjelajahfana,@detikcom Ngomong telek,0,0,0,0,0,in
1813109813758263766,1813122934397149204,Tue Jul 16 08:06:08 +0000 2024,DanangNugroho,@detikcom 🫢,0,0,0,0,0,qme
1813109813758263766,1813122911034876304,Tue Jul 16 08:06:02 +0000 2024,rudis84,"@detikcom Ekspetasinya mendingan di stop, baru 15% sudah habisin anggaran, ngutang china😎",0,0,0,0,0,in
1813109813758263766,1813122894609981911,Tue Jul 16 08:05:58 +0000 2024,JBjamesbond07,@detikcom ekspektasi saya bapak mundur sih,1,0,0,0,0,in
1813109813758263766,1813122635854979226,Tue Jul 16 08:04:57 +0000 2024,JBjamesbond07,@ahmadha01689624 @detikcom kayanua typo yg bener 2 abad lg😅,0,0,0,0,0,in
1813109813758263766,1813122408947327294,Tue Jul 16 08:04:03 +0000 2024,elnayaja,@detikcom No comment,0,0,0,0,0,fr
1813109813758263766,1813122278517055521,Tue Jul 16 08:03:32 +0000 2024,goesman02,@detikcom Yang bener yang mana 15% atau 86%. https://t.co/TwOJ3tVZIb,79,9,13,0,0,in
1813109813758263766,1813121674306339001,Tue Jul 16 08:01:07 +0000 2024,fandoyy,@detikcom 0 investor,0,0,0,0,0,es
1813109813758263766,1813121583030161635,Tue Jul 16 08:00:46 +0000 2024,keepitsilentyah,@detikcom Loh kata kang emil bukannya udah mau jadi spt Jakarta?,0,0,0,0,0,in
1813109813758263766,1813121443049447888,Tue Jul 16 08:00:12 +0000 2024,Justrayman11,"@detikcom berisik, duit pajak gw itu",3,0,0,0,0,in
1813109813758263766,1813121170583015450,Tue Jul 16 07:59:07 +0000 2024,kulit_kcang,@detikcom Lah katanya 85%?,0,0,0,0,0,in
1813109813758263766,1813120934431322479,Tue Jul 16 07:58:11 +0000 2024,trimujokobayu,"@detikcom Lha iya, belum jadi tetep dipake upacara. Buang2 anggaran.",1,0,0,0,0,in
1813109813758263766,1813120761009479931,Tue Jul 16 07:57:30 +0000 2024,asep_lagan,@detikcom tambah lagi yg kerja nya kan dana nya ada di mama ghutron bilang aja bayarin utang nEgara nya nanti aja sekarang mau pake buat ikn rampung biar g lama,1,0,0,0,0,in
1813109813758263766,1813120629799067718,Tue Jul 16 07:56:58 +0000 2024,HafiezSayi92933,@detikcom Siapa yg ekpektasi besar pak...justru anda yg pny ekspektasi besar sales agen tanah di IKN,5,0,0,0,0,in
1813109813758263766,1813120543245410458,Tue Jul 16 07:56:38 +0000 2024,dedylesman4,@detikcom https://t.co/YypONffncE,2,0,0,0,0,qme
1813109813758263766,1813120185202843690,Tue Jul 16 07:55:12 +0000 2024,windewaoke,@detikcom Bukannya pak @jokowi sendiri yg spt itu bbrp thn lalu..,0,0,0,0,0,in
1813109813758263766,1813119344970203474,Tue Jul 16 07:51:52 +0000 2024,negativisme,@detikcom Ekspektasi kita lebih ke pemberantasan korupsi https://t.co/InjHoRXSCY,61,15,9,0,0,in
1813109813758263766,1813119097263300743,Tue Jul 16 07:50:53 +0000 2024,andikabina,@detikcom selisihnya 15% sih. ini berlaku hukum kebalikan ya? https://t.co/3wsF1clMWT,130,23,15,0,0,in
1813109813758263766,1813118990186869198,Tue Jul 16 07:50:28 +0000 2024,Dakenwolve,"@detikcom Rakyat ga perduli IKN...
Rakyat butuh harga2 terjangkau, lapangan kerja, keadilan, pendidikan murah",75,6,0,0,0,in
1813109813758263766,1813118679909036151,Tue Jul 16 07:49:14 +0000 2024,nitasyafrie,@detikcom Bapak Aja kali..Publik mah biasa biasa saja,0,0,0,0,0,in
1813109813758263766,1813118556290113976,Tue Jul 16 07:48:44 +0000 2024,Bams0673,@detikcom Guwe udh bodo amat jok,1,0,0,0,0,in
1813109813758263766,1813118457862582374,Tue Jul 16 07:48:21 +0000 2024,Anissa1Q,"@detikcom Yg bayangin jg siapa pakkk, ente doank kalii...",0,0,0,0,0,in
1813109813758263766,1813118440733089844,Tue Jul 16 07:48:17 +0000 2024,KarpovRomantic,@detikcom Suruh mama ghufron tarik arwahnya bandung bondowoso dr langit pak lalu tempelin ke Ngabalin biar selesaikan,0,0,0,0,0,in
1813109813758263766,1813118236491456627,Tue Jul 16 07:47:28 +0000 2024,vvvmonlit,@detikcom berarti dulu asbun kah?,0,0,0,0,0,in
1813109813758263766,1813118108833619979,Tue Jul 16 07:46:57 +0000 2024,writerfreax,@detikcom Paksa pindahkan jangan diterima di Jawa,0,0,0,0,0,in
1813109813758263766,1813117905225281789,Tue Jul 16 07:46:09 +0000 2024,lampu_patromaks,"@detikcom Lah kok progres pembangunan baru 15% ? 
Sementara dana pembangunan dari APBN cuma tersisa 17,6 T lagi … cukup ga tuh duitnya? 😁😂",7,1,4,0,0,in
1813109813758263766,1813117719212093717,Tue Jul 16 07:45:25 +0000 2024,BYTriantono,"@detikcom Kaga juga om, ente aje kbanyak obral janji setinggi langit ....",0,0,0,0,0,in
1813109813758263766,1813117268009886136,Tue Jul 16 07:43:37 +0000 2024,Ekososbudhamkam,"@detikcom Eh sori ya wi...
Ngarep aja gw kagak bos... 
Karena gw da tau ini bakalan kayak sama Esemka ya lu pake bohongin se Indonesia.
Ekspektasi pala lu...",0,0,0,0,0,in
1813109813758263766,1813117025495183368,Tue Jul 16 07:42:39 +0000 2024,ariejaw,"@detikcom Coba tembusi Bandung Bondowoso &amp; Sangkuriang pak. Mandor handal sepanjang abad, dijamin semalam jadi",0,0,0,0,0,in
1813109813758263766,1813116894809104645,Tue Jul 16 07:42:08 +0000 2024,yvdi_X,@detikcom https://t.co/uP4OGWLwYS,0,0,0,0,0,qme
1813109813758263766,1813116856888402341,Tue Jul 16 07:41:59 +0000 2024,syaechu_ahmad,"@detikcom disana optimis, disana juga yang pesimis. kita ini cuma nonton.",1,0,0,0,0,in
1813109813758263766,1813115885693116608,Tue Jul 16 07:38:07 +0000 2024,Qk1ng2,@detikcom https://t.co/aBIoJS4tWp,36,6,0,0,0,qme
1813109813758263766,1813115241808732557,Tue Jul 16 07:35:34 +0000 2024,baqiebaka,@detikcom 🤣🤣🤣,0,0,0,0,0,qme
1813109813758263766,1813115213962703024,Tue Jul 16 07:35:27 +0000 2024,harjonoabi,"@detikcom Ya lebih bagus lagi tidak memaksakan IKN jadi tempat upacara 
Ngadi-ngadi pak @jokowi 
Buang-buang duit negara",6,0,0,0,0,in
1813109813758263766,1813114526872838275,Tue Jul 16 07:32:43 +0000 2024,WawoHans,"@detikcom Investor asing libur ya pak, mereka pada pulang kampung atau gimana ya?",0,0,0,0,0,in
1813109813758263766,1813114365568295387,Tue Jul 16 07:32:05 +0000 2024,NDASHmuuu,@detikcom Owalahh.. kowiii.. kowii..,0,0,0,0,0,in
1813109813758263766,1813114198114902501,Tue Jul 16 07:31:25 +0000 2024,mr_hardi4,@detikcom kata @ridwankamil 2 bulan lagi ikn udah kayak jakarta pak,27,0,7,0,0,in
1813109813758263766,1813114178007408878,Tue Jul 16 07:31:20 +0000 2024,CutePan2399,"@detikcom 😁🤭😆bazer mana...bazer pendukung mana??? Tuh kalian dibokongin tuan kalian....🤭🤭😆😆😆😆😁😁😁😁...
🙏🙏🏃🏃🏃🏃",4,0,1,0,0,in
1813109813758263766,1813114138761261096,Tue Jul 16 07:31:11 +0000 2024,maymarmas,"@detikcom Minta pada diri sendiri dulu pak.
Kan anda yg berulang-ulang ngomong dg ekpektasi tinggi ttg progres ikn.",26,1,0,0,0,in
1813109813758263766,1813114109107622378,Tue Jul 16 07:31:04 +0000 2024,MuhammadDjazul1,"@detikcom Fokusnya cuma upacara 17 agustus aja karena mau joget"" menyambut kemenangan anak haram konstitusi.",31,2,1,0,0,in
1813109813758263766,1813113762079207798,Tue Jul 16 07:29:41 +0000 2024,Notonogoro67941,@detikcom Anda yang memaksakan diri pak. Kita dih sangat pahan kalaupun itu nantinya mangkrak!,1,0,0,0,0,in
1813109813758263766,1813113271215698151,Tue Jul 16 07:27:44 +0000 2024,erimeureun,@detikcom Jd target ASN pindah IKN gemana tuh? Jd dasarny apa dlm menetapkan target waktu pindahan kmrn?,0,0,0,0,0,in
1813109813758263766,1813112939341357328,Tue Jul 16 07:26:25 +0000 2024,Brahmanta70,@detikcom Kan anda @jokowi  yg begitu ngotot IKN segera rampung sebelum upacara 17-an. Skrg koq melas sih ngomongnya. Piye to pak?,2,0,0,0,0,in
1813109813758263766,1813111434404110614,Tue Jul 16 07:20:26 +0000 2024,syaranza_,@detikcom Yg overklaim kalo 2 bulan lagi IKN sudah seperti Jakarta siapa??,36,0,9,0,0,in
1813109813758263766,1813109813758263766,Tue Jul 16 07:14:00 +0000 2024,detikcom,"Presiden Jokowi minta publik tak menaruh ekspektasi lebih terkait wajah IKN saat upacara 17 Agustus 2024 mendatang. Menurutnya, progres pembangunan IKN baru 15% saat upacara nanti. https://t.co/E7a9rdpUPM",1140,242,1009,0,0,in
1917435258322182617,1918533824465486034,Sat May 03 05:11:23 +0000 2025,jack_rubyjack,@aiiisaja @kompascom mana berani kowi ngomong gitu ke bosnya yang mulia xi wkwkwkwk,0,0,0,0,0,in
1917435258322182617,1918289482748666343,Fri May 02 13:00:27 +0000 2025,JApicong,@kompascom Tagihan udah lunas apa belun 😅,1,0,0,0,0,in
1917435258322182617,1918229849208176838,Fri May 02 09:03:29 +0000 2025,AdyPariadi91005,@kompascom 🤣🤣🤣,0,0,0,0,0,qme
1917435258322182617,1918214518519546147,Fri May 02 08:02:34 +0000 2025,septembbright,@susipudjiastuti @kompascom 😭,0,0,0,0,0,qme
1917435258322182617,1918192848882815166,Fri May 02 06:36:28 +0000 2025,Woodlands1919,@kompascom Oh pinjam?,0,0,0,0,0,en
1917435258322182617,1918174066420383928,Fri May 02 05:21:50 +0000 2025,BStarBayu,@kompascom KERETA TANPA REL NDASMU KERETA,0,0,0,0,0,in
1917435258322182617,1918164581912068142,Fri May 02 04:44:08 +0000 2025,saefudin2575,"@henra_tanjung @kompascom Cocok mas..., prinsip nya sama kyk d IKN gk pake rel, cm beda casing aja🤣🤣",0,0,0,0,0,in
1917435258322182617,1918164225090044263,Fri May 02 04:42:43 +0000 2025,saefudin2575,"@cosmo_nauts @kompascom Dibalikin cuma cuma kan, gak pake uang rakyat😁",0,0,0,0,0,in
1917435258322182617,1918148303918907573,Fri May 02 03:39:27 +0000 2025,Ekososbudhamkam,"@kompascom Sedari awal ini hanya Tipu-tipu doang ko.
Buzer aja yg goreng aslinya penuh tipuan. 

Lagian, kereta itu ada diatas rel. mana ada Kereta mengaspal? Kecuali Malaysia sebut mobil ya kereta.",0,0,0,0,0,in
1917435258322182617,1918141221790466097,Fri May 02 03:11:19 +0000 2025,ardy_tpm,@arifbalikpapan1 @kompascom lah kata si @grok tidak ada kerugian finansial gimana ini @grok?,0,0,1,0,0,in
1917435258322182617,1918139794779193816,Fri May 02 03:05:39 +0000 2025,4dewcat,@kompascom bayangin kalau duit nya buat membangun sarana transportasi layak di luar jawa,0,0,0,0,0,in
1917435258322182617,1918134106220839143,Fri May 02 02:43:02 +0000 2025,IndonesiaGulita,@Standingcomitee @aiiisaja @kompascom Dungu kabeh ternakannya,0,0,0,0,0,in
1917435258322182617,1918133904655171752,Fri May 02 02:42:14 +0000 2025,IndonesiaGulita,@kompascom Buang2 duit Rakyat ! Koplok !,0,0,0,0,0,in
1917435258322182617,1918129005976490354,Fri May 02 02:22:46 +0000 2025,IsmailMSH2,@kompascom Bisnis tipu kibul🙄🤔,0,0,0,0,0,in
1917435258322182617,1918125601900343536,Fri May 02 02:09:15 +0000 2025,meshuggas,@kompascom Wow,0,0,0,0,0,und
1917435258322182617,1918125507675340966,Fri May 02 02:08:52 +0000 2025,22januari1996,@kompascom 👏👏👏👏👏karya siapakah itu ?,0,0,0,0,0,in
1917435258322182617,1918124897030816256,Fri May 02 02:06:27 +0000 2025,11rbTriliun,@kompascom Ngibulnya luar biasa !,0,0,0,0,0,in
1917435258322182617,1918123101386358880,Fri May 02 01:59:19 +0000 2025,hadi32844003,@kompascom Namanya juga tipu tipu,0,0,0,0,0,in
1917435258322182617,1918116876401688783,Fri May 02 01:34:34 +0000 2025,justxddt,@kompascom Maharkarya candi besar dari pelawak bernama  jokowi,0,0,0,0,0,in
1917435258322182617,1918116313895190628,Fri May 02 01:32:20 +0000 2025,deatalkaza,@kompascom https://t.co/kVAvfWvQoD,0,0,0,0,0,qme
1917435258322182617,1918113742728118638,Fri May 02 01:22:07 +0000 2025,Buleklist,"@IreneJuni_ @valangdika @kompascom China bisa diandelin secara produk, tapi ini baramg buat di IKN baru konsep mentah ternyata",0,0,0,0,0,in
1917435258322182617,1918109918319788157,Fri May 02 01:06:55 +0000 2025,MaungJawa07,"@kompascom Mangkrak anjir... udh bawa² artis kesana.. tryin to create such positive vibes.. cuma buat nipu rakyat. Sama aja polanya keq Meikarta dulu. Ampun dah, gak tobat² ini pemerintah. Rakyat Indonesia dikadalin mulu..",0,0,0,0,0,in
1917435258322182617,1918107080336261167,Fri May 02 00:55:39 +0000 2025,RajaMandiri70,"@kompascom Cepat atau lambat, satu per satu akan meninggalkan IKN",0,0,0,0,0,in
1917435258322182617,1918097594305425456,Fri May 02 00:17:57 +0000 2025,JohnAlbertJA,@kompascom 🤣🤣🤣,0,0,0,0,0,qme
1917435258322182617,1918094090752950670,Fri May 02 00:04:02 +0000 2025,tepig_pignite,"@kompascom Nunggak cicilan, ditarik leasing? 🤣🤣🤣",1,0,0,0,0,in
1917435258322182617,1918082489484230688,Thu May 01 23:17:56 +0000 2025,Qieves,"@kompascom Masa depan energi bersih untuk transportasi harusnya hidrogen ya bukan listrik. Listrik kesannya tanpa emisi dan ramah lingkungan, padahal pertambangan nikel, pertambangan batubara, dan PLTU itu luar biasa daya hancurnya untuk lingkungan hidup dan kesehatan masyarakat.",0,0,0,0,0,in
1917435258322182617,1918082319535226942,Thu May 01 23:17:15 +0000 2025,wanglydia90,@cosmo_nauts @kompascom Akhirnya muncul jg ternakan Mulyono yg baru netes... https://t.co/1A0CSP5rrW,0,0,0,0,0,in
1917435258322182617,1918079969680605472,Thu May 01 23:07:55 +0000 2025,aladinmovic2000,"@kompascom Sok gegayaan pengin IKN pakai kereta tanpa rel, eh taunya minjam.",0,0,0,0,0,in
1917435258322182617,1918078599258882244,Thu May 01 23:02:28 +0000 2025,Nazaruddin18401,@kompascom Kocak,0,0,0,0,0,tr
1917435258322182617,1918074805653520630,Thu May 01 22:47:24 +0000 2025,wisatakhalifa,@kompascom CC @jokowi,0,0,0,0,0,und
1917435258322182617,1918071279003025744,Thu May 01 22:33:23 +0000 2025,acacicaaa,@susipudjiastuti @kompascom cape ya bu? sama saya juga😭😭😭,0,0,0,0,0,in
1917435258322182617,1918070676545781968,Thu May 01 22:30:59 +0000 2025,MarjukiFoto,"@aiiisaja @kompascom Keren banget ya, kreta jurusan ikn - cina... Tiketnya brapa coba?",0,0,0,0,0,in
1917435258322182617,1918070510862385510,Thu May 01 22:30:20 +0000 2025,saklarslex,"@kompascom Itu pinjam saja biayanya gede banget ya, padahal pesen ke New Armada atau Adiputro juga pasti bisa bikin yg model gitu.",0,0,0,0,0,in
1917435258322182617,1918069897835561266,Thu May 01 22:27:54 +0000 2025,saklarslex,@susipudjiastuti @kompascom Dah hafal kan bu seperti apa mereka? 😁,0,0,0,0,0,in
1917435258322182617,1918066468039930338,Thu May 01 22:14:16 +0000 2025,Men_javanese,@kompascom Tutorial mnghambur2kan duit negara...(pake nada doraemon),1,0,0,0,0,in
1917435258322182617,1918057979477369068,Thu May 01 21:40:32 +0000 2025,hasfirmansyah,@kompascom Pfffff~ 😂,0,0,0,0,0,und
1917435258322182617,1918052364914987144,Thu May 01 21:18:14 +0000 2025,Kalyana_tok,"@kompascom Shooting kejar tayang sdh selesai, saatnya mengembalikan properti 😁",0,0,0,0,0,in
1917435258322182617,1918003060066197977,Thu May 01 18:02:18 +0000 2025,dcirw97,@kompascom @grok kenapa dibalikin dah,0,0,1,0,0,in
1917435258322182617,1918000936544567730,Thu May 01 17:53:52 +0000 2025,Fucksign_,@aiiisaja @kompascom Penyepong jokoun sungguh ndlogog.,0,0,0,0,0,in
1917435258322182617,1918000517462266174,Thu May 01 17:52:12 +0000 2025,dekna201,@kompascom udah ketahuan pake ban yg tersembunyi 😂🤣,0,0,0,0,0,in
1917435258322182617,1917999477195173905,Thu May 01 17:48:04 +0000 2025,NJackson911,@kompascom Esemka versi kereta nih. Pencitraan aja si pinokio aja 😂🤣🤣🤣,0,0,0,0,0,in
1917435258322182617,1917992345594986537,Thu May 01 17:19:44 +0000 2025,itsleonamereo,@kompascom Pinjem bentaran aja buat pamer 🤣,0,0,0,0,0,in
1917435258322182617,1917990621199155507,Thu May 01 17:12:53 +0000 2025,lorenzojia,@kompascom oh ternyata cuma pinjem buat ngibulin rakyat,0,0,0,0,0,in
1917435258322182617,1917984761127288930,Thu May 01 16:49:36 +0000 2025,Rikky49370944,@kompascom Cerita yang hampir mirip dengan traktor,0,0,0,0,0,in
1917435258322182617,1917981067035971920,Thu May 01 16:34:55 +0000 2025,anak_bbs1,@aiiisaja @kompascom standar IKN itu ESEMKA...sdh di akui dunia internasional dan dunia ghoib...hanya mahluk tertentu yg  bisa mengendarai...,0,0,0,0,0,in
1917435258322182617,1917979992375562630,Thu May 01 16:30:39 +0000 2025,Dahriwelah,"@kompascom Berapa duit tuh Nyewa dari luar negeri ?
Bukannya INKA sudah ekspor kereta api? Kenapa harus nyewa dari China? https://t.co/Sguz3fyK6j",0,0,0,0,0,in
1917435258322182617,1917977907798106344,Thu May 01 16:22:22 +0000 2025,akuikko,@kompascom Repot ngga panitianya ?,0,0,0,0,0,tl
1917435258322182617,1917977180795228244,Thu May 01 16:19:28 +0000 2025,GregPudya,@kompascom cokk rental ternyata 😂😂🤣,0,0,0,0,0,in
1917435258322182617,1917976861868753216,Thu May 01 16:18:12 +0000 2025,cwk_mage,"@kompascom Laaahh.. Kan dari awal itu emang dipenjemin buat uji coba. Yang namanya minjem ya harus dibalikin. Gimana sih ege?
Dulu kan gerombolan kalian juga yg teriak² nyinyir karna itu kereta hasil pinjeman. Masa lupa?? https://t.co/GlncXzs5l1",0,0,0,0,0,in
1917435258322182617,1917974828063343097,Thu May 01 16:10:07 +0000 2025,wey339785204,@kompascom Sekalian kembalikan si kodok penipu ke cina,0,0,0,0,0,in
1917435258322182617,1917972496722325558,Thu May 01 16:00:52 +0000 2025,AldoDesatura,@kompascom gw inget traktor janji buat petani,0,0,0,0,0,in
1917435258322182617,1917970720103256259,Thu May 01 15:53:48 +0000 2025,minakinantinai,@arifbalikpapan1 @kompascom Dikemanain duitnye?,1,0,0,0,0,in
1917435258322182617,1917970608065007819,Thu May 01 15:53:21 +0000 2025,khalidz_akbar,@kompascom sepi gitu yg mau naik siapa🤣🤣,0,0,0,0,0,in
1917435258322182617,1917964755198972033,Thu May 01 15:30:06 +0000 2025,CepiHadwi,@kompascom Masa sewa habiskah?,0,0,0,0,0,in
1917435258322182617,1917964181900562503,Thu May 01 15:27:49 +0000 2025,PalIriian,@aiiisaja @kompascom Bang tobat kata gua mah biar mata dan pikiran lo jernih,0,0,0,0,0,in
1917435258322182617,1917962011864076762,Thu May 01 15:19:12 +0000 2025,RolantinoAbdi,@kompascom Proses Syuting nya udah selesai,0,0,0,0,0,in
1917435258322182617,1917961906117288059,Thu May 01 15:18:47 +0000 2025,2024_anies62406,@kompascom 妮妮北路吗安康hi热那亚民， 安康hi热那亚舍特拉黑IKN 图图片,0,0,0,0,0,zh
1917435258322182617,1917958093532811514,Thu May 01 15:03:38 +0000 2025,Proletarx,@kompascom Abis masa sewanya,0,0,0,0,0,in
1917435258322182617,1917957401283870907,Thu May 01 15:00:53 +0000 2025,mulyonoihateyou,@Borjue2001 @kompascom Ini ga pake duid negara? Trs duid siapa? https://t.co/oeqY16s6YN,0,0,0,0,0,in
1917435258322182617,1917956868959539445,Thu May 01 14:58:46 +0000 2025,PutraAndal8235,@kompascom Buzzerp2 ternak mul di persilahkan tanggapannya...,0,0,0,0,0,in
1917435258322182617,1917955253351383505,Thu May 01 14:52:20 +0000 2025,aang_saputra,"@kompascom Kenapa? Karena kita bisa sendiri, mandiri, dan negara maju!
Terbukti dengan kita salah satu negara terbanyak yang kirim ART ke negara-negara maju lainnya seperti Arab, Dubai, Malaysia, termasuk mungkin ke China 👊",0,0,0,0,0,in
1917435258322182617,1917954100966338919,Thu May 01 14:47:46 +0000 2025,FebyEdwin,@kompascom Sama kaya traktor dong,0,0,0,0,0,in
1917435258322182617,1917951755238936840,Thu May 01 14:38:26 +0000 2025,edyibnikawhe,@kompascom https://t.co/CjGiKq9NUm,0,0,0,0,0,qme
1917435258322182617,1917951745046835589,Thu May 01 14:38:24 +0000 2025,miseryjune,"@kompascom Ini gara gara maksain upacara 17an di sana ga sih. Udah selese mah udah. Lu buru2 banget bangun, apbn lu ngos2an.",0,0,0,0,0,in
1917435258322182617,1917951464854655104,Thu May 01 14:37:17 +0000 2025,irfandyKah37768,@kompascom 🤭,0,0,0,0,0,qme
1917435258322182617,1917939287859056826,Thu May 01 13:48:54 +0000 2025,SetiajayaAsep,@kompascom lah cuman disewa doang?,0,0,0,0,0,in
1917435258322182617,1917937761346375738,Thu May 01 13:42:50 +0000 2025,pe_em9192,"@kompascom Pasar malamnya dah tutup, saatnya odong2 dikembalikan ke yang punya..",0,0,0,0,0,in
1917435258322182617,1917928459281785168,Thu May 01 13:05:52 +0000 2025,eenuuu,@shintaeffendi @kompascom Terima kasih informasinya. Bahaya nie kalo penganut mahzab timeline ndak baca info lain,1,0,0,0,0,in
1917435258322182617,1917925476183740714,Thu May 01 12:54:01 +0000 2025,diki_baik,@kompascom Yng kemarin ikut promosiin angkut aja sekalian,0,0,0,0,0,in
1917435258322182617,1917923042912878943,Thu May 01 12:44:21 +0000 2025,breng_JeK,@nanubmatleahcim @TrSutrisna @kompascom Ternak memang tdk dilengkapi otak yg mumpuni ya.. 🤣,1,0,0,0,0,in
1917435258322182617,1917917917079015493,Thu May 01 12:23:59 +0000 2025,modaljoget2,@kompascom Udahan ya wi main kereta keretaannya ya🤣,0,0,0,0,0,in
1917435258322182617,1917916298941718708,Thu May 01 12:17:33 +0000 2025,xorin4be,@kompascom Lagi dan lagi... https://t.co/E7pknIBg0d,0,0,0,0,0,in
1917435258322182617,1917906261712269571,Thu May 01 11:37:40 +0000 2025,proyeklancar,@kompascom Candi Hambalang jilid 2 (?),0,0,0,0,0,in
1917435258322182617,1917905860388684017,Thu May 01 11:36:04 +0000 2025,king_b10ends,@kompascom 🤣🤣🤣👏👏👏,0,0,0,0,0,qme
1917435258322182617,1917903109675978822,Thu May 01 11:25:08 +0000 2025,pejuang_riau,@kompascom Apa cuma di sewa??,0,0,0,0,0,in
1917435258322182617,1917901553517916473,Thu May 01 11:18:57 +0000 2025,DeWa1166,@kompascom TIFU TIFU ala jokowi.,0,0,0,0,0,in
1917435258322182617,1917897275478851971,Thu May 01 11:01:57 +0000 2025,AdlawiSamsudin,"@kompascom Walah, dulu didatangkan dipakai transportasi hijau IKN atau utk gaya-gayaan?",0,0,0,0,0,in
1917435258322182617,1917891810640408806,Thu May 01 10:40:15 +0000 2025,sate_embek,"@kompascom Eaaaa..... Eaaaaa....... Eaaaaaa....
Yg punya ide pulang ke solo, keretanya pulang juga deh ke cina",0,0,0,0,0,in
1917435258322182617,1917882528511541569,Thu May 01 10:03:21 +0000 2025,debelamourr,@susipudjiastuti @kompascom SAME BU SAME,0,0,0,0,0,en
1917435258322182617,1917881117035892837,Thu May 01 09:57:45 +0000 2025,_bolugulung_,@kompascom jadi statusnya apa selama ini?,0,0,0,0,0,in
1917435258322182617,1917879007460352305,Thu May 01 09:49:22 +0000 2025,AutoSwandy53505,"@kompascom Oh cuma pinjam ya ,bagus lah di pulangin dari pada buat sarang tikus",0,0,0,0,0,in
1917435258322182617,1917878780988997883,Thu May 01 09:48:28 +0000 2025,ifanadiriyanto,@rollagain @kompascom Angel dijelaskee,0,0,0,0,0,in
1917435258322182617,1917877085399634210,Thu May 01 09:41:44 +0000 2025,UpiRaharjo,@kompascom Alhamdulillah  ...  Semoga berkah,0,0,0,0,0,in
1917435258322182617,1917874873403429054,Thu May 01 09:32:56 +0000 2025,Carnationisme,"@kompascom Magang aja kah dia disitu, belum aku naikin pulaa iiii dh balik dong🥲",0,0,0,0,0,in
1917435258322182617,1917872217997951074,Thu May 01 09:22:23 +0000 2025,hloosr,@kompascom terusno ae cok koyo ngene,0,0,0,0,0,in
1917435258322182617,1917869289333461077,Thu May 01 09:10:45 +0000 2025,BeitarAlQuds,"@kompascom Ga maen bro di ikn teknologi kuno kek gitu, bentar lagi kereta terbang, bravo brabo alpha jaya di udara",0,0,0,0,0,in
1917435258322182617,1917865986797306002,Thu May 01 08:57:38 +0000 2025,cherboro,"@kompascom Sayang banget duitnya, belum lagi pasti kena mark up dananya.",0,0,0,0,0,in
1917435258322182617,1917865386105770002,Thu May 01 08:55:14 +0000 2025,cherboro,"@kompascom Sayang banget duitnya, belum lagi pasti di mark up dananya.",0,0,0,0,0,in
1917435258322182617,1917863193705414874,Thu May 01 08:46:32 +0000 2025,Mercyboyz,@aiiisaja @kompascom Bisa aje serbet warteg,0,0,0,0,0,in
1917435258322182617,1917860738783474095,Thu May 01 08:36:46 +0000 2025,ThisIsLons,@kompascom Capek gw ngeliat berita2 yg tdk enak Mulu dr awal tahun tentang pemerintahan Konoha ini 🗿,0,0,0,0,0,in
1917435258322182617,1917858138155610440,Thu May 01 08:26:26 +0000 2025,SahalaO82038,"@aiiisaja @kompascom Iya, harusnya kereta terbang..
masa ikn dpt kereta beroda..
mana maenn",0,0,0,0,0,in
1917435258322182617,1917857994899062832,Thu May 01 08:25:52 +0000 2025,AntarticaSnowWW,"@aiiisaja @kompascom Standar ikn itu kuyang terbang , kereta tanpa rel mah ga masuk itungan 😏",0,0,0,0,0,in
1917435258322182617,1917855186158248204,Thu May 01 08:14:43 +0000 2025,applemoncake,@bakarisme98 @kompascom Ya bener. Didaerah2 fans dan ternak fanatik Mulyono sangat bnyk.,0,0,0,0,0,in
1917435258322182617,1917850431491039332,Thu May 01 07:55:49 +0000 2025,davidsoorabaya,@kdhkitchen @kompascom haters mana paham ya kan wkwkww,0,0,1,0,0,in
1917435258322182617,1917849475244253431,Thu May 01 07:52:01 +0000 2025,ciperamanuk,@kompascom wkwkwkwk,0,0,0,0,0,in
1917435258322182617,1917848676187398251,Thu May 01 07:48:50 +0000 2025,paser_pante,@kompascom Masa sewa untuk nipu rakyat udah selesai jadi dikembalikan. Proyek yg dipaksakan oleh seorang tukang tipu berakhir ambiradul,0,0,0,0,0,in
1917435258322182617,1917847971900842452,Thu May 01 07:46:03 +0000 2025,AntariSusi6546,@kompascom 🤣🤣,0,0,0,0,0,qme
1917435258322182617,1917847530668449963,Thu May 01 07:44:17 +0000 2025,RayanoRino,@susipudjiastuti @kompascom Gila uang sebanyak itu dipakai proyek bancakan yg sia2....coba kalo dipakai naik gaji dan kesejahtraan rakyat pasti terasa hingga bawah....sungguh dzolim the cunkrink ini....,0,0,0,0,0,in
1917435258322182617,1917846600959025663,Thu May 01 07:40:36 +0000 2025,Maulana72710666,"@kompascom Terlalu canggih istilahnya
Padahal bus",0,0,0,0,0,in
1917435258322182617,1917844280762327422,Thu May 01 07:31:23 +0000 2025,dediSuryaw11850,@kompascom Beginilah klo sesuatu yg keluar dari si raja bohong.,0,0,0,0,0,in
1917435258322182617,1917844114827272627,Thu May 01 07:30:43 +0000 2025,Ginakyo2,"@bataratandipau @kompascom Mending Lo tanya ke Zulkifili Hasan , RK ...mereka yg koar2 nyebut itu  kereta tanpa rel  😅😂",0,0,0,0,0,in
1917435258322182617,1917843724211740922,Thu May 01 07:29:10 +0000 2025,azwar17071994,"@kompascom Dah selesai masa sewa nya, atau bisa saja di Tarek leasing gg bisa nyicil bulanan https://t.co/UyaiZ4RitY",0,0,0,0,0,in
1917435258322182617,1917843143355163134,Thu May 01 07:26:51 +0000 2025,Ginakyo2,@kdhkitchen @kompascom Iyaaa itu alibi nya ..karena malu dgn kesombongan nya dulu ....yg koar2 ttg kereta api beroda ini 😂😂,1,0,0,0,0,in
1917435258322182617,1917841870153212367,Thu May 01 07:21:48 +0000 2025,Dz_adit,@kompascom https://t.co/gvGA2oDNBW,0,0,0,0,0,qme
1917435258322182617,1917841592402207044,Thu May 01 07:20:42 +0000 2025,Ginakyo2,@kompascom Ternak Mulyono kmn .....ko ga da yg mau cebokin neh ketolollan junjungan nya 😅. Ini lah hasil kang NGIBUL .....pencitraan Mulyono  berhasil berarti ...dan rakyat nya yg dungu msh byk kan utk di bodohi dia,3,0,0,0,0,in
1917435258322182617,1917840479582052612,Thu May 01 07:16:16 +0000 2025,oreovanillah,"@flowers0327_ @kompascom 70M termasuk pajak kamu, kamu, kamu, dan kamu. 😍

https://t.co/dzT2gizkuA",0,0,0,0,0,in
1917435258322182617,1917837779381497897,Thu May 01 07:05:32 +0000 2025,xnopzx,@pbima8345 @kompascom @KPK_RI @KejaksaanRI dipinjemin,0,0,1,0,0,in
1917435258322182617,1917836782961582162,Thu May 01 07:01:35 +0000 2025,BuanaEksa,@kompascom Loh kok di kembalikan gimana ceritanya ini @grok,0,0,1,0,0,in
1917435258322182617,1917832177628360887,Thu May 01 06:43:17 +0000 2025,jelajahinet,@susipudjiastuti @kompascom Bu?,0,0,0,0,0,und
1917435258322182617,1917830056174575877,Thu May 01 06:34:51 +0000 2025,notyerbznz,@kompascom Lah pinjem?,0,0,0,0,0,in
1917435258322182617,1917828091545805095,Thu May 01 06:27:03 +0000 2025,siapmaju,@kompascom Menyusul selanjutnya itu TKA yg bukan tenaga ahli.,0,0,0,0,0,in
1917435258322182617,1917827565760438372,Thu May 01 06:24:57 +0000 2025,agungpr01762961,@kompascom Mulyono lu percaya.. makan dah,0,0,0,0,0,in
1917435258322182617,1917823627548057683,Thu May 01 06:09:18 +0000 2025,MurdowoH020257,@bagusrangin77 @kompascom Pinjam tapi biayanya besar. https://t.co/ivMUTAEGI5,0,0,0,0,0,in
1917435258322182617,1917822726947090474,Thu May 01 06:05:44 +0000 2025,Ekaaaa_chu4,@susipudjiastuti @kompascom Bu susi pasti capek banget liatnya,0,0,0,0,0,in
1917435258322182617,1917820240207175974,Thu May 01 05:55:51 +0000 2025,masriadli,@kompascom Balik kucing 🤣🤸,0,0,0,0,0,in
1917435258322182617,1917820074481836047,Thu May 01 05:55:11 +0000 2025,EDiartra,@kompascom lah pulang,0,0,0,0,0,in
1917435258322182617,1917817530720346551,Thu May 01 05:45:05 +0000 2025,pratman66,@kompascom Itu tidak masuk kategori kereta tetapi bus gandeng😁,3,0,0,0,0,in
1917435258322182617,1917816294562488387,Thu May 01 05:40:10 +0000 2025,budyhuda,@kompascom Cuman sebagai pameran,0,0,0,0,0,in
1917435258322182617,1917815326932361238,Thu May 01 05:36:19 +0000 2025,IndraDaru15353,@kompascom Udeh dibilangin.... https://t.co/YDYgRyjjCG,0,0,1,0,0,in
1917435258322182617,1917814839684259911,Thu May 01 05:34:23 +0000 2025,nanubmatleahcim,"@TrSutrisna @kompascom beraninya sm jokowi doang, coba dong bikin begini sm sby yg punya kasus hambalang dll. gabakalan berani kan lu, pengecut semua hater jokowi.",0,0,1,0,0,in
1917435258322182617,1917814734474338620,Thu May 01 05:33:58 +0000 2025,abangabanggojek,"@arissuhada87 @valangdika @kompascom jauh sebelom era TJ juga ada yg low deck, pernah naik dari slipi sama alm nyokap waktu mau ke TMII",0,0,0,0,0,in
1917435258322182617,1917813236323483760,Thu May 01 05:28:01 +0000 2025,pbima8345,"@kompascom Apakah @KPK_RI @KejaksaanRI tdk bergerak mengusut nya?ini kok bisa ke Indonesia statusnya apa minjam,beli atau sewa itu klo uang negara yg kluar bearti harus ada pertanggungjawaban nya enak aja berlalu begitu sj ya?",11,0,1,0,0,in
1917435258322182617,1917810206089830683,Thu May 01 05:15:58 +0000 2025,bangopang__,@kompascom Wkwkkw gapunya duit sok sok an banyak gaya,0,0,0,0,0,in
1917435258322182617,1917808683771375909,Thu May 01 05:09:56 +0000 2025,sun31__,@kompascom Ikn mah kelasnya udah kereta melayang bukan pake roda lagi,0,0,0,0,0,in
1917435258322182617,1917807891664495043,Thu May 01 05:06:47 +0000 2025,pvndvmlvks,"@kompascom HAHAHAHAHAHAHAHA
INI BIS ANJ, KNP KERETA",0,0,0,0,0,in
1917435258322182617,1917806619347542508,Thu May 01 05:01:43 +0000 2025,MamiY62,"@kompascom Trus skr duitnya gmn kmn dipake apa....

Rakyat tdk tau apa2",0,0,0,0,0,in
1917435258322182617,1917805213966295420,Thu May 01 04:56:08 +0000 2025,kdhkitchen,"@kompascom Kalo dibaca dengan seksama, pemerintah Indonesia meminta upgrade kendaraan ini, dan mengharapkan akan lebih baik lagi untuk di datangkan kembali ke IKN",2,0,2,0,0,in
1917435258322182617,1917805146765156714,Thu May 01 04:55:52 +0000 2025,bataratandipau,@kompascom Ini yg ngasih judul ikutan kampungan sudah jelas itu bis gandeng jalan pakai ban yg ditutupi bodi mobil masih bilang kereta tanpa rel ..KAMPUNGAN,0,0,1,0,0,in
1917435258322182617,1917804433637007669,Thu May 01 04:53:02 +0000 2025,al_zaeri,@aiiisaja @kompascom Halah padahal ga mampu IKN,0,0,0,0,0,in
1917435258322182617,1917804371129294972,Thu May 01 04:52:47 +0000 2025,al_zaeri,"@kompascom Pesta udah usai. Dibalikin karena ga sanggup biaya operasional, apalagi upgrade. Sayang. Padahal lumayan buat kebanggaan buzzer Mulyono",0,0,0,0,0,in
1917435258322182617,1917804168733155611,Thu May 01 04:51:59 +0000 2025,apaytalemponk,@kompascom Bis gandeng mah di hakarta jg ada. Sok2 iye bilang kereta. Kagak kira2 ngibulnya si anjing,0,0,0,0,0,in
1917435258322182617,1917803898712252503,Thu May 01 04:50:55 +0000 2025,anrealitychaser,"@kompascom Disewa pake duit rakyat, duitnya gabalik keretanya yg balik WKWKKW",0,0,0,0,0,in
1917435258322182617,1917803850796524029,Thu May 01 04:50:43 +0000 2025,Ulufannuri1,@kompascom Entitas pendukung IKN yg dulu teriak teriak mana suaranya 🤣,0,0,0,0,0,in
1917435258322182617,1917803188184576211,Thu May 01 04:48:05 +0000 2025,IyaEmyuNapaEmg,@kompascom kan emg cuma buat pencitraan doang,0,0,0,0,0,in
1917435258322182617,1917803090893496671,Thu May 01 04:47:42 +0000 2025,IyaEmyuNapaEmg,@kompascom @jokowi gimana bosss wkwkwkw,0,0,0,0,0,in
1917435258322182617,1917801665979375983,Thu May 01 04:42:02 +0000 2025,cosmo_nauts,"@kompascom Harusnya kereta tsb hanya mngaspal 6 bln utk uji tes kelayakn &amp; uji teknis apakah sesuai dg IKN atau tdk kereta yg di tawarkan oleh qingdao tsb.
&amp; Hasilya masih kurang dari keinginan OIKN masih perlu upgrade.
So dibalikin sesuai ksepakatnnya.",0,0,2,0,0,in
1917435258322182617,1917800942562599197,Thu May 01 04:39:10 +0000 2025,danil_ala,@kompascom Laaahhhh.. di returr?,0,0,0,0,0,in
1917435258322182617,1917799954648871099,Thu May 01 04:35:14 +0000 2025,pvunce,@kompascom @tekarok007 @Endy_prayudi APBN lagi kan?,0,0,0,0,0,in
1917435258322182617,1917797540956889107,Thu May 01 04:25:39 +0000 2025,Ikademan_Yong,@kompascom Bahasa di Kembalikan itu artinya pinjam.  Klo pengadaan biaya sampai 70M dan dikembalikan artinya sewa.,1,0,0,0,0,in
1917435258322182617,1917796645561065722,Thu May 01 04:22:05 +0000 2025,kupihitampahit,@kompascom Buzzer lucknut pendukung kmren pada mati..,0,0,0,0,0,in
1917435258322182617,1917794620530122886,Thu May 01 04:14:03 +0000 2025,bitq,"@kompascom sirkusnya @jokowi sudah selesai,",0,0,0,0,0,in
1917435258322182617,1917794477911204159,Thu May 01 04:13:29 +0000 2025,pratama87188193,@kompascom wkwkwk ART alias bis gandeng,0,0,0,0,0,in
1917435258322182617,1917791854973837591,Thu May 01 04:03:03 +0000 2025,mblegedes21,@kompascom https://t.co/R4oqUTSJjJ,0,0,0,0,0,qme
1917435258322182617,1917789079053427175,Thu May 01 03:52:01 +0000 2025,yogapermana45,"@kompascom Lagian kan gak ada penghuninya di ikn, daripada berkarat mending balikin,",0,0,0,0,0,in
1917435258322182617,1917786380333375668,Thu May 01 03:41:18 +0000 2025,REunuch74099,@aiiisaja @kompascom Emang nyewa buat gaya doang itu.,1,0,0,0,0,in
1917435258322182617,1917784839518093472,Thu May 01 03:35:11 +0000 2025,bhaktiutama,@kompascom Stupid,0,0,0,0,0,en
1917435258322182617,1917784589768220867,Thu May 01 03:34:11 +0000 2025,bamz_iam,@kompascom Hanya org bodoh yg mau dbohongi antek2 tikus....,0,0,0,0,0,in
1917435258322182617,1917784389788000675,Thu May 01 03:33:23 +0000 2025,BaruNetas4,@kompascom Pameran selesai.,0,0,0,0,0,in
1917435258322182617,1917782118396223538,Thu May 01 03:24:22 +0000 2025,kebohejoreborn,@galsprata @kompascom fakk 🫵🤣,0,0,0,0,0,no
1917435258322182617,1917779083955691699,Thu May 01 03:12:18 +0000 2025,beembooss,"@kompascom Urusan foto2 sambil hambur uang negara, dia emang jagonya. https://t.co/WVFPzypejo",0,0,0,0,0,in
1917435258322182617,1917777734786506927,Thu May 01 03:06:57 +0000 2025,rollagain,"@ifanadiriyanto @kompascom kui jare kreto,kok tanpa rel,malah rasido ngaspal barang meneh.asline opo kui njul",0,0,1,0,0,in
1917435258322182617,1917776333666672962,Thu May 01 03:01:23 +0000 2025,hehendasmu,@susipudjiastuti @kompascom https://t.co/fDygVQGUx9,0,0,0,0,0,qme
1917435258322182617,1917775784242208986,Thu May 01 02:59:12 +0000 2025,arifbalikpapan1,@kompascom 70 Milyar cuma dipakai dia foto-foto? https://t.co/zHIiK6A1fJ,120,16,2,0,0,in
1917435258322182617,1917773986810978623,Thu May 01 02:52:03 +0000 2025,SutisnaMuh59331,"@kompascom IKN Mangkrak, harusnya Jokowi  dipenjara.",0,0,0,0,0,in
1917435258322182617,1917773761354551719,Thu May 01 02:51:09 +0000 2025,Ayyasy2311,@kompascom Truk dibilang kereta,1,0,0,0,0,in
1917435258322182617,1917770744467194010,Thu May 01 02:39:10 +0000 2025,AbdinipunGusti,@kompascom Kereta tanpa rel 🤣🤣🤣,0,0,0,0,0,ht
1917435258322182617,1917770626519163168,Thu May 01 02:38:42 +0000 2025,kafefx,"@kompascom Kalo ""mengaspal"" berarti pake ban ya. Kalo pake ban berarti gak pake rel ya?",0,0,0,0,0,in
1917435258322182617,1917770542444339370,Thu May 01 02:38:22 +0000 2025,AlphaE71,@kompascom https://t.co/kfNo2PEK7A,2,0,0,0,0,qme
1917435258322182617,1917770192408699372,Thu May 01 02:36:58 +0000 2025,ampasskopimu,@kompascom Wkwkwkwk,0,0,0,0,0,in
1917435258322182617,1917763126927450557,Thu May 01 02:08:54 +0000 2025,nymbgt,@kompascom Sudah tapi belum..,0,0,0,0,0,in
1917435258322182617,1917762006914064547,Thu May 01 02:04:27 +0000 2025,cintasejatiyou,"@susipudjiastuti @kompascom Sedih ya Bu Susi, sebagai mantan Menteri Mulyono... Proyek IKN bener bener menghamburkan APBN ampunn Rakyat semakin susah",13,0,0,0,0,in
1917435258322182617,1917761865029148892,Thu May 01 02:03:53 +0000 2025,bebecukol,@kompascom https://t.co/hN76VMyxxQ,0,0,0,0,0,qme
1917435258322182617,1917761294373113871,Thu May 01 02:01:37 +0000 2025,cintasejatiyou,@kompascom Hahahaha suruh Mulyono yg bayar biaya biaya nya,0,0,0,0,0,in
1917435258322182617,1917761231081070776,Thu May 01 02:01:22 +0000 2025,KhchZein22,@susipudjiastuti @kompascom Buk? 😭,0,0,0,0,0,und
1917435258322182617,1917760372297335072,Thu May 01 01:57:57 +0000 2025,BrulTokugawa,@kompascom Rezim kosmetik,0,0,0,0,0,tr
1917435258322182617,1917757429712052578,Thu May 01 01:46:16 +0000 2025,ifanadiriyanto,@kompascom Rugi ongkir,0,0,1,0,0,in
1917435258322182617,1917753748128149689,Thu May 01 01:31:38 +0000 2025,henra_tanjung,"@kompascom Di desaku ada kereta gandeng dengan nama ""odong²"" sama spt ""kereta tanpa Rel"" dari mulai anak² sampe emak² senang sekali buat jalan² keliling desa. Mereka bisa di berdayakan di IKN dengan berbagai corak variasi keretanya, dan bisa meramaikan destinasi wisata IKN",17,0,1,0,0,in
1917435258322182617,1917753059171786900,Thu May 01 01:28:54 +0000 2025,bagusrangin77,"@kompascom TERNYATA HANYA DIPINJAM untuk dipamerkan saja....
Bilangnya sudah dijadikan mass transport di IKN kemana-mana.
BERANI JUJUR dan BERHENTI BERBOHONG

Ayo bangun negeri ini bukan merongrong dengan KEBOHONGAN",0,0,1,0,0,in
1917435258322182617,1917750659316867088,Thu May 01 01:19:21 +0000 2025,Rvldhoo,@valangdika @kompascom Inovasi tanpa penelitian lebih kaya asal ceplos atau asal ngide si kak,0,0,0,0,0,in
1917435258322182617,1917749129691947038,Thu May 01 01:13:17 +0000 2025,sepeachless,@kompascom wkwkwk kocak,0,0,0,0,0,in
1917435258322182617,1917746644520690158,Thu May 01 01:03:24 +0000 2025,Yanwib74,"@kompascom Untung bs dibalikin, kl gak bs emangnya yg mau naik orang utan????? 🤔😢😢😢😢",0,0,0,0,0,in
1917435258322182617,1917743500784984573,Thu May 01 00:50:55 +0000 2025,yuda_tamtama,"@kompascom WKWKWK event e wes rampung, bali omahe dw dw",0,0,0,0,0,in
1917435258322182617,1917741398826312175,Thu May 01 00:42:34 +0000 2025,Sulhan04,@kompascom https://t.co/xocoPtQLE5,0,0,0,0,0,qme
1917435258322182617,1917738929438220295,Thu May 01 00:32:45 +0000 2025,ibaadee,@kompascom Bus gandeng kali maksudnya,0,0,0,0,0,in
1917435258322182617,1917737923572806093,Thu May 01 00:28:45 +0000 2025,Alfa_Bimas,@kompascom Nunggu rakyat2 tolol yg dl mengelu2kan kereta ini muncul. Mana lu semua kaum 58 nyet. Muncul lu sini!!!,0,0,0,0,0,in
1917435258322182617,1917735195899486274,Thu May 01 00:17:55 +0000 2025,natadecochol,@kompascom bjir cuma pinjem doang,0,0,0,0,0,in
1917435258322182617,1917732274247983250,Thu May 01 00:06:18 +0000 2025,EkoApan,@TerongU72356816 @asfan_warah @kompascom PYerapan nggaran🤣,1,0,0,0,0,tl
1917435258322182617,1917729883360485702,Wed Apr 30 23:56:48 +0000 2025,cahy4nto,@kompascom Wkwkwkwkwk kasian amat negeri ini jadi bulan2an para tokek..,0,0,0,0,0,in
1917435258322182617,1917728161036656768,Wed Apr 30 23:49:57 +0000 2025,FitriRetnani,@kompascom 🤣🤣🤣...,0,0,0,0,0,und
1917435258322182617,1917727897600811084,Wed Apr 30 23:48:55 +0000 2025,Alhamdulillahm7,"@kompascom Gak ada beda dengan odong-odong kenapa harus sampek nyewa dari China dahlah mau dibawah pulang, mau dicemplungin ke sungai Mahakam bodoamat",0,0,0,0,0,in
1917435258322182617,1917727114075464054,Wed Apr 30 23:45:48 +0000 2025,Christ_Aysay,@kompascom Kena dikibulin mulyono kan se-nusantara,1,0,0,0,0,in
1917435258322182617,1917724441670476112,Wed Apr 30 23:35:11 +0000 2025,Wawanda,"@kompascom Mengapa ngga dikirim ke Solo saja? ""Rajanya"" ada di sana sekarang?",0,0,0,0,0,in
1917435258322182617,1917724290071552360,Wed Apr 30 23:34:35 +0000 2025,yarukinohearth,@kompascom Oh kontrak jadi sales bus gandeng gendeng sudah selesai?,0,0,0,0,0,in
1917435258322182617,1917722341754429626,Wed Apr 30 23:26:50 +0000 2025,Sudrajat_85,@kompascom Kaum Muldongo OCCRP.. Monggo tanggapan nya ??.. 🤣💨 https://t.co/0yQbwBHmnz,1,0,0,0,0,tl
1917435258322182617,1917722138980802639,Wed Apr 30 23:26:02 +0000 2025,joohahae,@kompascom Kontraknya udah abis. Saatnya pulang kampung,0,0,0,0,0,in
1917435258322182617,1917722078083703047,Wed Apr 30 23:25:47 +0000 2025,DevanPapa,@aiiisaja @kompascom Standar nya kereta terbang.,0,0,0,0,0,in
1917435258322182617,1917717032717672896,Wed Apr 30 23:05:44 +0000 2025,j__honaa,@kompascom Maluuuu maluuu. Dikira gampang bikin kota maju dalam 5 tahun?,0,0,0,0,0,in
1917435258322182617,1917711342452236403,Wed Apr 30 22:43:08 +0000 2025,Kasayanto_,@simpatisanPKS @kompascom Gone with the wind ...,0,0,0,0,0,en
1917435258322182617,1917709578244088163,Wed Apr 30 22:36:07 +0000 2025,rahadian_ks,@kompascom Buang  buang duit saja... 👎👎👎,1,0,0,0,0,in
1917435258322182617,1917709515207893266,Wed Apr 30 22:35:52 +0000 2025,priastonoeko,@kompascom Buang2 uang mobilisasi aja.. Ini bukti proyek tanpa pikir panjang.. Sekelas pemerintahan negara bisa blunder kayak gini..,1,0,0,0,0,in
1917435258322182617,1917709259976106408,Wed Apr 30 22:34:51 +0000 2025,simpatisanPKS,@kompascom Taksi terbang gimana kabarnya?,0,0,1,0,0,in
1917435258322182617,1917705637565456598,Wed Apr 30 22:20:27 +0000 2025,IwanPurwoko3,"@kompascom Tinggal bilang bus gandeng, ga usah pake istilah kereta tanpa rel,wong jelas2 msh pake ban biasa yg tertutup bodi !!!",0,0,0,0,0,in
1917435258322182617,1917701430120702224,Wed Apr 30 22:03:44 +0000 2025,bakanosan1,"@kompascom Udah keretanya tanpa rel, penumpangnya goib pula... Eh",1,0,0,0,0,in
1917435258322182617,1917701138767569078,Wed Apr 30 22:02:35 +0000 2025,reDWine7078,@kompascom Kontol,0,0,0,0,0,in
1917435258322182617,1917696262834708697,Wed Apr 30 21:43:12 +0000 2025,SubyantoroM,@kompascom Ngeprank,0,0,0,0,0,in
1917435258322182617,1917694862901797055,Wed Apr 30 21:37:39 +0000 2025,demonicdancer_9,@kompascom IKN = Ibukota Korupsi Nusantara 🫶🏻,0,0,0,0,0,in
1917435258322182617,1917692617745379827,Wed Apr 30 21:28:43 +0000 2025,AndikaNgojek,@kompascom Jirr...dibegoin mulu BGST!,0,0,0,0,0,in
1917435258322182617,1917688627833741766,Wed Apr 30 21:12:52 +0000 2025,ManduMiu27,@kompascom Ha ha.. Sudah diduga dari awal.. Semua hanya gimmick 🤣🤣 https://t.co/RIURscfkqo,0,0,0,0,0,in
1917435258322182617,1917688126430142734,Wed Apr 30 21:10:52 +0000 2025,Selenovhiele,@kompascom Lah,0,0,0,0,0,und
1917435258322182617,1917679555793543357,Wed Apr 30 20:36:49 +0000 2025,saidbasalim,@kompascom @grok Apa berita ini benar? Apa alasan pemulangannya?,0,0,0,0,0,in
1917435258322182617,1917674231590183002,Wed Apr 30 20:15:40 +0000 2025,dan_kenapa,"@aiiisaja @kompascom Standard tinggi tapi kayak gini masih kecolongan..
https://t.co/4yDjdaPI3b",0,0,0,0,0,in
1917435258322182617,1917673317835891109,Wed Apr 30 20:12:02 +0000 2025,Ahmad65221854,"@kompascom Berapa ya habisnya cuma ngibulin rakyat..
Dasar ambisi loe Mul...!",0,0,0,0,0,in
1917435258322182617,1917671620132626629,Wed Apr 30 20:05:17 +0000 2025,JohnKikuk,"@kompascom Selain #JokowiPenipuIjazah 
Mulyono juga sukses bangun IKN dan mobil Asemka
#gantungkoruptoroccrp https://t.co/cGPrySrOKu",0,0,0,0,0,in
1917435258322182617,1917671275973206369,Wed Apr 30 20:03:55 +0000 2025,RezAzer10,@kompascom Lho lho kirain balik ke solo,0,0,0,0,0,in
1917435258322182617,1917669171976102078,Wed Apr 30 19:55:33 +0000 2025,HaiiJippo,"@kompascom Sudah Tapi Belum 
Sudah Tapi Belum 
Sudah Tapi Belum 
🤣🤣🤣🤣🤣🤣🤣",0,0,0,0,0,in
1917435258322182617,1917668833143447869,Wed Apr 30 19:54:13 +0000 2025,Ozfreaks_,"@kompascom Kereta tanpa Rel,katanya,,,pas dibuka eh ada Ban nya wkwkwkwkw

DONTOL!!!",0,0,0,0,0,in
1917435258322182617,1917664009144393784,Wed Apr 30 19:35:02 +0000 2025,Kwakkiku,@kompascom i kkk kwkwkkw orgil,0,0,0,0,0,in
1917435258322182617,1917662186664780021,Wed Apr 30 19:27:48 +0000 2025,yazixchi,"@kompascom Hidup @jokowi 
Awokwokwokwok",0,0,0,0,0,in
1917435258322182617,1917648278906364394,Wed Apr 30 18:32:32 +0000 2025,uuthhhhi,@kompascom konsep loan pemain ya ini?,0,0,0,0,0,in
1917435258322182617,1917645598762885143,Wed Apr 30 18:21:53 +0000 2025,takadaotake2,@kompascom kenapa dibalikin @grok,1,0,1,0,0,in
1917435258322182617,1917645492345004376,Wed Apr 30 18:21:28 +0000 2025,Panca126,@kompascom Pekerjaan BODOH. 🤣🤣🤣,0,0,0,0,0,in
1917435258322182617,1917641016980693191,Wed Apr 30 18:03:41 +0000 2025,ilunginati,@kompascom Se Indonesia raya diprank orang jawa wkwkwkw,0,0,0,0,0,in
1917435258322182617,1917640814748131459,Wed Apr 30 18:02:52 +0000 2025,AkmalIbadah,"@susipudjiastuti @kompascom Sekelas mantan mentri aja heran gini, apalagi rakyat biasa",0,0,0,0,0,in
1917435258322182617,1917636316772327430,Wed Apr 30 17:45:00 +0000 2025,PuyuhBalado,@kompascom Sewanya gak diperpanjang soalnya,0,0,0,0,0,in
1917435258322182617,1917635503781994522,Wed Apr 30 17:41:46 +0000 2025,DudungSuli5307,@kompascom Gini amat PEJABAT ku yg HEDON,0,0,0,0,0,in
1917435258322182617,1917634976025305476,Wed Apr 30 17:39:40 +0000 2025,fauzanstriaa,@kompascom Jatohnya terlalu maksa,0,0,0,0,0,in
1917435258322182617,1917631760386646090,Wed Apr 30 17:26:54 +0000 2025,adelyamaris,@kompascom 😮‍💨 https://t.co/XlLP5KnLxM,0,0,0,0,0,qme
1917435258322182617,1917631055223480498,Wed Apr 30 17:24:06 +0000 2025,adelyamaris,@susipudjiastuti @kompascom Teu baleg nya Bu... loba teuing ngawadul si etamah...😁🙏,2,0,0,0,0,in
1917435258322182617,1917630715774263384,Wed Apr 30 17:22:45 +0000 2025,keponakannnn,@kompascom @grok kenapa kereta ini dikembalikan ke Cina?,1,0,0,0,0,in
1917435258322182617,1917630704672018736,Wed Apr 30 17:22:42 +0000 2025,SayapJuang,@kompascom 😅,0,0,0,0,0,qme
1917435258322182617,1917627614967259508,Wed Apr 30 17:10:25 +0000 2025,asupriady47,@kompascom Kok dikembalikan ada apa.apa betul ikn mangkrak😇😇😇,0,0,0,0,0,in
1917435258322182617,1917623978807681375,Wed Apr 30 16:55:58 +0000 2025,keluhangw2,"@kompascom Sekali tukang tipu, selalu tipu. 
https://t.co/3UzAjdwW1T",3,0,0,0,0,in
1917435258322182617,1917618322805514310,Wed Apr 30 16:33:30 +0000 2025,5JWhades,"@kompascom Wi wi, pie to wi",0,0,0,0,0,pl
1917435258322182617,1917617513208373643,Wed Apr 30 16:30:17 +0000 2025,flankerranger,@zahrul_46 @kompascom lah baru proof of concept ta?,0,0,0,0,0,in
1917435258322182617,1917617072517046276,Wed Apr 30 16:28:32 +0000 2025,Nanang_Ach,@kompascom IKN LAUTAN UANG YG SIA2,0,0,0,0,0,in
1917435258322182617,1917617060512764222,Wed Apr 30 16:28:29 +0000 2025,cunishan,"@kompascom Buang aja kelaut utk dijadikan
rumpon itu lebih bermanfaat.",0,0,0,0,0,in
1917435258322182617,1917615406975705490,Wed Apr 30 16:21:55 +0000 2025,taufan_md,@kompascom Kok balik?,0,0,0,0,0,in
1917435258322182617,1917614531091853665,Wed Apr 30 16:18:26 +0000 2025,magetget,@kompascom 🫣🤣,0,0,0,0,0,qme
1917435258322182617,1917611761576161592,Wed Apr 30 16:07:26 +0000 2025,Dytreds1Dytreds,@zahrul_46 @kompascom Maksdnya gmana ya bg kalo otonom?,0,0,0,0,0,in
1917435258322182617,1917611081280938200,Wed Apr 30 16:04:43 +0000 2025,bekasjutawan,@kompascom https://t.co/0T9Iz3UX6t,0,0,0,0,0,qme
1917435258322182617,1917610483294822720,Wed Apr 30 16:02:21 +0000 2025,kuliteijo,@kompascom Alemonk,0,0,0,0,0,en
1917435258322182617,1917608844865462706,Wed Apr 30 15:55:50 +0000 2025,fwyaz146,@kompascom https://t.co/vY78COgfsD,22,3,0,0,0,qme
1917435258322182617,1917606360864416089,Wed Apr 30 15:45:58 +0000 2025,BnuSugiarto,@kompascom Kapasitas lulusan UGM hanya pencitraan wkwkwk,0,0,0,0,0,in
1917435258322182617,1917605759040582026,Wed Apr 30 15:43:35 +0000 2025,rieribet,@kompascom Hambur' rezim Mulyono @jokowi 😅,0,0,0,0,0,in
1917435258322182617,1917605465376317522,Wed Apr 30 15:42:24 +0000 2025,makaronipedess,@kompascom Dipinjem doang buat gimmick😔,0,0,0,0,0,in
1917435258322182617,1917601754113532141,Wed Apr 30 15:27:40 +0000 2025,fahmifakh,@kompascom kasih tanggapanmu yg irasional itu @jokowi,0,0,0,0,0,in
1917435258322182617,1917600972840595706,Wed Apr 30 15:24:33 +0000 2025,fahmitamamii,@kompascom Mulyono kntl,0,0,0,0,0,ht
1917435258322182617,1917598666157875629,Wed Apr 30 15:15:23 +0000 2025,PalletRf,@kompascom Ko bisa balik LG ke Cina? Akadnya pinjam atau bgmn itu?,0,0,0,0,0,in
1917435258322182617,1917597084959793417,Wed Apr 30 15:09:06 +0000 2025,homenumravelio,@kompascom P @jokowi,0,0,0,0,0,und
1917435258322182617,1917596490358481001,Wed Apr 30 15:06:45 +0000 2025,potradjaya1,@kompascom Brutal,0,0,0,0,0,no
1917435258322182617,1917594293872779601,Wed Apr 30 14:58:01 +0000 2025,gurennsann,@kompascom harus ada investigasi @KPK_RI,0,0,0,0,0,in
1917435258322182617,1917594107545018716,Wed Apr 30 14:57:17 +0000 2025,satiagustaman,@kompascom Dagelan,0,0,0,0,0,nl
1917435258322182617,1917593214930018680,Wed Apr 30 14:53:44 +0000 2025,ArdiansyahIvan,@kompascom cuma ngerental ternyata...,0,0,0,0,0,in
1917435258322182617,1917591805362856082,Wed Apr 30 14:48:08 +0000 2025,dkarlovski40,@vnmoonti Gimana sih,0,0,0,0,0,in
1917435258322182617,1917591519479103680,Wed Apr 30 14:47:00 +0000 2025,riscowahyudii,@kompascom minjem ternyata,0,0,0,0,0,in
1917435258322182617,1917589088770970073,Wed Apr 30 14:37:20 +0000 2025,Bambang03051968,@kompascom Ini maksudnya apa ngk jelas mubazir effort mestinya dikaji detail dan prospek nya seperti. Gaya pencitraan  ngibul kok nya diulang2 ngk jelas bikin utang tambah banyak.,6,0,0,0,0,in
1917435258322182617,1917588763641012251,Wed Apr 30 14:36:02 +0000 2025,zahrul_46,"@kompascom ART CRRC Qingdao Sifang dari China, berakhir dengan keputusan untuk mengembalikan armada tersebut ke negara asalnya. Keputusan ini diambil setelah ART dinilai tidak mampu beroperasi secara otonom sesuai harapan selama uji coba atau Proof of Concept (PoC) di IKN.",0,0,2,0,0,in
1917435258322182617,1917587353281126542,Wed Apr 30 14:30:26 +0000 2025,Hummyy,@kompascom Pinjem ceritanya?????,0,0,0,0,0,in
1917435258322182617,1917586762203029874,Wed Apr 30 14:28:05 +0000 2025,AlfyKesuma,@kompascom Buang2 uang untuk penuhi nafsu dan ambisi se orang pimpinan yg berambisi......,0,0,0,0,0,in
1917435258322182617,1917586687074656457,Wed Apr 30 14:27:47 +0000 2025,de2n_ramdhan,@kompascom Kendaraan bagian sandiwara ikn dan keinginan yg dipaksakan,0,0,0,0,0,in
1917435258322182617,1917586489371943007,Wed Apr 30 14:27:00 +0000 2025,IreneJuni_,"@valangdika @kompascom Tp trem/LRT msh pake rel,aku sering naik soalnya",1,0,1,0,0,in
1917435258322182617,1917586190523589007,Wed Apr 30 14:25:49 +0000 2025,beulangong174,@kompascom Astaghfirullah🔥🔥🔥,0,0,0,0,0,in
1917435258322182617,1917586043488068043,Wed Apr 30 14:25:14 +0000 2025,steffaprill,@galsprata @kompascom Klo berasal dari gorong?,0,0,0,0,0,in
1917435258322182617,1917584830117933552,Wed Apr 30 14:20:25 +0000 2025,gerinadp,@kompascom Biar tekor asal kesohor,0,0,0,0,0,in
1917435258322182617,1917584828846989383,Wed Apr 30 14:20:24 +0000 2025,arissuhada87,"@valangdika @kompascom Loh, Jakarta kan udah pake dari belasan tahun lalu.

Namanya TJ kalo gak salah.",1,0,1,0,0,in
1917435258322182617,1917584116956160317,Wed Apr 30 14:17:35 +0000 2025,isdnptr,@kompascom https://t.co/af0dRR5Miu,0,0,0,0,0,qme
1917435258322182617,1917583869416726997,Wed Apr 30 14:16:36 +0000 2025,awasaturn,"@kompascom Buang2 anggaran aja demi hayang kapuji hadeuhhh, odhl rakyat masih loba keneh nu leuwih butuh😂 negara komedi",0,0,0,0,0,in
1917435258322182617,1917583107978584434,Wed Apr 30 14:13:34 +0000 2025,D0L0G,@kompascom Apa bedanya sm sopir angkot yg pake mobil juragannya?,0,0,0,0,0,in
1917435258322182617,1917582584672051576,Wed Apr 30 14:11:29 +0000 2025,pindhogasus,@kompascom Mau diganti mobil terbang,0,0,0,0,0,in
1917435258322182617,1917582118152200399,Wed Apr 30 14:09:38 +0000 2025,anggggggggora,@kompascom Bis,0,0,0,0,0,und
1917435258322182617,1917580936549654647,Wed Apr 30 14:04:56 +0000 2025,luft75,@kompascom yah bis2an cuman jadi pajangan doang,0,0,0,0,0,in
1917435258322182617,1917580652012265684,Wed Apr 30 14:03:49 +0000 2025,sebatsampoerna,@kompascom wi kerjaan mu wi,0,0,0,0,0,in
1917435258322182617,1917580350471168026,Wed Apr 30 14:02:37 +0000 2025,matabolaID,@kompascom Ngibul lagi kan,0,0,0,0,0,in
1917435258322182617,1917580030198309388,Wed Apr 30 14:01:20 +0000 2025,lambedigdoyo,"@arieKalifian @kompascom Emmm... 
""diimpor dari China""

https://t.co/PVxEMErPHw https://t.co/3gTJ4euj2h",0,0,0,0,0,in
1917435258322182617,1917580010992591184,Wed Apr 30 14:01:16 +0000 2025,hendytirtaa,@kompascom Jadi siapa yg harus bertanggungjawab atas kerusakan semua ini?,0,0,0,0,0,in
1917435258322182617,1917579899134792079,Wed Apr 30 14:00:49 +0000 2025,agoodbiscuits,"@kompascom Biaya transpor mahal cok, buang” duit lu",0,0,0,0,0,in
1917435258322182617,1917579645001855322,Wed Apr 30 13:59:48 +0000 2025,coitusinterrups,@kompascom Gini ini ongkirnya ditanggung siapa ya,0,0,0,0,0,in
1917435258322182617,1917578830174380283,Wed Apr 30 13:56:34 +0000 2025,efyandro,@kompascom dikembalikan itu soalnya pinjem?,0,0,0,0,0,in
1917435258322182617,1917578247208067341,Wed Apr 30 13:54:15 +0000 2025,raja_pasar,"@kompascom Ini odong dah dipake buat apa aja di ikn? 
Knapa gak jadi dibeli? Gak ada yg mau invest yaa ..",0,0,0,0,0,in
1917435258322182617,1917577470427197916,Wed Apr 30 13:51:10 +0000 2025,bimasoy,@kompascom Wkwkwkwkwkwk..... https://t.co/mJX3jbW6nZ,0,0,0,0,0,in
1917435258322182617,1917575816109776947,Wed Apr 30 13:44:36 +0000 2025,boysinred08,"@kompascom ayo2 balikin, waktu sewanya udh abis",0,0,0,0,0,in
1917435258322182617,1917574270219346416,Wed Apr 30 13:38:27 +0000 2025,susipudjiastuti,@kompascom https://t.co/sryfwzhohq,974,13,18,0,0,qme
1917435258322182617,1917573500682002644,Wed Apr 30 13:35:24 +0000 2025,septi_hd,@kompascom Hidup jokoweee,0,0,0,0,0,in
1917435258322182617,1917572987886395546,Wed Apr 30 13:33:21 +0000 2025,fikihfaozi,@kompascom Pinjem bos? 😅,0,0,0,0,0,und
1917435258322182617,1917572530665316835,Wed Apr 30 13:31:32 +0000 2025,czmfx,@kompascom gaje,0,0,0,0,0,ht
1917435258322182617,1917572175105778061,Wed Apr 30 13:30:07 +0000 2025,SutiarsaE318,"@kompascom Lah entar dayak sana nyari,in dong 🤣🤣🤣🤣🤣",0,0,0,0,0,in
1917435258322182617,1917571918393401855,Wed Apr 30 13:29:06 +0000 2025,GlitchinRandom,"@kompascom Dulu keluar dari juga buzzernya cuk
Edan kan ternaknya mulyono",0,0,1,0,0,in
1917435258322182617,1917571612456673788,Wed Apr 30 13:27:53 +0000 2025,Irman_mr78,@kompascom https://t.co/3E92JcU6lV,0,0,0,0,0,qme
1917435258322182617,1917570887920095639,Wed Apr 30 13:25:01 +0000 2025,arieKalifian,@lambedigdoyo @kompascom Nihil alias 0 tnpa keluar biaya.,0,0,1,0,0,in
1917435258322182617,1917568792806449335,Wed Apr 30 13:16:41 +0000 2025,Jeanawa_,@kompascom Ngakak,0,0,0,0,0,in
1917435258322182617,1917568640129589327,Wed Apr 30 13:16:05 +0000 2025,nurisajizah1,@kompascom Ang ang ang,0,0,0,0,0,tl
1917435258322182617,1917568582126559239,Wed Apr 30 13:15:51 +0000 2025,TheRingOfFire7,"@kompascom Cuma pamer pecitran doank🤔biayanya pasti miliyaran, begitu lah cara mulyono memperdaya ternaknya",4,0,0,0,0,in
1917435258322182617,1917568188847661361,Wed Apr 30 13:14:17 +0000 2025,The_Dikk,@valangdika @kompascom Itu cuma bis gandeng 😂,0,0,0,0,0,in
1917435258322182617,1917567340356817199,Wed Apr 30 13:10:55 +0000 2025,expialidociousz,"@kompascom ART bisa dibalikin, pajak rakyat yg buat modal bisa dibalikin lagi gak ya ???",0,0,0,0,0,in
1917435258322182617,1917566163367911796,Wed Apr 30 13:06:14 +0000 2025,SantiSoewarto,"@kompascom Di up dong berita gini, biar pemujanya sadar😏",0,0,0,0,0,in
1917435258322182617,1917564651782693208,Wed Apr 30 13:00:14 +0000 2025,Afriadynuurm,@kompascom Cuma buat pamer dan sekarang IKN cuma tempat wisata kah🤣🤣🤣,0,0,0,0,0,in
1917435258322182617,1917564216090976345,Wed Apr 30 12:58:30 +0000 2025,farizcahyoo,@kompascom https://t.co/d5Fys7upTO,0,0,0,0,0,qme
1917435258322182617,1917564201830343046,Wed Apr 30 12:58:26 +0000 2025,3lyasGhofur,"@valangdika @kompascom Bukan inovasi, tapi sensasi",1,0,0,0,0,in
1917435258322182617,1917564138458603636,Wed Apr 30 12:58:11 +0000 2025,gebpo_0,@kompascom ENNNNN IKAENNNN @CenterIine,0,0,0,0,0,da
1917435258322182617,1917563785877086609,Wed Apr 30 12:56:47 +0000 2025,baddracula__,@kompascom harusnyaaa disidang ni si jkw gagal bangun ikn berapa total kerugian negara wkwk,0,0,0,0,0,in
1917435258322182617,1917562613250285821,Wed Apr 30 12:52:08 +0000 2025,NGatotkaca,@kompascom https://t.co/ZQac8hD0s5,0,0,0,0,0,qme
1917435258322182617,1917560767735554244,Wed Apr 30 12:44:48 +0000 2025,dewatrending1,@kompascom apa kreta nya di tarik lising ?,0,0,0,0,0,in
1917435258322182617,1917560490341064754,Wed Apr 30 12:43:42 +0000 2025,DiditPr22902246,"@kompascom Negara ku kocak, seperti dagelan srimulat...
Kalau gak korban tiktok,ya pasti korban judol dan pinjol....
Ruwetttttt.",0,0,0,0,0,in
1917435258322182617,1917558878818164883,Wed Apr 30 12:37:17 +0000 2025,CSuljana,"@kompascom Oh kereta nya nyewa ya? 
Kirain beli. 
🤔🤭🤭🤗",0,0,0,0,0,in
1917435258322182617,1917558161638318557,Wed Apr 30 12:34:26 +0000 2025,rot1gabin,@kompascom Hahahahaa,0,0,0,0,0,tl
1917435258322182617,1917557861749776895,Wed Apr 30 12:33:15 +0000 2025,mustafaagus007,@kompascom Kasih aja ke ternaknya Mulyono... lumayan buat tmbhn cari nafkah drpd nunggu bansos &amp; blt,0,0,0,0,0,in
1917435258322182617,1917557838572138875,Wed Apr 30 12:33:09 +0000 2025,pikirdong,"@kompascom Kurang hebat apalagi Indonesia, proyek mangkrak saja pakai ceremonial; yang penting kelihatan kaya meski minjemin punya negara lain.",0,0,0,0,0,in
1917435258322182617,1917555211297776028,Wed Apr 30 12:22:43 +0000 2025,An3_yu,@kompascom Buang2 ongkir wkwkwk,0,0,0,0,0,in
1917435258322182617,1917551185302806987,Wed Apr 30 12:06:43 +0000 2025,VinalesRossi,@kompascom Pantas sj dijuluki presiden terbodoh 😂. Negara lain kelar pandemi berbenah pemulihan ekonomi dulu. Si bodoh ini lsng gaskan IKN. 😅,0,0,0,0,0,in
1917435258322182617,1917550816493461550,Wed Apr 30 12:05:15 +0000 2025,Dsxxll5,@kompascom Bus gandeng ?,0,0,0,0,0,in
1917435258322182617,1917550720250962105,Wed Apr 30 12:04:52 +0000 2025,Earthwithoutyou,@kompascom Anjir cuma minjem 😭😭,0,0,0,0,0,in
1917435258322182617,1917550592588931287,Wed Apr 30 12:04:22 +0000 2025,Gigitterusss,@kompascom Tanyain ke dia nih min @jokowi 😄,0,0,0,0,0,in
1917435258322182617,1917549170271085025,Wed Apr 30 11:58:43 +0000 2025,anns931,@kompascom Buat pamerannya pak joko sampe ratusan juta buat 1 booth,0,0,0,0,0,in
1917435258322182617,1917549005003010251,Wed Apr 30 11:58:03 +0000 2025,baljeatles_,@kompascom HAHAHA,0,0,0,0,0,tl
1917435258322182617,1917548987697226097,Wed Apr 30 11:57:59 +0000 2025,andia502,@kompascom Tanpa rel.tapi ada roda nya pake karet.qt yg dibohongi apa Qt yg membohongi😁,0,0,0,0,0,in
1917435258322182617,1917548819614687651,Wed Apr 30 11:57:19 +0000 2025,Notonogoro67941,@kompascom Tanpa rell rapi pake roda kaya bus gandeng,0,0,0,0,0,in
1917435258322182617,1917548816028557661,Wed Apr 30 11:57:18 +0000 2025,MDjancuk,@kompascom Jadi cuma nyewa kah kmren ?,0,0,0,0,0,in
1917435258322182617,1917547822905450587,Wed Apr 30 11:53:21 +0000 2025,doisyrappy,@kompascom barang retur,0,0,0,0,0,in
1917435258322182617,1917547365571112987,Wed Apr 30 11:51:32 +0000 2025,kusumah_rizqy,@kompascom Kaya nyewa PS 🤣,0,0,0,0,0,in
1917435258322182617,1917547333971239061,Wed Apr 30 11:51:25 +0000 2025,_anaklucu_,@kompascom IKN ada aspal? Gw kira pembangunannya mandek,0,0,0,0,0,in
1917435258322182617,1917547298638422406,Wed Apr 30 11:51:16 +0000 2025,malasnonton,@kompascom Banyak gaya padahal sewa haha,0,0,0,0,0,in
1917435258322182617,1917546963702276603,Wed Apr 30 11:49:57 +0000 2025,aubadellune,@kompascom bgok,0,0,0,0,0,in
1917435258322182617,1917546707577102486,Wed Apr 30 11:48:56 +0000 2025,irsyadul_aja,@valangdika @kompascom Kayaknya gak pernah lihat detailnya ya? Pfff,0,0,0,0,0,in
1917435258322182617,1917545263893471725,Wed Apr 30 11:43:11 +0000 2025,sfmgunners,@kompascom Edaan duit negara coy,0,0,0,0,0,in
1917435258322182617,1917544147000647819,Wed Apr 30 11:38:45 +0000 2025,wnttndy,@kompascom cungkring dan gendut emang jagonya omon omon wkwk,0,0,0,0,0,in
1917435258322182617,1917542111215509932,Wed Apr 30 11:30:40 +0000 2025,Dulkamdiii,"@kompascom Cuma rental?
Sudah tapi belum https://t.co/gSeFSmOIY7",12,1,0,0,0,in
1917435258322182617,1917542097558856190,Wed Apr 30 11:30:36 +0000 2025,rue_theflorist,@kompascom Kmrn cm show bentar..,0,0,0,0,0,in
1917435258322182617,1917541258073104444,Wed Apr 30 11:27:16 +0000 2025,herwatoe,@kompascom Esemka juga dulu dikembalikan ke Cina min...? Ups cocotku.... 🫢🫢🫢,1,0,0,0,0,in
1917435258322182617,1917540381786530040,Wed Apr 30 11:23:47 +0000 2025,sukagazuka,@kompascom Rangorang tolol kalo jd penguasa ya gitu https://t.co/frApKjOKS5,20,0,0,0,0,in
1917435258322182617,1917539758399709239,Wed Apr 30 11:21:19 +0000 2025,8mansal,@kompascom Loh piye,0,0,0,0,0,ht
1917435258322182617,1917539629848486347,Wed Apr 30 11:20:48 +0000 2025,alternatorate,"@kompascom Ngapain anjir pake sewa beginian, mendingan sewa bus lokal aja",0,0,0,0,0,in
1917435258322182617,1917539441381630280,Wed Apr 30 11:20:03 +0000 2025,whi_brmmmm,@kompascom Hasil pimpinan yg MARUK SEREMONI,0,0,0,0,0,in
1917435258322182617,1917538093760213240,Wed Apr 30 11:14:42 +0000 2025,kaf18028,@kompascom Jokowi ndobolll tok,0,0,0,0,0,in
1917435258322182617,1917537388542452186,Wed Apr 30 11:11:54 +0000 2025,gSuy0N0,@kompascom INA  juga bisa produksi ART kok?,0,0,0,0,0,in
1917435258322182617,1917536906382029036,Wed Apr 30 11:09:59 +0000 2025,KIMAre_Am,@kompascom Mksdnya mengaspal disini tuh beroperasi kan? Bukan itu alat buat bikin aspal?,0,0,0,0,0,in
1917435258322182617,1917536091571380730,Wed Apr 30 11:06:44 +0000 2025,lukmanarrahim,@kompascom @rahmadranh kenopo iki yo med kiro2?,0,0,1,0,0,in
1917435258322182617,1917535274676150502,Wed Apr 30 11:03:30 +0000 2025,Kurtcoba_in,@kompascom Gakuat bayar sewa?,0,0,0,0,0,in
1917435258322182617,1917534647938081070,Wed Apr 30 11:01:00 +0000 2025,Balola72,"@kompascom Bubar2...
Pulangin ke yg punya . Acara membohongi kaum 58 telah berhasil",0,0,0,0,0,in
1917435258322182617,1917534368815579494,Wed Apr 30 10:59:54 +0000 2025,aditwortel,@kompascom Makin banyak investor datang🔥🔥,0,0,0,0,0,in
1917435258322182617,1917534173927203131,Wed Apr 30 10:59:07 +0000 2025,Karzanei,"@valangdika @kompascom Bang itu kayak Transjakarta, ada bannya tapinditutup",2,0,0,0,0,in
1917435258322182617,1917533932188491784,Wed Apr 30 10:58:10 +0000 2025,ZakariaPriyadi,@kompascom WKWKWK,0,0,0,0,0,in
1917435258322182617,1917532709297217630,Wed Apr 30 10:53:18 +0000 2025,bro_arzy,@kompascom Wkwkwkwkk,0,0,0,0,0,in
1917435258322182617,1917531886374596862,Wed Apr 30 10:50:02 +0000 2025,arifsneijder07,@kompascom Haha ini bukti kesekian kali ny kebohongan dr mukidi.... dan ini pasti tetep tak kan mengubah pendirian para pendukung ny... krn mrk sudah terlalu dungu juga wkwk,4,0,0,0,0,in
1917435258322182617,1917531386698948692,Wed Apr 30 10:48:03 +0000 2025,farhm_,@kompascom berapa anggaran yang hilang 🥲,0,0,0,0,0,in
1917435258322182617,1917530790398918834,Wed Apr 30 10:45:41 +0000 2025,dhndrw,@kompascom kirain minjem wkwk btw baru ngeh websitenya kompas udah ada khusus kota tsb,0,0,0,0,0,in
1917435258322182617,1917530171156095469,Wed Apr 30 10:43:13 +0000 2025,husenmuhammads,@Isnan___ Yg nopung 66 bungkus ya bib?,0,0,0,0,0,in
1917435258322182617,1917529343129182441,Wed Apr 30 10:39:56 +0000 2025,cellebrimbor_,"@kompascom Sebenarnya status awalnya itu,

Beli
Sewa
Pinjam 
Pameran 
Tes Drive

Cb telusuri dokumen pengadaannya dulu apa bunyinya.",5,0,0,0,0,in
1917435258322182617,1917528506252288426,Wed Apr 30 10:36:36 +0000 2025,husenmuhammads,@Isnan___ Mau versi madrid menang apa versi pinjem squad arsenal?,0,0,1,0,0,in
1917435258322182617,1917527904252223535,Wed Apr 30 10:34:12 +0000 2025,OrangSawah23,@kompascom Tolong langsung sebut aja bis gandeng tanpa supir gitu ...,0,0,0,0,0,in
1917435258322182617,1917526726906896798,Wed Apr 30 10:29:32 +0000 2025,husenmuhammads,"@Isnan___ @kompascom Aspalnya ga cocok, byk poldur",0,0,1,0,0,in
1917435258322182617,1917525973068828675,Wed Apr 30 10:26:32 +0000 2025,wan_vice,"@kompascom Pendukung si toyo bodoh semua, masak kereta jalannya di aspal😁😥🤣🤣😂",0,0,0,0,0,in
1917435258322182617,1917524797128597844,Wed Apr 30 10:21:52 +0000 2025,arozali691701,"@kompascom Bisa gantiin bus trans Jakarta nggak ni, utk jalur padat?",0,0,0,0,0,in
1917435258322182617,1917524506786279901,Wed Apr 30 10:20:42 +0000 2025,indt4ik,@kompascom Tanyakan berapa biaya sewa kereta itu? @kompascom,0,0,0,0,0,in
1917435258322182617,1917523884926197910,Wed Apr 30 10:18:14 +0000 2025,fxsuryab,"@kompascom Kereta tanpa rel? Ngapain juga sampai dari china, itu di ragunan banyak",0,0,0,0,0,in
1917435258322182617,1917522669098131959,Wed Apr 30 10:13:24 +0000 2025,kokgitubgt,"@kompascom buang² ongkir aja, mending bisa pake gosend.",0,0,0,0,0,in
1917435258322182617,1917522297239281785,Wed Apr 30 10:11:56 +0000 2025,Mrgp_crypto,"@kompascom Sedikit2 mimpi2 akan tetap menjadi mimpi, banyak yg terbuai oleh mimpi doang.",0,0,0,0,0,in
1917435258322182617,1917521567308996723,Wed Apr 30 10:09:02 +0000 2025,adjie_eija,@kompascom Satu negara di kibulin mukidi,0,0,0,0,0,in
1917435258322182617,1917520072505188595,Wed Apr 30 10:03:05 +0000 2025,Bong14581230,@kompascom Wkwkwkwkw nyeleh tibak e,0,0,0,0,0,in
1917435258322182617,1917519982109548775,Wed Apr 30 10:02:44 +0000 2025,Yoz_Sucizo,@kompascom Pengalihan isu ijazah atau sebaliknya?,0,0,0,0,0,in
1917435258322182617,1917519209116098626,Wed Apr 30 09:59:39 +0000 2025,aiiisaja,"@kompascom Standard ikn tinggi bos, itu g masuk kualifikasi ikn maknya dibalikin.",4,0,16,0,0,in
1917435258322182617,1917518024774672398,Wed Apr 30 09:54:57 +0000 2025,produk9787,"@valangdika @kompascom Ga ada duitnya, yg penting kan anggaran study banding dah cair.",0,0,0,0,0,in
1917435258322182617,1917516975120736666,Wed Apr 30 09:50:47 +0000 2025,ciput_cinta,@kompascom Udh abis kontrak'y kek'y,0,0,0,0,0,in
1917435258322182617,1917516851590135997,Wed Apr 30 09:50:17 +0000 2025,TrSutrisna,"@kompascom Point pentingnya BKN dinovasi, untung bisa dibalikin, bla,bla,bla..tapi duit negara yg hilang, duit rakyat yg dirampok buat ambisi gk waras raja ngibul. Akibatnya kt kena getahny. Ekonomi bangkrut, utang menggurita!
Akibat rezim korup finalis OCCRP. Makanya segera #TangkapJokowi https://t.co/HGgcV4TE2W",506,42,2,0,0,in
1917435258322182617,1917516667632115862,Wed Apr 30 09:49:33 +0000 2025,partaikiripto,@kompascom Mulyono juga sekalian angkut dalem gerbongnya,0,0,0,0,0,in
1917435258322182617,1917515603369419041,Wed Apr 30 09:45:20 +0000 2025,AgaMAHAGA,@kompascom Mungkin di ikn co2knya pake smk biar bisa ngilang sekalian 😆,0,0,0,0,0,in
1917435258322182617,1917515310204346437,Wed Apr 30 09:44:10 +0000 2025,AwangWijanarko,"@kompascom Kebanggaan kaum 58%, emezing mereka sangat terpukau.",1,0,0,0,0,in
1917435258322182617,1917513404253888799,Wed Apr 30 09:36:35 +0000 2025,anemon_jowo,"@kompascom lah, terus ini nyewa apa gimana nihh",0,0,0,0,0,in
1917435258322182617,1917512665397973480,Wed Apr 30 09:33:39 +0000 2025,jawharie__,@kompascom Laahh😂😂,0,0,0,0,0,en
1917435258322182617,1917512082695807170,Wed Apr 30 09:31:20 +0000 2025,batmann2023,@kompascom Mungkin mau diganti kereta terbang,0,0,0,0,0,in
1917435258322182617,1917508720428474396,Wed Apr 30 09:17:59 +0000 2025,oh_memalukan,"@kompascom stop this bullshit
its a car, not a train!",0,0,0,0,0,en
1917435258322182617,1917507327776940404,Wed Apr 30 09:12:27 +0000 2025,putraarnld,@kompascom 🤣,0,0,0,0,0,qme
1917435258322182617,1917506704830521524,Wed Apr 30 09:09:58 +0000 2025,Ahmadreus5,@valangdika @kompascom IKN kota kecil gacocok,0,0,0,0,0,in
1917435258322182617,1917506563255984166,Wed Apr 30 09:09:24 +0000 2025,Jesllynapoleon,@kompascom Test ridingnya di IKN 😭,0,0,0,0,0,in
1917435258322182617,1917506408662327511,Wed Apr 30 09:08:48 +0000 2025,buletbuletkecil,@kompascom Udah bener railbased aja atau kalo gaada duit BRT!,1,0,0,0,0,in
1917435258322182617,1917506193154793557,Wed Apr 30 09:07:56 +0000 2025,NDASHmuuu,@kompascom 🤣🤣🤣,0,0,0,0,0,qme
1917435258322182617,1917506105883910636,Wed Apr 30 09:07:35 +0000 2025,7unkyard,@kompascom proyek kontol emg,0,0,0,0,0,in
1917435258322182617,1917503401929368030,Wed Apr 30 08:56:51 +0000 2025,jesjesky,@kompascom 🥲,0,0,0,0,0,qme
1917435258322182617,1917498860303417632,Wed Apr 30 08:38:48 +0000 2025,Marvelmaliki2,@kompascom Boleh nyewa ya dikembalikan ..,0,0,0,0,0,in
1917435258322182617,1917498797040792032,Wed Apr 30 08:38:33 +0000 2025,mastritampil,@kompascom WKWKWK,0,0,0,0,0,in
1917435258322182617,1917497530050605325,Wed Apr 30 08:33:31 +0000 2025,freethink32,@kompascom orang/perusahaan yg punya proyek ini. baik dr china dan indonesia pastilah kecewa berat. akhirnya gagal untuk bisa memonetize mjd fulus bagi mrk.,0,0,0,0,0,in
1917435258322182617,1917497315981681041,Wed Apr 30 08:32:40 +0000 2025,bakarisme98,@kompascom Hal-hal yang gagal seperti ini justru masih banyak masyarakat Indonesia yang masih mendukung para ternaknya Mulyono Padahal sudah jelas bahwasanya beliaulah perusak bangsa selama 10 tahun ini ditambah lagi menyelinap di belakang presiden saat ini,307,8,1,0,0,in
1917435258322182617,1917496010005438597,Wed Apr 30 08:27:28 +0000 2025,DenasIdn1,"@kompascom Sak Indonesia ditipu dg narasi kereta tanpa rel ini…
Padahal publik melihatnya bus gandeng yg ban nya di tutup karoseri agar tdk terlihat..
Akhirnya mudharat kan ?
Sukur2 masih bisa dibalikin lgi itu. Klo ga jdi macam bus Tj dongpeng karatan di jkt dulu itu.",182,11,2,0,0,in
1917435258322182617,1917495950538596798,Wed Apr 30 08:27:14 +0000 2025,anggoromon,@kompascom Ngoahahaha..🤣🤣,0,0,0,0,0,tl
1917435258322182617,1917493242582688156,Wed Apr 30 08:16:28 +0000 2025,xplshx,@kompascom Kerjaannya pakde @jokowi yang hobi buang2 uang rakyat,0,0,0,0,0,in
1917435258322182617,1917492845436719347,Wed Apr 30 08:14:54 +0000 2025,al_fajr68,"@kompascom HHAHAHAHAH...
Utang ke China suruh @jokowi yang bayar pak @prabowo 

Jadiin mainan buat si gibran aja, daripada dia suntuk ga kerja. 

😄😄😄",1,0,0,0,0,in
1917435258322182617,1917492118907674892,Wed Apr 30 08:12:01 +0000 2025,masMaeng,@kompascom Jd ingat traktor buat petani yg buat srremonial doang..,0,0,0,0,0,in
1917435258322182617,1917491876204278270,Wed Apr 30 08:11:03 +0000 2025,anomyhae,"@kompascom Kan cuman pinjaman doang. Udah selesai 17 san kan? Nah di balikin deh, udaj waktunya balik.",0,0,2,0,0,in
1917435258322182617,1917490001040007322,Wed Apr 30 08:03:36 +0000 2025,jogjaris,@kompascom Kostum orange biasane kostum tambang,0,0,0,0,0,in
1917435258322182617,1917489904159973453,Wed Apr 30 08:03:13 +0000 2025,Ezaprime,@kompascom Mantapp,0,0,0,0,0,en
1917435258322182617,1917488519758635320,Wed Apr 30 07:57:42 +0000 2025,InsaniBeta,@kompascom Proyek si kodok nich,0,0,0,0,0,in
1917435258322182617,1917488045064085933,Wed Apr 30 07:55:49 +0000 2025,RajaCupu,@kompascom Sewa,0,0,0,0,0,in
1917435258322182617,1917486661275116033,Wed Apr 30 07:50:19 +0000 2025,gambloes1,@kompascom Pasar malem nya udah abis.jadi mau pindah lapak,0,0,0,0,0,in
1917435258322182617,1917485825262236030,Wed Apr 30 07:47:00 +0000 2025,GrosirJAMdanTAS,@kompascom wkwkwkwkk ide ne sopo ngene iki,0,0,0,0,0,in
1917435258322182617,1917485777430405590,Wed Apr 30 07:46:49 +0000 2025,Batassenja78,@kompascom Judulnya rental kereta cina,0,0,0,0,0,in
1917435258322182617,1917485280321495170,Wed Apr 30 07:44:50 +0000 2025,MulyanaDid21494,@kompascom Ini semua ulah Mulyono,0,0,0,0,0,in
1917435258322182617,1917484530455437690,Wed Apr 30 07:41:51 +0000 2025,zousa_fernandez,@kompascom Kerja cuma buat formalitas mulyono goblok,0,0,0,0,0,in
1917435258322182617,1917482263094387152,Wed Apr 30 07:32:51 +0000 2025,atma_kpm,@kompascom Ketera dg ban wkwkwk,0,0,0,0,0,in
1917435258322182617,1917481819630665729,Wed Apr 30 07:31:05 +0000 2025,TerongU72356816,@asfan_warah @kompascom Project🤭😁,1,0,1,0,0,en
1917435258322182617,1917481074873229796,Wed Apr 30 07:28:07 +0000 2025,DievaRyu87715,@kompascom Wkwkwkkw,0,0,0,0,0,in
1917435258322182617,1917481019969884536,Wed Apr 30 07:27:54 +0000 2025,asfan_warah,"@kompascom Kita itu 60% warga masih berpenghasilan di bawah 100rb, kok ya bisa2nya buang2 duit hanya utk pamer beginian ... 🥲🙈",31,0,1,0,0,in
1917435258322182617,1917479099960025261,Wed Apr 30 07:20:17 +0000 2025,hudialfarich_,@kompascom masa sewanya sudah berakhir ya,0,0,0,0,0,in
1917435258322182617,1917478579270737958,Wed Apr 30 07:18:12 +0000 2025,xyz07629305,@kompascom Proyek mercusuarnya mulyono. Btw itu bis,0,0,0,0,0,in
1917435258322182617,1917478441764675708,Wed Apr 30 07:17:40 +0000 2025,Pensil_HB,@kompascom Hanya untuk konten,0,0,0,0,0,in
1917435258322182617,1917477330211201314,Wed Apr 30 07:13:15 +0000 2025,Najazi731,@kompascom dikembalikan soalnya tidak ada gunanya lagi kemungkinan akan dibangun TOL LANGIT...🤣🤣🤣🤣🤣🤣,0,0,0,0,0,in
1917435258322182617,1917476648208982520,Wed Apr 30 07:10:32 +0000 2025,kumasia2023,@kompascom kereta tanpa rel = kereta pakai ban.,0,0,0,0,0,in
1917435258322182617,1917474107140235391,Wed Apr 30 07:00:26 +0000 2025,d380no,"@kompascom Kereta tanpa rel atau bus gandeng sih, nanti ada bus tanpa jalan atau kereta gandeng 😂😂 https://t.co/f6NSE1uqMe",44,0,1,0,0,in
1917435258322182617,1917472174182654474,Wed Apr 30 06:52:45 +0000 2025,GYatmoko,"@kompascom Kereta kok mengaspal, namanya bus itu",0,0,0,0,0,in
1917435258322182617,1917471366045130873,Wed Apr 30 06:49:33 +0000 2025,si4riNew,@kompascom Demi konten para buzzer,0,0,0,0,0,tr
1917435258322182617,1917471061194727463,Wed Apr 30 06:48:20 +0000 2025,kopi_adik,@kompascom Lah,0,0,0,0,0,und
1917435258322182617,1917470766570037733,Wed Apr 30 06:47:10 +0000 2025,kinan_hp,"@kompascom Next taxi terbangnya bakal gagal juga. 🤣
Udah PUASTI. 🤣🤣🤣",0,0,0,0,0,in
1917435258322182617,1917470419583656029,Wed Apr 30 06:45:47 +0000 2025,mindcraft88,"@kompascom loh kok???...sewa toh.wkwkwkwkkkk.
betapa sayangnya uang kita,uang rakyat,sebegitu besar buat dihambur2kan begitu.Ya Allah...laknatlah mereka smua yg dzalim pakai seenaknya uang2 kami,yg dzalim pd tanah air kami.msh bnyk diantra kmi yg butuh uang itu.
cc:@prabowo @SBYudhoyono",79,0,0,0,0,in
1917435258322182617,1917469338170450041,Wed Apr 30 06:41:29 +0000 2025,shintaeffendi,@kompascom Pengingat: ART tsb memang sekedar 'pinjaman' dr CRRC,43,8,1,0,0,in
1917435258322182617,1917468636039766363,Wed Apr 30 06:38:42 +0000 2025,echoPiR,@kompascom biaya yg sia-sia 👀,0,0,0,0,0,in
1917435258322182617,1917467836475400677,Wed Apr 30 06:35:31 +0000 2025,AbaGhomel,"@kompascom Awokwowkwkwkwkkw kereta tanpa rel. 
Yaiyalah tanpa rel. Kan itu mobil bus.",0,0,0,0,0,in
1917435258322182617,1917467294273536253,Wed Apr 30 06:33:22 +0000 2025,Faizaljam,@kompascom Taxi terbangnya gak sekalian dibalikin juga?,0,0,0,0,0,in
1917435258322182617,1917466062620352790,Wed Apr 30 06:28:28 +0000 2025,NaiyaSupport,"@kompascom Pandai bangt buang anggaran ,ini aja ads https://t.co/MQSe1kPxC5",0,0,0,0,0,in
1917435258322182617,1917466051228623304,Wed Apr 30 06:28:26 +0000 2025,nyak_ih_meutuah,"@kompascom Apa selama ini kereta tanpa rel itu disewa? Trs apa krn krg ada peminat, dikembalikan ke China?",0,0,0,0,0,in
1917435258322182617,1917465748420845868,Wed Apr 30 06:27:13 +0000 2025,millecrepeschoc,@kompascom Disewa cm buat pamer pepesan kosong 😴,0,0,0,0,0,in
1917435258322182617,1917465560524415067,Wed Apr 30 06:26:29 +0000 2025,samw41l,@lambedigdoyo @kompascom Nahini,1,0,0,0,0,in
1917435258322182617,1917465085737591189,Wed Apr 30 06:24:35 +0000 2025,vnmoonti,@kompascom @dkarlovski40 https://t.co/ZCZmFOWAiS,0,0,1,0,0,qme
1917435258322182617,1917465052908781981,Wed Apr 30 06:24:28 +0000 2025,Ngadinopanser,@kompascom Gimana ini om @RomeoWalker19 ?,0,0,0,0,0,in
1917435258322182617,1917463903564620093,Wed Apr 30 06:19:54 +0000 2025,rizalsuryo,@kompascom Waktu sewa odong-odong nya udah habis gaes😆😆😆😆😆😆😆,1,0,0,0,0,in
1917435258322182617,1917461562446827656,Wed Apr 30 06:10:35 +0000 2025,Tude_aja,@kompascom Tuh bus gandeng lg bikin iklan atau gmn? Skrg balik lagi dia.,1,0,0,0,0,in
1917435258322182617,1917460373181194727,Wed Apr 30 06:05:52 +0000 2025,kadarkadarijo,"@kompascom Akibat PERCAYA TUKANG NGIBULL 
NGEDABRUSS AMBROLL",0,0,0,0,0,in
1917435258322182617,1917457467262525479,Wed Apr 30 05:54:19 +0000 2025,lambedigdoyo,@kompascom Berapa uang rakyat yg dihamburkan sia2 oleh pemrthn di bawah Jokowi dgn menyewa ART (Kereta Tanpa Rel) yg hny digunakan sekedar pamer utk memoles citra IKN tsb?,1979,39,2,0,0,in
1917435258322182617,1917456386642043036,Wed Apr 30 05:50:01 +0000 2025,SiOtakDungu,@kompascom https://t.co/8hfKETuKPa,0,0,0,0,0,qme
1917435258322182617,1917456266152272334,Wed Apr 30 05:49:33 +0000 2025,theendoferaINA,"@kompascom dikembalikan apa  di tarik kembali sama produsen, karena belum dibayar",0,0,0,0,0,in
1917435258322182617,1917454736107921473,Wed Apr 30 05:43:28 +0000 2025,suijtihad,@kompascom jangan jangan cuma sewa,0,0,0,0,0,in
1917435258322182617,1917453006125293904,Wed Apr 30 05:36:35 +0000 2025,papa4bby,"@kompascom Nyewa buat gagah2an nih 🤣😂
Habis deh uang rakyat",0,0,0,0,0,in
1917435258322182617,1917452365256614273,Wed Apr 30 05:34:03 +0000 2025,Tio_Saroso,@kompascom Jogetin dong,0,0,0,0,0,en
1917435258322182617,1917452245765087264,Wed Apr 30 05:33:34 +0000 2025,BudiAri2,@kompascom cuma pinjem buat pameran?,0,0,0,0,0,in
1917435258322182617,1917452070938108188,Wed Apr 30 05:32:52 +0000 2025,HalomoanHa91790,"@kompascom Padahal udah dipuja2 penjilat jokowi dan dibela mati2an. Termasuk mahluk boncel stafsus komdigi si @kurawa .
🤣🤣🤣",0,0,0,0,0,in
1917435258322182617,1917448043252904398,Wed Apr 30 05:16:52 +0000 2025,ShandyHarahap,@kompascom Koruptornya kirim ke China juga biar di eksekusi mati.,357,0,0,0,0,in
1917435258322182617,1917447848486133878,Wed Apr 30 05:16:06 +0000 2025,NUr_chls,"@kompascom Segitu nyata dan gampangnya kita ini di bodohi, tapi bisa apa 🤣",0,0,0,0,0,in
1917435258322182617,1917447797760221571,Wed Apr 30 05:15:54 +0000 2025,Yes_Aiem,"@kompascom Rungkat, otw jadi candi ngalahin candi hambalang, ga heran udah jd satu dua org itu di danantara",37,0,0,0,0,in
1917435258322182617,1917445303718097061,Wed Apr 30 05:05:59 +0000 2025,TT010816000,"@kompascom IKN = 
IBU KOTA NGEDABRUS !
😁",0,0,0,0,0,in
1917435258322182617,1917444885160026248,Wed Apr 30 05:04:19 +0000 2025,Aldolar88,@kompascom Kebusukan demi kebusukan sedikit demi sedikit terbongkar.. Ayolah orang2 pintar pejabat yang masih peduli terhadap bangsa saatnya speak up..,0,0,0,0,0,in
1917435258322182617,1917444647376531636,Wed Apr 30 05:03:22 +0000 2025,taruno49,@kompascom Tolong dijelaskan ini konsepnya gimana @jokowi ?,1,0,0,0,0,in
1917435258322182617,1917443095911883008,Wed Apr 30 04:57:13 +0000 2025,Generasiosing,@kompascom Sayonara,0,0,0,0,0,tl
1917435258322182617,1917440520680530226,Wed Apr 30 04:46:59 +0000 2025,harjonoabi,"@kompascom Bentuk korupsi lain , demi ambisi sang raja, membuang - buang duit negara, berapa kira-kira kerugian negara ?",0,0,0,0,0,in
1917435258322182617,1917439145464717599,Wed Apr 30 04:41:31 +0000 2025,galsprata,"@kompascom Berasal dari tanah, biar kembali ke tanah.
Berasal dari China, biar kembali ke China.
Semua akan kembali.",5,0,2,0,0,in
1917435258322182617,1917438538435682536,Wed Apr 30 04:39:06 +0000 2025,miftakussurur99,"@kompascom Siapa yang menanggung biaya transportasi nya itu, Mulyono kah?",0,0,0,0,0,in
1917435258322182617,1917437257059033445,Wed Apr 30 04:34:01 +0000 2025,auibkah,@kompascom Sewa?,0,0,0,0,0,in
1917435258322182617,1917435258322182617,Wed Apr 30 04:26:04 +0000 2025,kompascom,"Autonomous Rail Transit (ART) atau kereta tanpa rel CRRC Qingdao Sifang dari China dikembalikan ke negara asalnya setelah sempat mengaspal di Ibu Kota Nusantara (IKN).

https://t.co/mlw9zhTHUc https://t.co/riE5Zx7MWv",8540,1202,552,0,0,in
1797996321707852132,1842136005253767379,Fri Oct 04 09:33:43 +0000 2024,AhmadiBrando,"@jokowi Kuliah impian makin deket! @STIKIMalang  subsidi uang pangkal sampai 60%, pas banget buat kamu yang mau mulai kuliah IT 🤩",0,0,0,0,0,in
1797996321707852132,1799273073843331177,Sat Jun 08 02:51:44 +0000 2024,Bagindo_Radjo,@Partono_ADjem @jokowi Ada di jakamulya ama jakasampurna,0,0,0,0,0,in
1797996321707852132,1799048221014241371,Fri Jun 07 11:58:15 +0000 2024,ipribadi,@jokowi Logikanya dimaneeee.,0,0,0,0,0,in
1797996321707852132,1799000973240930739,Fri Jun 07 08:50:30 +0000 2024,Supriya71141818,@derajaamro @jokowi @pln_123 Sumatra. Lampunh . Pln mati aehri semalm dan gas susah dipermainkan sma agen?????,0,0,0,0,0,in
1797996321707852132,1798989944981275083,Fri Jun 07 08:06:41 +0000 2024,Ichwan_H,@jokowi Tenggelamkan @gunadarma,0,0,0,0,0,in
1797996321707852132,1798915168363315427,Fri Jun 07 03:09:33 +0000 2024,RatuAnna7,@jokowi Ini anda presiden tapi lihat lah semua komen negatif semua tentang anda apakah anda dan sekertaris anda tutup mata dan telinga atas semua komen ini. Ini fakta dan rell di lapangan pak,0,0,0,0,0,in
1797996321707852132,1798903366904586499,Fri Jun 07 02:22:39 +0000 2024,GODZILAANEWS,"@jokowi Tenang3x..Syarat Jadi Presiden Tidak Harus Punya Ijazah Asli S1, Dalil nya Sudah Pada Tahu Kan? Jadi Kuliah Itu Kata Menterinya Sendiri Tidak Wajib, Apalagi Bagi Orang2 Yg Tidak Mampu 🙏Dari Sejarah Masa Jabatan Beliau Kita Kuliah Langsung Di Kehidupan Ini, Sembako,Biaya2 NAIK",0,0,0,0,0,in
1797996321707852132,1798888836728262907,Fri Jun 07 01:24:55 +0000 2024,pln_123,"@derajaamro @jokowi @derajaamro  Untuk kemudahan akses layanan PLN, apabila terjadi gangguan kembali Kakak dapat melapor melalui Aplikasi PLN Mobile pilih Menu Pengaduan.
Agar semua makin mudah, ayo download aplikasi New PLN Mobile. Tks -Hanik(3/3)",0,0,0,0,0,in
1797996321707852132,1798888756227035523,Fri Jun 07 01:24:35 +0000 2024,pln_123,"@derajaamro @jokowi @derajaamro  Setelah admin lakukan pengecekan padam di wilayah tsb terjadi karena gangguan, namun saat ini telah normal kembali. (2/3)",0,0,0,0,0,in
1797996321707852132,1798888708445507971,Fri Jun 07 01:24:24 +0000 2024,pln_123,@derajaamro @jokowi @derajaamro  Mohon maaf atas ketidaknyamanannya ya Kak &amp; mohon maaf admin baru bisa merespon dikarenakan keluhan Kakak masuk dalam antrian sehingga admin memiliki keterbatasan dalam menjawab.(1/3),0,0,0,0,0,in
1797996321707852132,1798802040409477304,Thu Jun 06 19:40:01 +0000 2024,CingAlung,@jokowi Pepesan kosong,0,0,0,0,0,in
1797996321707852132,1798724402751979971,Thu Jun 06 14:31:30 +0000 2024,Aa363738,@jokowi UKT nya berapa pa,0,0,0,0,0,in
1797996321707852132,1798715242433872205,Thu Jun 06 13:55:06 +0000 2024,neldot,@jokowi Pertama &amp; Terakhir,0,0,0,0,0,in
1797996321707852132,1798715150335398040,Thu Jun 06 13:54:45 +0000 2024,Partono_ADjem,@yunan10 @jokowi Wah hebat 😃🤟,0,0,0,0,0,in
1797996321707852132,1798684797444956238,Thu Jun 06 11:54:08 +0000 2024,MochFadzil7,@jokowi Anak kau aja ngak kuliah jokowi sok bicara kuliah,0,0,0,0,0,in
1797996321707852132,1798639875383763361,Thu Jun 06 08:55:38 +0000 2024,yunan10,"@Partono_ADjem @jokowi Pernah jadi dosen di sana, wira wiri depok, klp dua, kenari, salemba😁",0,0,1,0,0,in
1797996321707852132,1798609556081389628,Thu Jun 06 06:55:09 +0000 2024,siwiwidi,@jokowi Emang masih penting pendidikan?,0,0,0,0,0,in
1797996321707852132,1798594222855258455,Thu Jun 06 05:54:13 +0000 2024,ZeustaZ,@opinijelek @jokowi Wgwgwg,0,0,0,0,0,cy
1797996321707852132,1798593827072291019,Thu Jun 06 05:52:39 +0000 2024,Karsono12732862,"@jokowi Yg kuliah sopo pak, wong gak ada penduduknya",1,0,0,0,0,in
1797996321707852132,1798593039017054291,Thu Jun 06 05:49:31 +0000 2024,DuduAku16,@jokowi https://t.co/pwuh09n6ur,1,0,0,0,0,qme
1797996321707852132,1798592353089052711,Thu Jun 06 05:46:47 +0000 2024,KooSiera,@jokowi Kalau mau memajukan pendidikan UKT jangan mahal2 pak jadi semua lapisan masyarakat bisa memgeyam pendidikan. Kalau rakyat pinter2 negara juga bisa maju,0,0,0,0,0,in
1797996321707852132,1798590188828172376,Thu Jun 06 05:38:11 +0000 2024,paidi1117581,@jokowi Ini yg koment pendukungya yg kecewa kah?,0,0,0,0,0,in
1797996321707852132,1798572191992431081,Thu Jun 06 04:26:41 +0000 2024,NkoeSaja,@opinijelek @jokowi Ide bagus 🤣,0,0,0,0,0,tl
1797996321707852132,1798571119844418029,Thu Jun 06 04:22:25 +0000 2024,paraNEWnormal,@jokowi Ini yg dulu iklannya UFO itu bkn?,0,0,0,0,0,in
1797996321707852132,1798567287387283615,Thu Jun 06 04:07:11 +0000 2024,janetez69,@jokowi House for sale..🎶🎵 https://t.co/6AYp7tgGlr,0,0,0,0,0,en
1797996321707852132,1798566398064754922,Thu Jun 06 04:03:39 +0000 2024,janetez69,@SiapaAk13719019 @jokowi Itu gaji omon_omon,0,0,0,0,0,in
1797996321707852132,1798566289948238271,Thu Jun 06 04:03:13 +0000 2024,janetez69,@yuli_marlini @SiapaAk13719019 @jokowi Hahaha🤣,1,0,0,0,0,tl
1797996321707852132,1798566036394115139,Thu Jun 06 04:02:13 +0000 2024,janetez69,@Loveinloveyz @jokowi Ijasah yg tertukar..,1,0,0,0,0,in
1797996321707852132,1798565667261853716,Thu Jun 06 04:00:45 +0000 2024,janetez69,@ais_1910 @Loveinloveyz @jokowi H!tler?,1,0,0,0,0,tr
1797996321707852132,1798565152578732473,Thu Jun 06 03:58:42 +0000 2024,janetez69,@sudahtidurrr_ @jokowi Kamprott xlee,0,0,0,0,0,de
1797996321707852132,1798515530200174624,Thu Jun 06 00:41:31 +0000 2024,Partono_ADjem,@Bagindo_Radjo @jokowi Bekasi emnk ada kampus?,0,0,1,0,0,in
1797996321707852132,1798515311106482591,Thu Jun 06 00:40:39 +0000 2024,Partono_ADjem,@yunan10 @jokowi Kok jd ada dimana-mana,0,0,1,0,0,in
1797996321707852132,1798494693220810793,Wed Jun 05 23:18:43 +0000 2024,dahlan01160048,@jokowi Apa ijazah itu perlu ya ?,0,0,0,0,0,in
1797996321707852132,1798486923499241708,Wed Jun 05 22:47:51 +0000 2024,AangKur54074556,@jokowi Penting dengan kepalsuan diungkapkan ✅🤡,1,0,0,0,0,in
1797996321707852132,1798483444558905589,Wed Jun 05 22:34:02 +0000 2024,sammymusa,@jokowi Kesian,0,0,0,0,0,in
1797996321707852132,1798475262679802236,Wed Jun 05 22:01:31 +0000 2024,Silvered2233,@jokowi Setelah ini Yale dan Harvard bakalan ikut,0,0,0,0,0,in
1797996321707852132,1798440632845046077,Wed Jun 05 19:43:54 +0000 2024,UsepSunDa,@dhie_joy @jokowi mau komen pada maluuuu.... 😂😂😂,0,0,0,0,0,in
1797996321707852132,1798437090050572635,Wed Jun 05 19:29:50 +0000 2024,HenryS75761541,@jokowi Yang mau kuliah di situ siapa? Apa ada kos kosan utk mhsw n dosen di IKN? 😁,0,0,0,0,0,in
1797996321707852132,1798398286388494400,Wed Jun 05 16:55:38 +0000 2024,tom_s16955,@jokowi Gak coyo.,0,0,0,0,0,in
1797996321707852132,1798378519111831876,Wed Jun 05 15:37:05 +0000 2024,WahyuRgl,@jokowi APBN 20% tp biaya pendidikan kok masih mahal....dan kurikulum pembodohan...,0,0,0,0,0,in
1797996321707852132,1798374950530908256,Wed Jun 05 15:22:55 +0000 2024,elvano_kazwa,@jokowi support terus,0,0,0,0,0,in
1797996321707852132,1798370122861891951,Wed Jun 05 15:03:44 +0000 2024,bangdim90,"@jokowi Pak rakyat sedang susah krna beras naik, tarif listrik naik, 

Gmn nasib kami yg kerja cuma ojek.
Pendapatan pas pasan.
Lalu di tmbah program tapera yang akn nmbah berat ojol.
Sedangkn ojol hanya mitra.
Lalu gmn prosedur claimnya, jka trkena PUTUS MITRA.
TOLONG DI KAJI ULANG PAK.",0,0,0,0,0,in
1797996321707852132,1798365297507987741,Wed Jun 05 14:44:33 +0000 2024,initial_KAK,"@jokowi Skala prioritas udah kalah jauh. Semua jadi bisnis, presiden rasa CEO. Negara bukan perusahaan, tapi dijadikan penghasil cuan dan kekuasaan pribadi. Miris.",0,0,0,0,0,in
1797996321707852132,1798361267289411616,Wed Jun 05 14:28:32 +0000 2024,wapres08,"@jokowi Bruss...masuk sd 1,5 juta,smp 5 jt sma 7 juta,padahal negri",0,0,0,0,0,in
1797996321707852132,1798359461658284379,Wed Jun 05 14:21:22 +0000 2024,marwansumaila,@jokowi Oktober kamu akan diHapus,0,0,0,0,0,in
1797996321707852132,1798359422504427577,Wed Jun 05 14:21:12 +0000 2024,galakintan,@opinijelek @jokowi Mahasiswa pertamanya Samsul🤣,0,0,0,0,0,in
1797996321707852132,1798353896144019520,Wed Jun 05 13:59:15 +0000 2024,sarina_ririn37,@jokowi mantap,0,0,0,0,0,in
1797996321707852132,1798351468237615170,Wed Jun 05 13:49:36 +0000 2024,Maryadiade01,@jokowi Tapera batalin bos gua udh punya rumah. Ga ikhlas gua nyumbang ke pemerimtah,0,0,0,0,0,in
1797996321707852132,1798351424994378076,Wed Jun 05 13:49:26 +0000 2024,matbeckent,"@Waru2Waru @jokowi Ah, ini mah film fiksi....",0,0,0,0,0,in
1797996321707852132,1798349993050599694,Wed Jun 05 13:43:44 +0000 2024,burungmaleo,"@jokowi "" Capailah cita2 Anda SETINGGI LANGIT "" pidato KOSONG , oro Ono duie.

SEKARANG UTANG TAPI MAJU TERUS.",0,0,0,0,0,in
1797996321707852132,1798349525809299912,Wed Jun 05 13:41:53 +0000 2024,KefasID,@sudahtidurrr_ @jokowi Mungkin ikut mengundurkan diri.,0,0,0,0,0,in
1797996321707852132,1798348602382974997,Wed Jun 05 13:38:13 +0000 2024,hangusukma,@rico_katsumoto @jokowi kasihan yang merasa masih punya harapan,0,0,0,0,0,in
1797996321707852132,1798348569969348794,Wed Jun 05 13:38:05 +0000 2024,yunan10,@Partono_ADjem @jokowi Kenari jan lupa,0,0,1,0,0,in
1797996321707852132,1798345879616905540,Wed Jun 05 13:27:24 +0000 2024,barry_rian2,@jokowi mantap,0,0,0,0,0,in
1797996321707852132,1798340775832621169,Wed Jun 05 13:07:07 +0000 2024,SaputraR828,"@jokowi Ingat..apa yg diucapkanpasti kebalikannya..ROKET = TEKOR
🤣🤣🤣🤣🤣",0,0,0,0,0,in
1797996321707852132,1798338038273302853,Wed Jun 05 12:56:14 +0000 2024,syhdan_frdauss,@jokowi setuju,0,0,0,0,0,in
1797996321707852132,1798335321651970360,Wed Jun 05 12:45:26 +0000 2024,Bagindo_Radjo,@Partono_ADjem @jokowi Gundar bekasi lu gak tulis ?,0,0,1,0,0,in
1797996321707852132,1798334823075025189,Wed Jun 05 12:43:27 +0000 2024,Bagindo_Radjo,@jokowi Siapakah kira2 yang mau kuliah di hutan sana ?...😃😃😃😃,0,0,0,0,0,in
1797996321707852132,1798333741028479471,Wed Jun 05 12:39:09 +0000 2024,ZakariArt_,"@jokowi Kalo Gundar IKN ngurus berkas, sidang, um dll ke Margonda juga ga ya?",0,0,0,0,0,in
1797996321707852132,1798332677181018517,Wed Jun 05 12:34:56 +0000 2024,yasaRein_A,@jokowi pak sumatra listriknya mati udah lebih dari 24 jam,0,0,0,0,0,in
1797996321707852132,1798331365676683504,Wed Jun 05 12:29:43 +0000 2024,eljero_17,@jokowi https://t.co/ZjcHTNOUqg,0,0,0,0,0,qme
1797996321707852132,1798331352246571482,Wed Jun 05 12:29:40 +0000 2024,eljero_17,@jokowi https://t.co/7N99MdUyvJ,0,0,0,0,0,qme
1797996321707852132,1798331331275047104,Wed Jun 05 12:29:35 +0000 2024,eljero_17,@jokowi https://t.co/TQBDI5mewk,1,0,0,0,0,qme
1797996321707852132,1798331308663542148,Wed Jun 05 12:29:30 +0000 2024,eljero_17,@jokowi https://t.co/tcIIPp7VlT,0,0,0,0,0,qme
1797996321707852132,1798331138827821311,Wed Jun 05 12:28:49 +0000 2024,gilang_pratam1,@jokowi mantap,0,0,0,0,0,in
1797996321707852132,1798330873378734419,Wed Jun 05 12:27:46 +0000 2024,0xTron12,@derajaamro @jokowi @pln_123 Tanya sama menantu Jokowi,0,0,0,0,0,in
1797996321707852132,1798329453879455832,Wed Jun 05 12:22:07 +0000 2024,Gowesbebas,@jokowi Emang ada mahasiswanya 🤣  mending akmil sama akpol pindahin kesana... Biar ganpang latihan di hutab 🤣,0,0,0,0,0,in
1797996321707852132,1798326254099366239,Wed Jun 05 12:09:24 +0000 2024,adzka_dadang,@jokowi setuju,0,0,0,0,0,in
1797996321707852132,1798322374686945486,Wed Jun 05 11:53:59 +0000 2024,Partono_ADjem,@squirtdollw @jokowi Legalisirnya jauh ya,0,0,0,0,0,in
1797996321707852132,1798321689362853958,Wed Jun 05 11:51:16 +0000 2024,kesambetjengkol,"@jokowi Heh, gunadarma . . . Terdepan dlam prestasi.",0,0,0,0,0,in
1797996321707852132,1798319725472321752,Wed Jun 05 11:43:28 +0000 2024,fuzha_purnamaa,@jokowi mantap,0,0,0,0,0,in
1797996321707852132,1798319551861715441,Wed Jun 05 11:42:46 +0000 2024,gungsed,@opinijelek @jokowi Akwkwkwkw,0,0,0,0,0,in
1797996321707852132,1798316839887626285,Wed Jun 05 11:32:00 +0000 2024,yellowgrassroot,"@jokowi Sudahlah pak, tdk usah halusinasi",0,0,0,0,0,in
1797996321707852132,1798316780492083392,Wed Jun 05 11:31:46 +0000 2024,pln_123,@derajaamro @jokowi @derajaamro Jika masih padam Kk dpt menghubungi admin via DM atau melapor melalui Aplikasi PLN Mobile pilih Menu Pengaduan. Admin tunggu konfirmasi lebih lanjut. Tks -Galih (2/2),0,0,0,0,0,in
1797996321707852132,1798316749206798559,Wed Jun 05 11:31:38 +0000 2024,pln_123,@derajaamro @jokowi @derajaamro Mohon maaf atas gangguan yang dialami. Admin baru bisa merespon dikarenakan keluhan Kk masuk dalam antrian sehingga admin memiliki keterbatasan dalam menjawab. Untuk kondisi saat ini apakah masih padam? (1/2),0,0,2,0,0,in
1797996321707852132,1798314015703367960,Wed Jun 05 11:20:47 +0000 2024,fitria_rizqi76,@jokowi mantap,0,0,0,0,0,in
1797996321707852132,1798313775638176070,Wed Jun 05 11:19:49 +0000 2024,AAuliazahra,"@jokowi Saya setuju fasilitas pendidikan penting 
Tapiiii kalau warga miskin untuk kuliah harus HUTANG menjadi tdk penting pendidikan dan fasilitas pendidikan jg tak begitu penting 

Yg penting itu uang banyak pak dheee",0,0,0,0,0,in
1797996321707852132,1798312128702758988,Wed Jun 05 11:13:17 +0000 2024,Gama95770,"@jokowi Yg kuliah di ikn mungkinkah lulusan hutan belantara? Di Daerah, Jawa saja sekolah setara SLTA ada yg blm punya,dan hrs ke kota. Ini langsung bikin Perguruan Tinggi. Ketinggian ekspektasinya...🤪",0,0,0,0,0,in
1797996321707852132,1798311921520967752,Wed Jun 05 11:12:27 +0000 2024,RabiatulMunawa6,"@jokowi Lagi nyari komen yg pro, tp gak nemu²😅",0,0,0,0,0,in
1797996321707852132,1798310209141796885,Wed Jun 05 11:05:39 +0000 2024,GazAsk_1,"@jokowi Makin ngaco kbijakannya pak, bkin koq universitas swasta, klo buat SDM &amp; bner2 niat buat kmajuan gnerasi pnerus bangunnya yg negeri, negeri aja udh mahal gimana swasta?",0,0,0,0,0,in
1797996321707852132,1798306099264979418,Wed Jun 05 10:49:19 +0000 2024,gifari_rudy,@jokowi support terus,0,0,0,0,0,in
1797996321707852132,1798304150553543072,Wed Jun 05 10:41:35 +0000 2024,qaelanas,@malmalikamal @jokowi gatau harus seneng apa enggak.. sabun di toilet kampus aja jarang terisi😭😭,0,0,0,0,0,in
1797996321707852132,1798300544530076054,Wed Jun 05 10:27:15 +0000 2024,ZahidFaoziah,@jokowi KENAPA BUKAN UGM?,0,0,0,0,0,in
1797996321707852132,1798300095965991283,Wed Jun 05 10:25:28 +0000 2024,SirenaPramana,@jokowi Yah kasian dong gak bisa ngaku ngaku UGM cabang depok lagi deh wkwkwk,0,0,0,0,0,in
1797996321707852132,1798297606239691207,Wed Jun 05 10:15:34 +0000 2024,EndangUf60254,@opinijelek @jokowi Bu hahaha https://t.co/pfm0QF4cNz,0,0,0,0,0,tl
1797996321707852132,1798296164540039458,Wed Jun 05 10:09:51 +0000 2024,Blasttotheair,@jokowi https://t.co/ua66SSsxnW,0,0,0,0,0,qme
1797996321707852132,1798291658997670007,Wed Jun 05 09:51:56 +0000 2024,SintClaude,@jokowi Dengan menaikkan UKT ya Hahaha... seolah² APBN lepas tangan dr tugas Negara utk memberi pendidikan kpd warga negara.,0,0,0,0,0,in
1797996321707852132,1798291026358231284,Wed Jun 05 09:49:25 +0000 2024,mBiexs,@jokowi preetttt...,0,0,0,0,0,en
1797996321707852132,1798289096869310600,Wed Jun 05 09:41:45 +0000 2024,SitambunT,@opinijelek @jokowi 🤣🤣🤣,0,0,0,0,0,qme
1797996321707852132,1798284827160113317,Wed Jun 05 09:24:47 +0000 2024,apaiya47332874,"@jokowi Bangun kampus di area sana, yg mau kuliah disana siapa pak?kan info nya di IKN bakal dibatasin penduduk nya",0,0,0,0,0,in
1797996321707852132,1798282913844441126,Wed Jun 05 09:17:11 +0000 2024,IMachjar,"@jokowi Siapa yg mau kuliah di IKN..? Masyarakat nya juga belum ada,mungkin siluman kodok..😂",1,0,0,0,0,in
1797996321707852132,1798277961600430216,Wed Jun 05 08:57:31 +0000 2024,hyejeongmole,@jokowi Kirain stanford 🤭 https://t.co/cIlpxlQ8vP,0,0,0,0,0,de
1797996321707852132,1798275237873905687,Wed Jun 05 08:46:41 +0000 2024,luttfifatah,@jokowi Batalkan Tapera.,0,0,0,0,0,in
1797996321707852132,1798271542432027110,Wed Jun 05 08:32:00 +0000 2024,Fido_id_,"@goaticid @jokowi Ndak usah ribut potongan TAPERA.
Kan sebaliknya 😜",0,0,0,0,0,in
1797996321707852132,1798268871960588299,Wed Jun 05 08:21:23 +0000 2024,Cillipari,"@jokowi Kasian anak gundarnya pak. Mereka mau ada kelas pagi tapi mandinya ngantri.
https://t.co/2H6MP694ij",0,0,0,0,0,in
1797996321707852132,1798265371566481679,Wed Jun 05 08:07:29 +0000 2024,kulidalan,@jokowi Inpo kos kosan di IKN,0,0,0,0,0,in
1797996321707852132,1798264955533513180,Wed Jun 05 08:05:50 +0000 2024,ais_1910,@SiapaAk13719019 @jokowi gaji sudah besar ditambah tunjangan fix birokrat edan,0,0,0,0,0,in
1797996321707852132,1798264249644666946,Wed Jun 05 08:03:01 +0000 2024,ais_1910,@Loveinloveyz @jokowi dan H nya itu apa ya ?,1,0,2,0,0,in
1797996321707852132,1798263672818770229,Wed Jun 05 08:00:44 +0000 2024,ais_1910,@jokowi Cara jadi penguasa kan cuma ngejilat doang pak ijazah sudah tidak perlukan lagi,0,0,0,0,0,in
1797996321707852132,1798261520046174360,Wed Jun 05 07:52:11 +0000 2024,zenstrive,@jokowi Pemilik Gunadarma akan dikasih PSN,0,0,0,0,0,in
1797996321707852132,1798261067958907175,Wed Jun 05 07:50:23 +0000 2024,najibbhood,@jokowi Jmbt,0,0,0,0,0,sv
1797996321707852132,1798260707185889420,Wed Jun 05 07:48:57 +0000 2024,GYatmoko,"@marsudi_rebond @jokowi Modale okeh, trs ijine angel..gawe kedai kopi kokop wae..",0,0,0,0,0,in
1797996321707852132,1798259886322753806,Wed Jun 05 07:45:41 +0000 2024,sigitnurfianto,@jokowi Keren. Luar biasa,0,0,0,0,0,in
1797996321707852132,1798258085540360358,Wed Jun 05 07:38:32 +0000 2024,FananieZamri,"@jokowi Biar pun harvard university yang buka di sana, mahasiswanya siapa?",0,0,0,0,0,in
1797996321707852132,1798257394163786007,Wed Jun 05 07:35:47 +0000 2024,9313Wak,"@jokowi Seharusnya kasih nama ;
JHAN EHTES UNIVERSITY",1,0,0,0,0,in
1797996321707852132,1798256730599821430,Wed Jun 05 07:33:09 +0000 2024,blackflowerr89,@jokowi Pak kapan ma*i?,0,0,0,0,0,in
1797996321707852132,1798256513016094846,Wed Jun 05 07:32:17 +0000 2024,ubatciret,@opinijelek @jokowi 🤣🤣🤣🤣🤣,0,0,0,0,0,qme
1797996321707852132,1798255550553321854,Wed Jun 05 07:28:27 +0000 2024,Khun_greenman,"@jokowi Nah cocok untuk @gibran_tweet nih biar bisa kuliah lagi

Bapak @jokowi juga boleh",0,0,0,0,0,in
1797996321707852132,1798249351724335355,Wed Jun 05 07:03:49 +0000 2024,Iyo63579667,@jokowi Knp ga sekalian Nama ibukota nya jadi Daerah Jokowi Istimewa,1,0,0,0,0,in
1797996321707852132,1798247621091545394,Wed Jun 05 06:56:57 +0000 2024,heryogey,"@jokowi Pertanyaannya, siapa yg mau kuliah disana? Walau ortunya maksa..🤡",0,0,0,0,0,in
1797996321707852132,1798245583582613837,Wed Jun 05 06:48:51 +0000 2024,anakpiknik7,"@jokowi Rubah ip anak lo jok. 2,3 kan? Ngapain aja lu samsul pas kuliah. Bolos mulu apa emang lingkaran otak nya kecil? Ngoahahahahah",0,0,0,0,0,in
1797996321707852132,1798244557609669115,Wed Jun 05 06:44:46 +0000 2024,RatihMt52378,@jokowi Gaji aja ga dibayar palingan Mangkrak tuh IKN investor gada yang mau masuk..Jastip dan Palakanya gede awok awok awok..,0,0,0,0,0,in
1797996321707852132,1798244276113137744,Wed Jun 05 06:43:39 +0000 2024,yuda_a9,"@jokowi Kenapa IQ nasional cuma 78 Pak, itu yg gak bagus sektor pendidikan atau menterinya?",0,0,0,0,0,in
1797996321707852132,1798243321216897371,Wed Jun 05 06:39:52 +0000 2024,nicorobintweet,@jokowi Wow kampus w dulu tuh 🤣🤣,0,0,0,0,0,in
1797996321707852132,1798242751991189607,Wed Jun 05 06:37:36 +0000 2024,dr_didik,@cha_raf @jokowi Iya. Komersialisasi pendidikan tinggi. Kapan orang mau pinter?,0,0,0,0,0,in
1797996321707852132,1798242592779543035,Wed Jun 05 06:36:58 +0000 2024,M6041217786250,@jokowi Bukankah SDM CHINA yg kakek bangga banggakan...?,0,0,0,0,0,in
1797996321707852132,1798237351979913531,Wed Jun 05 06:16:09 +0000 2024,JJhonpres,@massayib @jokowi @bsantono Hahahhh ....   Siap2 Bayaran Para Ustaz Akan Di Potong @jokowi Lewat Pajak 🤣🤣🤣 https://t.co/Mk7Rr1naFx,0,0,0,0,0,in
1797996321707852132,1798237065911706036,Wed Jun 05 06:15:00 +0000 2024,BachtiarBasron,"@jokowi Pak Presiden susah hidup kami ini ,cari kerjaan susah mohonlah pak joko widodo kasih lah saya pekerjaan biar bisa meneruskan hidup",0,0,0,0,0,in
1797996321707852132,1798236236479660334,Wed Jun 05 06:11:43 +0000 2024,MsElva10530471,@jokowi kerjaan bapak cuma persemian dan potong pita aja,0,0,0,0,0,in
1797996321707852132,1798235699487096845,Wed Jun 05 06:09:35 +0000 2024,Yaapatuh66Yah,@jokowi Siaaannjing bacot mulu Joko https://t.co/SteE4dPPEw,0,0,0,0,0,in
1797996321707852132,1798234199226454136,Wed Jun 05 06:03:37 +0000 2024,massayib,"@jokowi kenapa pak @jokowi sebelas bulan ngGak menggaji pak @bsantono ?
https://t.co/DupoRMjtk9",2,1,1,0,0,in
1797996321707852132,1798233639265952039,Wed Jun 05 06:01:23 +0000 2024,fachricsl,@wahyu_rmdhnnn @jokowi @rifaldifiqi @ikhwalmalik Jauh,0,0,0,0,0,in
1797996321707852132,1798232914012090517,Wed Jun 05 05:58:30 +0000 2024,Arif_Analyst,"@jokowi bagaimana, kok belum ada share foto2 lapangan bola standar Fifa yg dibangun Fifa di IKN pak??",0,0,0,0,0,in
1797996321707852132,1798232676958437560,Wed Jun 05 05:57:34 +0000 2024,Arif_Analyst,"@jokowi Polanya sama, perusahaan dan instansi2 swastayg ada di jakarta diminta buat cabang di IKN...
terus investor asing seperti pernyataan awal kemana??",0,0,0,0,0,in
1797996321707852132,1798230390412554566,Wed Jun 05 05:48:29 +0000 2024,goaticid,@jokowi https://t.co/5qQqCwpHyf,60,5,1,0,0,qme
1797996321707852132,1798226906435010638,Wed Jun 05 05:34:38 +0000 2024,dumbassnerdie,@jokowi Ahh yg bener,0,0,0,0,0,in
1797996321707852132,1798226551080906918,Wed Jun 05 05:33:13 +0000 2024,jumjumareka,"@jokowi komentarnya cetar-cetar.....!!!!

netijens, i love you",0,0,0,0,0,in
1797996321707852132,1798224716572012886,Wed Jun 05 05:25:56 +0000 2024,DennySeggssegar,@Partono_ADjem @TopeLiverpool @jokowi Tb simatupang juga ada,0,0,0,0,0,in
1797996321707852132,1798223069653463180,Wed Jun 05 05:19:23 +0000 2024,GhyZul,@jokowi Beliau ini adalah keberkahan yang pernah terjadi di Indonesia. sehat selalu Pak,0,0,0,0,0,in
1797996321707852132,1798222629205422571,Wed Jun 05 05:17:38 +0000 2024,AlfanAlwi,@jokowi Min salam olahraga yuk,0,0,0,0,0,in
1797996321707852132,1798222621995376990,Wed Jun 05 05:17:37 +0000 2024,arwitjak,"@jokowi Kalau bapak mau membangun IKN sebagai ibukota greencity, sebaiknya semua listrik disetting dari solar (sinar matahari)",0,0,0,0,0,in
1797996321707852132,1798221818178007247,Wed Jun 05 05:14:25 +0000 2024,jhabadi,"@sudahtidurrr_ @jokowi serius pak joko pernah bilang ini???  😆😆😆😆
downgrade dong",0,0,0,0,0,in
1797996321707852132,1798221743133434068,Wed Jun 05 05:14:07 +0000 2024,AlexandraNg1991,"@sudahtidurrr_ @jokowi ""Stanford"". Huruf d nya cuma 1.",0,0,0,0,0,in
1797996321707852132,1798219919685046330,Wed Jun 05 05:06:52 +0000 2024,TamiaAki,"@jokowi Akun ko isinye ujatan jah, pak de tutup jah akun X nye
Mending ngurus cucu bermanfaat pak de",0,0,0,0,0,in
1797996321707852132,1798218492614988290,Wed Jun 05 05:01:12 +0000 2024,IpBayoe,"@jokowi Coy, buruh demo noh ke istana soal tapera, dah ditemuin ❓",2,0,0,0,0,in
1797996321707852132,1798217522921214113,Wed Jun 05 04:57:21 +0000 2024,Tendy_japung,"@jokowi masih kalah dengan Nepotisme yang anda lakukan,jangan hanya bicara meningkatkan kualitas SDM,kalau ujungnya Nepotisme",1,0,0,0,0,in
1797996321707852132,1798215931036144015,Wed Jun 05 04:51:01 +0000 2024,pamungkas_dhia,@jokowi support terus,0,0,0,0,0,in
1797996321707852132,1798215652693721117,Wed Jun 05 04:49:55 +0000 2024,JackjoyG,"@wicaks_kun @jokowi Kata tetangga saya ""kalo cuma ngutang aja saya juga bisa jadi presiden, toh bukan sya yg bayar hutangnya"" 🤣🤣🤣🤣🤣",4,0,0,0,0,in
1797996321707852132,1798215005814563239,Wed Jun 05 04:47:21 +0000 2024,KikuKrisan,"@jokowi Hm...Gunadarma. Sudah dilihat ranking Internasionalnya pak ? Jangan sampai menimbulkan korupsi baru kr anak-anak pejabat gak ada yang mau kuliah di sana. Atau Universitas yang scr Internasional diakui, tidak mau buka di sana ?",0,0,0,0,0,in
1797996321707852132,1798214955369713849,Wed Jun 05 04:47:09 +0000 2024,JackjoyG,@Duren___ @jokowi Kagak 🤣🤣🤣,0,0,0,0,0,in
1797996321707852132,1798213847779815847,Wed Jun 05 04:42:45 +0000 2024,Adhiepur,@jokowi Buat apa sekolah tinggi pak...toh akhirnya kalah juga sama keputusan sang paman..🫢,0,0,0,0,0,in
1797996321707852132,1798213322439102713,Wed Jun 05 04:40:39 +0000 2024,hyati6481,@jokowi Yang ngomong siapa dulu. Lihat jejak omongan,0,0,0,0,0,in
1797996321707852132,1798212702747369704,Wed Jun 05 04:38:12 +0000 2024,hd_aden,@jokowi Kalau mobil esemka sudah dijual di pasaran?,0,0,0,0,0,in
1797996321707852132,1798211757221277986,Wed Jun 05 04:34:26 +0000 2024,squirtdollw,@Partono_ADjem @jokowi Gimna Ngurus berkasnya di IKN bukan di depok lg wkwk. UM nya di IKN,0,0,1,0,0,in
1797996321707852132,1798211721120911829,Wed Jun 05 04:34:18 +0000 2024,guruseva108,"@dhie_joy @jokowi Maksudnya si gerombolan batere kembung? Mereka besar, tapi gak guna🤣🤣🤣",0,0,0,0,0,in
1797996321707852132,1798210668535165328,Wed Jun 05 04:30:07 +0000 2024,guruseva108,"@rico_katsumoto @jokowi Jangan ganggu! Keknya Bapak @jokowi  lagi sibuk utak-atik aturan, gimana caranya biar Jan Ethes bisa segera jadi wali kota.",0,0,0,0,0,in
1797996321707852132,1798210497348812960,Wed Jun 05 04:29:26 +0000 2024,FurqanIbr64677,"@jokowi Kualitas sumber daya manusia, kalo setelah kuliah dapat ijazah asli gak ya pak, bangga donk punya ijazah asli bisa diunjukkan ke publik...",0,0,0,0,0,in
1797996321707852132,1798210329983472107,Wed Jun 05 04:28:46 +0000 2024,gilang_ahm31272,@jokowi Pa @prabowo pernah loh bilang @jokowi pembohong 🤣🤣 https://t.co/ncGXa4LIcE,23,4,0,0,0,in
1797996321707852132,1798209905775816802,Wed Jun 05 04:27:05 +0000 2024,pondokG65657380,"@jokowi Benar nggak nih @gunadarma_ ???
Awokawokawokawok",0,0,0,0,0,in
1797996321707852132,1798209351439757627,Wed Jun 05 04:24:53 +0000 2024,AstutiEndang2,"@jokowi Maksudnya memperkuat memajukan upaya sektor pendidikan itu yg bagaimana ya pak? Ganti dulu menteri pendidikannya pak, yg betul² phm ttg pendidikan jgn yg ujug² naikin biaya pendidikan trs ngemil saat rapat. Netizen 62 geram pak....",0,0,0,0,0,in
1797996321707852132,1798208920261198070,Wed Jun 05 04:23:10 +0000 2024,guruseva108,"@dillenonly @jokowi Btw, Si Samsul kabarnya kemarin, ipknya berapa ya? Nyundul langitkah?",0,0,0,0,0,in
1797996321707852132,1798208071145316539,Wed Jun 05 04:19:47 +0000 2024,AstutiEndang2,@opinijelek @jokowi 🤣🤣🤣,0,0,0,0,0,qme
1797996321707852132,1798207704433152204,Wed Jun 05 04:18:20 +0000 2024,guruseva108,"@SiapaAk13719019 @jokowi Gaji gede di anggaran, tapi kagak sanggup merealisasikan, ya lebih baik mundurlah.
Apalagi proyek mercusuar untuk legacy pribadi.",0,0,0,0,0,in
1797996321707852132,1798206668951667186,Wed Jun 05 04:14:13 +0000 2024,cina_bong,@jokowi Wk wk wk wkkkkkk... https://t.co/IPqUMPzXNN,1,1,0,0,0,in
1797996321707852132,1798206250737607161,Wed Jun 05 04:12:33 +0000 2024,sahman,"@wicaks_kun @jokowi Luar biasa “prestasi”nya, sangat mengecewakan, menyesal telah dua kali menilihnya dlm pilpres😭",1,0,0,0,0,in
1797996321707852132,1798206004255191362,Wed Jun 05 04:11:35 +0000 2024,guruseva108,"@Ombahku @jokowi Memalukan dan tidak tahu malu!
Hukum karma itu riil, presisi dan tak terbeli!",0,0,0,0,0,in
1797996321707852132,1798205623882207631,Wed Jun 05 04:10:04 +0000 2024,imann72003,@daffdav @jokowi Sejak kapan si @jokowi mau perhatian kpd kebutuhan dasar masyarakat kelas menengah ke bawah?,2,0,0,0,0,in
1797996321707852132,1798204928453996982,Wed Jun 05 04:07:18 +0000 2024,imann72003,"@SiapaAk13719019 @jokowi Saking gedenya hak keuangan ketua dan wakil otorita, negara ampe kewalahan membayarnya 😂",0,0,0,0,0,in
1797996321707852132,1798204447941960015,Wed Jun 05 04:05:24 +0000 2024,MUSUH_PKI_INDO,@jokowi Mimpi luh.. Wkwkw,0,0,0,0,0,in
1797996321707852132,1798203649438707907,Wed Jun 05 04:02:13 +0000 2024,imann72003,"@jokowi Kalau @jokowi berkata A, itu maksudnya adalah B
Kalau dia berkata sore, maksud dia adalah pagi.",0,0,0,0,0,in
1797996321707852132,1798202101954498646,Wed Jun 05 03:56:04 +0000 2024,guruseva108,@GYatmoko @marsudi_rebond @jokowi Tempat kulakan seblaknya jan kelupaan 🤣🤣🤣,1,0,0,0,0,in
1797996321707852132,1798201931837677747,Wed Jun 05 03:55:24 +0000 2024,CLLim13,@Ngadinopanser @jokowi Biar gampang dulang suara lewat bansos,0,0,0,0,0,in
1797996321707852132,1798200420537676047,Wed Jun 05 03:49:23 +0000 2024,HendriBae411772,@jokowi Preett,0,0,0,0,0,en
1797996321707852132,1798198942712422905,Wed Jun 05 03:43:31 +0000 2024,aa_inunk,@jokowi Maaf gak tertarik....,0,0,0,0,0,in
1797996321707852132,1798198656493068444,Wed Jun 05 03:42:23 +0000 2024,Partono_ADjem,@TopeLiverpool @jokowi Ternyata banyak ya 😅,0,0,1,0,0,in
1797996321707852132,1798197399984443540,Wed Jun 05 03:37:23 +0000 2024,irmannasution,"@Kenikir27 @Partono_ADjem @jokowi Bentar lagi di IKN kan amanat lagu 'Genderang UI' 
Universitas Indonesia, Universitas Kami. 
'Ibukota Negara' pusat ilmu Budaya Bangsa.",0,0,0,0,0,in
1797996321707852132,1798196163486875932,Wed Jun 05 03:32:28 +0000 2024,ebjhon86,@jokowi pak tolong kami di ambon.. sdh puluhan tahun muncul kendala begini terus https://t.co/8zYxN550qD,0,0,0,0,0,in
1797996321707852132,1798196106276536692,Wed Jun 05 03:32:15 +0000 2024,uyung_mr,@jokowi Dengan UKT mahal mana mungkin meningkatkan kualitas SDM,0,0,0,0,0,in
1797996321707852132,1798194623963394244,Wed Jun 05 03:26:21 +0000 2024,MataDewa212411,"@jokowi Nggak Laku yah pak Jualan IKN atau Sepi Peminat.. ? Promonya Nggak Habis"" Deh.. 😄

Inilah Sekedar saran aja yah pak.. lebih baik pak Jokowi promosikan atau saembarakan Siapa yg Bisa Menangkap Koruptor Hidup dan Mati. Saya kasih Imbalan. Pasti Banyak org yg Minat pak",0,0,0,0,0,in
1797996321707852132,1798193089150148794,Wed Jun 05 03:20:15 +0000 2024,AliAmat47999707,"@jokowi Pak presiden!hemat kami prioritas fasilitas pendidikan harus ny di daerah² yg dimana tingkt sarjana ny kecil,bukan di IKN tg dimana org² ny mampu menyekolahkan kan anak ny kemana saja",0,0,0,0,0,in
1797996321707852132,1798192580485857620,Wed Jun 05 03:18:14 +0000 2024,jansuspendbgst,"@jokowi Legacy anda semu. Buat apa legacy IKN tapi bikin susah rakyat dgn iuran2 tambahan n naekin smua harga? Mending abis univnya jadi, anda kuliah lg disana, sama gibran n kaesang sekalian",0,0,0,0,0,in
1797996321707852132,1798191552118002081,Wed Jun 05 03:14:09 +0000 2024,AnakMasKu,@jokowi https://t.co/O0sUdyA1s3,1,0,0,0,0,qme
1797996321707852132,1798191342188925395,Wed Jun 05 03:13:19 +0000 2024,AnakMasKu,@opinijelek @jokowi Sapa tau di gundar IPK Jadi 3 koma 🤣🤣🤣,1,0,0,0,0,in
1797996321707852132,1798190322247409758,Wed Jun 05 03:09:16 +0000 2024,RIZKAINDRI,"@jokowi Stop dl IKN. Harga2 kebutuhan terus melambung. Pengangguran di mana2, sementara korupsi merajalela. Mirisnya negeri para bedebah",0,0,0,0,0,in
1797996321707852132,1798189997553827850,Wed Jun 05 03:07:58 +0000 2024,Bargowo88365221,@jokowi Sepertinya rakyat GAK ADA YANG HORMAT sama kamu @jokowi,0,0,0,0,0,in
1797996321707852132,1798189400846930225,Wed Jun 05 03:05:36 +0000 2024,BakarRotibakar,@jokowi https://t.co/Sk976Kj2aJ,0,0,0,0,0,qme
1797996321707852132,1798189324003090936,Wed Jun 05 03:05:18 +0000 2024,botanicca48,@jokowi Pak infonya gen Z 9 jt org msh pengangguran..sedih dengarnya,0,0,0,0,0,in
1797996321707852132,1798188497045684522,Wed Jun 05 03:02:01 +0000 2024,nisrina_najma,@jokowi Siapa yang mau kuliah di sana???,0,0,0,0,0,in
1797996321707852132,1798188145156165646,Wed Jun 05 03:00:37 +0000 2024,duragonkill,@marsudi_rebond @jokowi Investasi Masa Suram 😂,0,0,1,0,0,in
1797996321707852132,1798187023221887039,Wed Jun 05 02:56:09 +0000 2024,PFerdiK,@jokowi Karepmu Jokk,0,0,0,0,0,in
1797996321707852132,1798185388676460776,Wed Jun 05 02:49:39 +0000 2024,Bangrudi81,"@jokowi Katanya dulu banyak,tapi ini kok satu gimana ni",0,0,0,0,0,in
1797996321707852132,1798184817785475333,Wed Jun 05 02:47:23 +0000 2024,lampu_patromaks,@jokowi Dulu bilangnya mau ada kampus standford  sekarang jd univ gunadarma.,0,0,0,0,0,in
1797996321707852132,1798184094314250668,Wed Jun 05 02:44:31 +0000 2024,hidayat16198819,@jokowi Sukses Untuk IKN...sebagai solusi kemajuan Peradaban Nusantara,0,0,0,0,0,in
1797996321707852132,1798183726272467171,Wed Jun 05 02:43:03 +0000 2024,OnlyOnesia,@jokowi Nanti apakah bisa UKT murah syukur2 free IPI Pak ?,0,0,0,0,0,in
1797996321707852132,1798182178700083657,Wed Jun 05 02:36:54 +0000 2024,jendralnaga9,@jokowi Ga usah ngajarin rakyat yg kasih kalian makan deh,0,0,0,0,0,in
1797996321707852132,1798181375398596831,Wed Jun 05 02:33:43 +0000 2024,Alexarief1976,@andelumut03 @jokowi Heh bung..dia gak takut Tuhan...fix,0,0,0,0,0,in
1797996321707852132,1798181184058650906,Wed Jun 05 02:32:57 +0000 2024,Alhusainiyyah,@jokowi Paakk tapera ini opo pak.,0,0,0,0,0,in
1797996321707852132,1798181025253900531,Wed Jun 05 02:32:19 +0000 2024,Alexarief1976,@opinijelek @jokowi Ngakak😂😂😂😂,0,0,0,0,0,in
1797996321707852132,1798179300145020958,Wed Jun 05 02:25:28 +0000 2024,gusdureen,@wicaks_kun @jokowi #StopIKNBebanAPBN..,0,0,0,0,0,und
1797996321707852132,1798178694789530085,Wed Jun 05 02:23:04 +0000 2024,abak_zawil,@jokowi Calon mahasiswanya gimana pak?,0,0,0,0,0,in
1797996321707852132,1798177767831576747,Wed Jun 05 02:19:23 +0000 2024,sikumannakal,"@jokowi Gundar jkt iklannya naik UFO 
Gundar IKN naik taksi terbang",0,0,0,0,0,in
1797996321707852132,1798177123372556360,Wed Jun 05 02:16:49 +0000 2024,sutrisbaksono,@jokowi Yg mau kuliah siapa ??? Aneh kan,0,0,0,0,0,in
1797996321707852132,1798173849420550532,Wed Jun 05 02:03:48 +0000 2024,15Riswaldy40302,@jokowi Makin jelas kan seastanisasi ikn,0,0,0,0,0,in
1797996321707852132,1798173675109351515,Wed Jun 05 02:03:07 +0000 2024,AhmadFa86978611,@Loveinloveyz @jokowi SP (Sarjana Palsu),2,0,0,0,0,et
1797996321707852132,1798173452731633820,Wed Jun 05 02:02:14 +0000 2024,GardaGun,@jokowi Yakin?!! @gunadarma,0,0,0,0,0,in
1797996321707852132,1798173412688589044,Wed Jun 05 02:02:04 +0000 2024,tom_hutomo,"@Partono_ADjem @jokowi Gundar Salemba
Gundar X/",0,0,0,0,0,in
1797996321707852132,1798173340395520064,Wed Jun 05 02:01:47 +0000 2024,AhmadFa86978611,@jokowi buat kuliah Wapres yg baru kyknya..,0,0,0,0,0,in
1797996321707852132,1798172852455419939,Wed Jun 05 01:59:51 +0000 2024,faizalbae,@Partono_ADjem @jokowi Anak gundar lama kayaknya 😂😂🤪🔥,0,0,0,0,0,in
1797996321707852132,1798172762718224661,Wed Jun 05 01:59:29 +0000 2024,saferiusedor,@jokowi Lambemu pak...,1,1,0,0,0,in
1797996321707852132,1798171765040116163,Wed Jun 05 01:55:31 +0000 2024,absurdity_id,@jokowi Presiden apa ini setiap posting komentar netizen pada negatif. Presiden yang sudah ga dipercaya sama rakyatnya... Media internasional ada yang sudah paham blm ya?,2,0,0,0,0,in
1797996321707852132,1798171570382520642,Wed Jun 05 01:54:45 +0000 2024,ArsipMedia,@AlHiroshima @jokowi Burit?,0,0,0,0,0,en
1797996321707852132,1798171253846733004,Wed Jun 05 01:53:29 +0000 2024,hamidunduun,"@jokowi dah jauh2 dibuang ke IKN, kuliahnya di gundar. wes lah pak mboh",0,0,0,0,0,in
1797996321707852132,1798171122820944044,Wed Jun 05 01:52:58 +0000 2024,AliAmin31984360,@jokowi UKT baru udah berlaku? yg naik 500%,1,1,0,0,0,in
1797996321707852132,1798170720104776088,Wed Jun 05 01:51:22 +0000 2024,nonamesyauw,"@jokowi preettt.. Pak pikirin donk niy rakyat RI yg makin susah..Apa2 naik, apa2 dipajakin.. ANDA GAK TAKUT TUHAN? Dzolim banget siy jadi manusia",0,0,0,0,0,in
1797996321707852132,1798170236069539883,Wed Jun 05 01:49:27 +0000 2024,QueishaWijaya,"@jokowi Apa yg keluar dari mulutnya adalah dusta dan tipu daya, dialah seburuk-buruknya pemimpin.",0,0,0,0,0,in
1797996321707852132,1798170085884039192,Wed Jun 05 01:48:51 +0000 2024,Penyair_Berdiri,"@jokowi @blangkonkotak Negeri Bukan, Bayar UKT tidak ? kalo pendidikan tidak gratis &amp; merata ? percuma seribu IKN dibangun !",3,1,0,0,0,in
1797996321707852132,1798169961636278468,Wed Jun 05 01:48:21 +0000 2024,fachricsl,@jokowi Ciakakakakakaka @wahyu_rmdhnnn @rifaldifiqi @ikhwalmalik,0,0,1,0,0,tl
1797996321707852132,1798169031385788702,Wed Jun 05 01:44:40 +0000 2024,wahyu_djanti88,@jokowi Kira2 UKT nya berapa yah?? 1M kali ya?? Alahhhhhmakkkkk,0,0,0,0,0,in
1797996321707852132,1798167836847927599,Wed Jun 05 01:39:55 +0000 2024,Mocil101,"@jokowi Walau saya bukan pendukung bapak, tp saya doakan bapak amanah menjabat sbg pemimpin. Bgt jg kelak anak bapak smg amanah kelak menjabat sbg pemimpin.",0,0,0,0,0,in
1797996321707852132,1798167808918102180,Wed Jun 05 01:39:48 +0000 2024,azmax09,@Partono_ADjem @jokowi Gundar cimanggis mang,0,0,0,0,0,in
1797996321707852132,1798166623070933271,Wed Jun 05 01:35:05 +0000 2024,SakitPe14248653,"@jokowi Kmrn katanya mau menuntaskan pelanggaran ham berat, eee ternyata malah merangkul pelanggar ham berat, tukar guling ya sama samsul menjadi wapres.",0,0,0,0,0,in
1797996321707852132,1798166313707467007,Wed Jun 05 01:33:52 +0000 2024,lordbdc,@jokowi Jg lupa jatah EN U  pak,0,0,0,0,0,in
1797996321707852132,1798166168848752994,Wed Jun 05 01:33:17 +0000 2024,KsatriaRinjani,@jokowi Hore...horee...hidup joko...hidup joko....keren bgt joko...horee ..horee ...........(dlm remang terdengar nada token listrik mendayu ..nitt...nitt ..nitt..nitt..nit..),0,0,0,0,0,in
1797996321707852132,1798166133369094422,Wed Jun 05 01:33:09 +0000 2024,BryokAceh,"@jokowi Mending beli ijazah karena biaya Kuliah Mahal lagian Pasal ijazah PALSU juga tdk ada Hukuman,",0,0,0,0,0,in
1797996321707852132,1798164862604136732,Wed Jun 05 01:28:06 +0000 2024,Kenikir27,"@heriyantods @putraaudi21 @Partono_ADjem @jokowi Soal kualitas lulusan tergantung mahasiswanya, bukan kampusnya.
Yang lulusan kampus ternama yang katanya bagus kualitasnya juga ternyata ada yang nggak bisa kerja.
Yang jelas, Gundar kampus lama, lulusannya sudah sangat banyak.
😂😂",1,1,0,0,0,in
1797996321707852132,1798164643523047490,Wed Jun 05 01:27:13 +0000 2024,DidingNurislam,"@jokowi Kirain @UGMYogyakarta 

Dasar esemka",0,0,0,0,0,in
1797996321707852132,1798164596672671926,Wed Jun 05 01:27:02 +0000 2024,Khuluq3339991,@jokowi Kalo kuliah disana.. UKT nya tinggi apa rendah pak?,0,0,0,0,0,in
1797996321707852132,1798164305956966478,Wed Jun 05 01:25:53 +0000 2024,achyar20kie,@jokowi Yg ngomong SIAPA ???,0,0,0,0,0,in
1797996321707852132,1798163561459659090,Wed Jun 05 01:22:55 +0000 2024,Kenikir27,"@Partono_ADjem @jokowi Saya pikir Gundar kampus dekat UI.
Di Salemban dan Margonda, kampusnya dekat UI.
Tapi di IKN kampusnya jauh dari UI.
😂😂",0,0,1,0,0,in
1797996321707852132,1798163342521200823,Wed Jun 05 01:22:03 +0000 2024,samhugget,@jokowi Halu teruuuus,2,0,0,0,0,in
1797996321707852132,1798162940467761549,Wed Jun 05 01:20:27 +0000 2024,muhammadun_al,"@jokowi Tinggal menunggu bulan jabatan nya akan berakhir, berakhir sempurna atau berakhir di jeruji besi, 
Kar satu satunya pemimpin yg melangar UU, akan senasip sama Najib kayak nya",1,0,0,0,0,in
1797996321707852132,1798162928472133658,Wed Jun 05 01:20:25 +0000 2024,Ema70585236,@jokowi Yakin????,0,0,0,0,0,in
1797996321707852132,1798161545001865354,Wed Jun 05 01:14:55 +0000 2024,ah_ah_ah_ah_aw,@jokowi hidup jokowi salam 9999999999999999+ periode,0,0,0,0,0,in
1797996321707852132,1798160729490751989,Wed Jun 05 01:11:40 +0000 2024,itsuki_minami91,"@jokowi RAURUS PAK @jokowi . RAURUSS.
MENDING BAPAK MAMPUSIN AJA KORUPTOR SATU2.
MAU MAJU KEK CINA, CARANYA YA ITU.

BANYAK WARGA YG PONTANG.PANTING NYARI MAKAN DI JALAN. 
MENDING TUH URUS CARUT MARUT ATURAN GA KARUAN YG BIKIN INVESTOR MALES INVEST DI NEGERI INI.

https://t.co/EDpYDv7V3L",0,0,0,0,0,in
1797996321707852132,1798160722687574164,Wed Jun 05 01:11:39 +0000 2024,Yog90253354,@jokowi jika beliau brkata masihkah kalian ingat rumusnya?,0,0,0,0,0,in
1797996321707852132,1798159963711516695,Wed Jun 05 01:08:38 +0000 2024,a67c937da4094ce,"@SiapaAk13719019 @jokowi 172.718.840 x 11 bln bikin puyeng....
Berbalik badan cari kerja baru lbh baik dr pd ngitung ngareb yg g pasti....",2,0,0,0,0,in
1797996321707852132,1798159809654792254,Wed Jun 05 01:08:01 +0000 2024,hrgila,"@jokowi The one and only, Universitas yang berguna.",0,0,0,0,0,en
1797996321707852132,1798159750208885214,Wed Jun 05 01:07:47 +0000 2024,lucihappy11,@jokowi Kuliah mahal,0,0,0,0,0,in
1797996321707852132,1798159493324505373,Wed Jun 05 01:06:46 +0000 2024,rachman0565,"@jokowi Cukup IP 1,7 untuk menjadi insinyur dokterandus....!",1,0,0,0,0,in
1797996321707852132,1798159070949790187,Wed Jun 05 01:05:05 +0000 2024,xeon2244,@jokowi pembohong ini makin lihai aja!,0,0,0,0,0,in
1797996321707852132,1798158783002407257,Wed Jun 05 01:03:56 +0000 2024,cha_raf,@jokowi Kalo memang pendidikan dipandang penting oleh negara terutama presiden yang mau meningkatkan kualitas SDM dan mencetak sarjana yg bisa menghadapi persaingan global lalu mengapa perguruan tinggi sd S1 tidak  digratiskan saja ??? bertolak belakang banget gak sih ?,6,2,1,0,0,in
1797996321707852132,1798158739557757138,Wed Jun 05 01:03:46 +0000 2024,mj_groups,@jokowi Banyakin tobat kap..,1,0,0,0,0,in
1797996321707852132,1798158264653488562,Wed Jun 05 01:01:53 +0000 2024,bcandidd,@Yaawill @jokowi yah padahal IKN hijau banget,0,0,0,0,0,in
1797996321707852132,1798157647151313003,Wed Jun 05 00:59:25 +0000 2024,BanyuKirik,@jokowi 🤣🤣🤣🤣🤣🤣🤣🤣🤣🤣🤣🤣🤣🤣🤣🤣🤣🤣🤣🤣🤣🤣🤣🤣 pendidikan ga penting pak.. Yang penting adalah beras 5Kg,0,0,0,0,0,in
1797996321707852132,1798157559435755557,Wed Jun 05 00:59:04 +0000 2024,lenny1_rose,"@jokowi udah mau lengser aja pun masih aja NGIBUL, INGAT tinggal 3 ke 4 bulan lagi aja ,,Indonesia bebas dr raja NGIBUL ,yg mendukung silahkan tinggal di IKN bersama si RAJA NGIBUL",23,5,0,0,0,in
1797996321707852132,1798157343961813207,Wed Jun 05 00:58:13 +0000 2024,mrqables,@jokowi Yg kuliah dstu siapa pak dan yg ngajar siapa 🤣,0,0,0,0,0,in
1797996321707852132,1798156650735653237,Wed Jun 05 00:55:28 +0000 2024,TitaEviana,@jokowi 🥰,0,0,0,0,0,qme
1797996321707852132,1798156338079617482,Wed Jun 05 00:54:13 +0000 2024,Democrazy2221,@wicaks_kun @msaid_didu @jokowi Ngancurin Indonesia tu emang gampang ..tapi Membangun kembali itu yg susah.,0,0,0,0,0,in
1797996321707852132,1798156188317864078,Wed Jun 05 00:53:38 +0000 2024,Aleksandr_1927,@jokowi Ndobol ndobol ndobol ndobol ndobol ndobol ndobol ndobol ndobol ndobol ndobol ndobol ndobol ndobol ndobol ndobol ndobol ndobol ndobol ndobol,0,0,0,0,0,und
1797996321707852132,1798156042985242626,Wed Jun 05 00:53:03 +0000 2024,FamilyLing59616,"@jokowi Setuju Gandar ke IKN..biar pada pinter terus yg pada kuliah di Margonda, kelapa dua  wajib pindah ke Gundar  IKN.....wk ...wk...",0,0,0,0,0,in
1797996321707852132,1798155463177158879,Wed Jun 05 00:50:45 +0000 2024,firman_kanima,@jokowi Yakin itu gedung punya gunadarma apa cuma nyewa doang?,0,0,0,0,0,in
1797996321707852132,1798155123065274748,Wed Jun 05 00:49:24 +0000 2024,AgusRac99565746,"@jokowi Emang kalo ga ada ikn, Indonesia bakal bubar? Sengsara gitu? Kok ikn Mulu yg di urusin. Jangan2....",0,0,0,0,0,in
1797996321707852132,1798155031319060938,Wed Jun 05 00:49:02 +0000 2024,sulaimanariefst,@jokowi Bapak ambil kuliah disana sj biar gak ada lg yg sangsi ttg ijazah,2,1,0,0,0,in
1797996321707852132,1798154688925450327,Wed Jun 05 00:47:40 +0000 2024,bcandidd,@jokowi pak jokowi nantinya juga bakalan stay di IKN kah?,0,0,1,0,0,in
1797996321707852132,1798153525224161316,Wed Jun 05 00:43:03 +0000 2024,PohonQ,@jokowi UKTnya berapa mbah?,0,0,0,0,0,in
1797996321707852132,1798152063488348530,Wed Jun 05 00:37:14 +0000 2024,missdiah2,"@jokowi Penting banget itu garukan pasir jadi background.
Ga ada latar yang lebih cakep apa?
modal kek pake banner segede gaban.

Kas negara ludes ludes...",0,0,0,0,0,in
1797996321707852132,1798151549350494305,Wed Jun 05 00:35:12 +0000 2024,ItbRonny2,@jokowi Maknai aja sebaliknya...,0,0,0,0,0,in
1797996321707852132,1798151335638171917,Wed Jun 05 00:34:21 +0000 2024,tutura2003yaho1,@jokowi Memajukan sektor pendidikan ttpi koq ukt mo dinaikan pak,0,0,0,0,0,in
1797996321707852132,1798150987510911094,Wed Jun 05 00:32:58 +0000 2024,sajim_17,@jokowi Bo'ong mulu kerjaannya. 😭😭😭,0,0,0,0,0,in
1797996321707852132,1798150951536345282,Wed Jun 05 00:32:49 +0000 2024,wpj4ck,@jokowi Dobol kuro,0,0,0,0,0,pl
1797996321707852132,1798150635801686032,Wed Jun 05 00:31:34 +0000 2024,hsrohman1704,@jokowi Semoga barokah ....,0,0,0,0,0,in
1797996321707852132,1798150611701317770,Wed Jun 05 00:31:28 +0000 2024,Suka2akula,@jokowi knp ga bangun PTN disana pak hadehh,0,0,0,0,0,in
1797996321707852132,1798149503247323452,Wed Jun 05 00:27:04 +0000 2024,AliminHerman,"@Duren___ @jokowi SKBK judulnya 
https://t.co/G9S4uUBsYb",1,0,0,0,0,in
1797996321707852132,1798148799606734878,Wed Jun 05 00:24:16 +0000 2024,alin_raihani,@jokowi Pak..paakkkk...siapa jg yg mau kuliah di tengah hutan gitu,0,0,0,0,0,in
1797996321707852132,1798148516554133583,Wed Jun 05 00:23:08 +0000 2024,arisha_lesa,@jokowi setuju,0,0,0,0,0,in
1797996321707852132,1798148389902983299,Wed Jun 05 00:22:38 +0000 2024,haidar_arash68,@Duren___ @jokowi @jokowi Kalau  berjanji yg  bener.. jangan sampai kaya ESEMKA. Kalau ditagih nanti jawabannya : looh kok saya ngurusin perguruan swasta tanya sama orang guna darma.. heheheh... (selalu begitu),3,0,0,0,0,in
1797996321707852132,1798148199259193625,Wed Jun 05 00:21:53 +0000 2024,bagisu91488423,@jokowi Iya kalau jadi.....,0,0,0,0,0,in
1797996321707852132,1798147508398641657,Wed Jun 05 00:19:08 +0000 2024,haidar_arash68,"@Duren___ @jokowi 1000% Kaga.. percaya.. yg masuk akal kenapa bukan Universitas negeri yg ada di kalimantan seperti Universitas Lambung Mangkurat, Universitas Mulawarman, dan Universitas Palangka Raya ..kalau ITU BARU MASUK AKAL. Maliiih.",3,0,0,0,0,in
1797996321707852132,1798146915265347718,Wed Jun 05 00:16:47 +0000 2024,rpw_GI,@jokowi Hahahahhah begitu buka yang kuliah monyet dan babi hutan…..,0,0,0,0,0,in
1797996321707852132,1798146280474181994,Wed Jun 05 00:14:15 +0000 2024,yosemite_ru,@jokowi Sign kanan belok kiri https://t.co/8E3RZIM9Hc,0,0,0,0,0,in
1797996321707852132,1798146248203247923,Wed Jun 05 00:14:08 +0000 2024,fajrulafifxx,@jokowi Bikin universitas kalau ujung-ujungnya juga nanti bakalan mahal mending gausah,0,0,0,0,0,in
1797996321707852132,1798144906856427579,Wed Jun 05 00:08:48 +0000 2024,djarot_muhammad,"@jokowi Ini negara Indonesia, bukan kerajaan kaum DUNGU",0,0,0,0,0,in
1797996321707852132,1798142975165530338,Wed Jun 05 00:01:07 +0000 2024,arisha_lesa,@jokowi mantap,0,0,0,0,0,in
1797996321707852132,1798142913526071529,Wed Jun 05 00:00:53 +0000 2024,Nama_Twitku,@jokowi Potobekgron e sampah 🤣,0,0,0,0,0,da
1797996321707852132,1798142468334186632,Tue Jun 04 23:59:06 +0000 2024,Nama_Twitku,@jokowi Kuliah Gratisssss baru ada pendaftar ke gunadarma IKN 😁,0,0,0,0,0,in
1797996321707852132,1798141022649946226,Tue Jun 04 23:53:22 +0000 2024,rustamanuus158,@jokowi mahasiswabya goib smua hhhh,1,0,0,0,0,in
1797996321707852132,1798140940756091382,Tue Jun 04 23:53:02 +0000 2024,yuli_marlini,"@SiapaAk13719019 @jokowi Gajinya cuma di atas kertas, buktinya sudah 11 bulan ga dikasih 🤭😃",2,0,1,0,0,in
1797996321707852132,1798140559703605756,Tue Jun 04 23:51:31 +0000 2024,Arman_topbgt,@jokowi Adminnya siapa sih ini?,0,0,0,0,0,in
1797996321707852132,1798139646612009076,Tue Jun 04 23:47:54 +0000 2024,lin_wati28,@jokowi Buat apa kuliah mending jualan martabak / pisang bisa lgs  jd wapres &amp; ket partai,3,1,0,0,0,in
1797996321707852132,1798139490739052873,Tue Jun 04 23:47:17 +0000 2024,Alam_Malam70,@jokowi Komisaris,0,0,0,0,0,in
1797996321707852132,1798139441263067490,Tue Jun 04 23:47:05 +0000 2024,Alam_Malam70,"@jokowi Pak @jokowi emang d'best lah pokonyamah, diakhir² jabatannya bikin gebrakan² yg keren.
Bisa gak pak pimpin indonesia 32 tahun lagi? 
#Bismillahirrahmanirrahim",0,0,1,0,0,in
1797996321707852132,1798139385139081544,Tue Jun 04 23:46:51 +0000 2024,botanicca48,@jokowi Sampai separah itu kah kondisi keuangan kita saat ini pak pres?,0,0,0,0,0,in
1797996321707852132,1798139119186718845,Tue Jun 04 23:45:48 +0000 2024,dindaelin,@jokowi Oh benarkaah,0,0,0,0,0,in
1797996321707852132,1798138935820112104,Tue Jun 04 23:45:04 +0000 2024,AgusDulhadi,@jokowi Bapak setelah jadi mantan presiden baiknya tinggal di IKN.,0,0,0,0,0,in
1797996321707852132,1798138556772401203,Tue Jun 04 23:43:34 +0000 2024,mousepadbundar,@jokowi bang panitia maap itu alat berat dibelakang dipinggirin dulu ngapa,0,0,0,0,0,in
1797996321707852132,1798137808944787821,Tue Jun 04 23:40:36 +0000 2024,username_01a,@wicaks_kun @jokowi Kok ga ada TAPERA ?,0,0,0,0,0,in
1797996321707852132,1798137797402095795,Tue Jun 04 23:40:33 +0000 2024,rofii1234594,"@jokowi Pendidikan tidak penting..
Ijazah bisa beli..
Yg penting.. Duit.",0,0,0,0,0,in
1797996321707852132,1798137280231796873,Tue Jun 04 23:38:30 +0000 2024,ridwan_saleh,@jokowi Kira-kira siapa saja yang akan kuliah di sana Pak?,0,0,0,0,0,in
1797996321707852132,1798136949343125935,Tue Jun 04 23:37:11 +0000 2024,jeponshorse,"@jokowi Faktanya pakde tutup telinga dari suara² banyak guru besar di pilpres kmrn, mnrt sy pakde ga serius membangun SDM, kecuali hanya membangun sarana utk pencitraan.",0,0,0,0,0,in
1797996321707852132,1798136587391516799,Tue Jun 04 23:35:44 +0000 2024,aharifi,@jokowi Ijazahnya dilegalisir dulu pak..,0,0,0,0,0,in
1797996321707852132,1798136499327877288,Tue Jun 04 23:35:23 +0000 2024,username_01a,@jokowi Konsep IKN jadi metropolitan atau kota administrasi ibukota macam washington?,0,0,0,0,0,in
1797996321707852132,1798136496865853674,Tue Jun 04 23:35:23 +0000 2024,DEEPERSHT,@jokowi Hebat pak lanjutkan,0,0,0,0,0,in
1797996321707852132,1798135603202240651,Tue Jun 04 23:31:50 +0000 2024,Alfa_Bimas,"@wicaks_kun @msaid_didu @jokowi Tapi kalo ditanya yo ndak tau kok tanya saya, saya belum tau, liat aja nanti, tanya yang ngomong, tanya sama MK, tanya sama MA. Seolah pura2 bodoh bisa menyelamatkan mukanya",0,0,0,0,0,in
1797996321707852132,1798135164230611175,Tue Jun 04 23:30:05 +0000 2024,arsyad_a07,@jokowi https://t.co/6JHgIhuGW6,20,1,0,0,0,qme
1797996321707852132,1798133622610026931,Tue Jun 04 23:23:57 +0000 2024,sastri200531,@jokowi Walah UKT nya selangit pak.,0,0,0,0,0,in
1797996321707852132,1798132742032605462,Tue Jun 04 23:20:28 +0000 2024,henzboriel,"@jokowi Yg komen smnya ga ada pro Jokowi tp survey membuktikan kepuasan kepemimpinan pakjokow bisa 70.80% . Wkwkw
Itu rakyat mana ya.  Mau tanya . Wkwk
Semangat sehat selalu pakde . 
Semoga para pro Jokowi smnya mirip bapak ya . Aamiin",5,1,1,0,0,in
1797996321707852132,1798132416156168301,Tue Jun 04 23:19:10 +0000 2024,JiromB,@jokowi setelah pensiun ikn jadi kasus😂,0,0,0,0,0,in
1797996321707852132,1798131685563003306,Tue Jun 04 23:16:16 +0000 2024,date13xx,@jokowi Oh pantes ukt dimahalin,0,0,0,0,0,in
1797996321707852132,1798131541320814758,Tue Jun 04 23:15:41 +0000 2024,alekda,@jokowi https://t.co/fRlVLv4smh,0,0,0,0,0,qme
1797996321707852132,1798131455308206589,Tue Jun 04 23:15:21 +0000 2024,muhammadjafar25,@jokowi Pak Bansos gmn nih pak ??,0,0,0,0,0,in
1797996321707852132,1798130587670323627,Tue Jun 04 23:11:54 +0000 2024,istiraahat,@jokowi 🤣🤣🤣 @UGMYogyakarta sama @univ_indonesia kalah.. 🤣🤣🤣,0,0,0,0,0,in
1797996321707852132,1798129958919004168,Tue Jun 04 23:09:24 +0000 2024,GYatmoko,"@marsudi_rebond @jokowi Bikin kos bro, depanya ruko dipake buat londri, jual pulsa, warmindo, foto kopi..mayan disono msh belum ada.",0,0,2,0,0,in
1797996321707852132,1798129900525883805,Tue Jun 04 23:09:10 +0000 2024,okino2x,"@jokowi Gunadarma ramai di Jawa Barat, karena jumlah anak muda di p.jawa jumlahnya banyak, 
Sedangkan di IKN, siapa yang mau kesana kalau yg daftar sepi?
Apalagi anak2 ASN pasti memilih kuliah ke p.jawa drpd p.kalimantan",0,0,0,0,0,in
1797996321707852132,1798129438322041009,Tue Jun 04 23:07:20 +0000 2024,GYatmoko,@jokowi Ada yg cita2 kuliah di IKN gitu?,0,0,0,0,0,in
1797996321707852132,1798129300786614597,Tue Jun 04 23:06:47 +0000 2024,jaiz_alvin,@jokowi mantap,0,0,0,0,0,in
1797996321707852132,1798128799927984484,Tue Jun 04 23:04:48 +0000 2024,driveronlineFPL,@jokowi Margianti pride 🔥,0,0,0,0,0,it
1797996321707852132,1798128690272022975,Tue Jun 04 23:04:22 +0000 2024,adit_sitompul,"@jokowi Masih banyak yg kelaparan dipinggiran jalan dan masyarakat miskin yg butuh keadilan, anda ada dimana untuk apa untuk siapa presiden???",0,0,0,0,0,in
1797996321707852132,1798128311065026947,Tue Jun 04 23:02:51 +0000 2024,herlyyanto,@jokowi ..aku wis ora percoyo omonganmu.,0,0,0,0,0,in
1797996321707852132,1798128166051225853,Tue Jun 04 23:02:17 +0000 2024,__i_u_e_o__,@jokowi Tapi larang,0,0,0,0,0,in
1797996321707852132,1798125657093992747,Tue Jun 04 22:52:18 +0000 2024,ame_liaeight,@jokowi ini komennya gada yg + ...... menyala bgt warga twitterkuuhhh 🔥🔥🔥🔥,3,0,0,0,0,in
1797996321707852132,1798123738564845912,Tue Jun 04 22:44:41 +0000 2024,BudifitNasution,@jokowi Jgn kan kuliah SMA pun gak tamat dia..,0,0,0,0,0,in
1797996321707852132,1798123445122998571,Tue Jun 04 22:43:31 +0000 2024,hariyanto_dede,@jokowi PPDB gw Mumet...,0,0,0,0,0,in
1797996321707852132,1798123410629046783,Tue Jun 04 22:43:23 +0000 2024,denoka22,@jokowi Apa sih tujuan anda jd presiden? Urusan bangsa dan negara anda anggap hny sebatas pekerjaan sementara kepentingan keluarga anda jadikan tujuan utama dan menghalakn sgl cara sungguh culas fikiran anda...,2,1,0,0,0,in
1797996321707852132,1798122936119017518,Tue Jun 04 22:41:30 +0000 2024,AkiSuminta,@SiapaAk13719019 @jokowi Ga dibayar 11 bulan,1,0,0,0,0,in
1797996321707852132,1798122522854260824,Tue Jun 04 22:39:51 +0000 2024,yanRach15590,"@jokowi batal daftar di Gunadarma,kampusnya jauhhh",0,0,0,0,0,in
1797996321707852132,1798122492999184547,Tue Jun 04 22:39:44 +0000 2024,kapanpulangdong,@opinijelek @jokowi 🤣🤣🤣🤣,0,0,0,0,0,qme
1797996321707852132,1798122454172475898,Tue Jun 04 22:39:35 +0000 2024,AbbottMaverick,@jokowi Conspiracy to defraud me of #bitcon. Why are Iranians with a will to kill still travelling freely in #Indonesia? @Pontifex @NSAGov @USNavy @USAttorneys,0,0,0,0,0,en
1797996321707852132,1798122156657897736,Tue Jun 04 22:38:24 +0000 2024,Wiyakta82,@jokowi Loe aja Ijazah dipertanyakan malah mau ngajarin ??? Situ sehat,0,0,0,0,0,in
1797996321707852132,1798121672001941506,Tue Jun 04 22:36:28 +0000 2024,davidhermansyah,@jokowi Amiiin,0,0,0,0,0,en
1797996321707852132,1798121102839074869,Tue Jun 04 22:34:13 +0000 2024,pbuaran11A,@jokowi UKTnya terjangkau utk rakyat jelata tidak? Apakah keberadaannya terbuka utk seluruh rakyat dari segala strata dan golongan?,0,0,0,0,0,in
1797996321707852132,1798120735313186835,Tue Jun 04 22:32:45 +0000 2024,AkiSuminta,@jokowi Sales IKN...apakabar katanya stanford sbg universitas pertama yg akan ada disana,0,0,0,0,0,in
1797996321707852132,1798119456117510215,Tue Jun 04 22:27:40 +0000 2024,sel_vania,@jokowi support terus,0,0,0,0,0,in
1797996321707852132,1798118791668502911,Tue Jun 04 22:25:02 +0000 2024,Nikul_ae,@jokowi Perhitungan yang salah Gunadharma membuka disitu bagai pernikahan dini sesungguhnya,0,0,0,0,0,in
1797996321707852132,1798118626014400940,Tue Jun 04 22:24:22 +0000 2024,Hu5n4f412f424,@jokowi Mahasiswanya dari mana ?,0,0,0,0,0,in
1797996321707852132,1798118304252649658,Tue Jun 04 22:23:05 +0000 2024,enixhpt02,@jokowi Is The Best PakdeQ,0,0,0,0,0,en
1797996321707852132,1798116766817878141,Tue Jun 04 22:16:59 +0000 2024,apadongyangpas,@jokowi Univ gw,0,0,0,0,0,in
1797996321707852132,1798115367577145553,Tue Jun 04 22:11:25 +0000 2024,nurdiman_a14631,"@opinijelek @jokowi Jangan gitu Brooo...58% rakyat pilih anaknya (Gibran), berarti mmg mumpuni otak ya dan kuliahnya.. https://t.co/MiQ5Od5k6a",4,0,0,0,0,in
1797996321707852132,1798112365151658222,Tue Jun 04 21:59:29 +0000 2024,Oleng_YNWA,@jokowi BAYAR UKT NYA PAKE DAUN,0,0,0,0,0,in
1797996321707852132,1798110698767016147,Tue Jun 04 21:52:52 +0000 2024,hannajoe20,"@jokowi Maksa banget upacara kemerdekaan di IKN biar dikira hasil karya nya ya..
Esemka juga ikut dibawa ke IKN ya.",3,0,0,0,0,in
1797996321707852132,1798110480004980758,Tue Jun 04 21:52:00 +0000 2024,Dedy44169434,@jokowi paling cuma ground breaking donk.. menolak percaya,0,0,0,0,0,in
1797996321707852132,1798109798367703284,Tue Jun 04 21:49:17 +0000 2024,willufly,"@jokowi Alhamdulillah, beginilah cara Allah SWT menampakkan penghuni Jahannam selama masih hidup di dunia, seperti pemimpin yang Dzolim dan Tidak Amanah.",0,1,0,0,0,in
1797996321707852132,1798108030883766644,Tue Jun 04 21:42:16 +0000 2024,Anoaiz,"@jokowi Hai BERHALA punya product negara lain  kok bangga,ini ada fee nya ga ya,?sampe bela belain..https://t.co/kU95j6dHzN",0,0,0,0,0,in
1797996321707852132,1798107938005074168,Tue Jun 04 21:41:54 +0000 2024,Rojikin14775945,@jokowi Yang peduli  pendidikan ayoo tunjukan izasah aslinya,1,0,0,0,0,in
1797996321707852132,1798107872817291765,Tue Jun 04 21:41:38 +0000 2024,BrahmaKumbara23,"@rico_katsumoto @jokowi Jawaban template nya jokower dulu gini: ""lahh.. bupati/kpl daerahnya kmn? Kan kpl daerahnya udah dikasi dana sm pusat. Jangan semua2 pusat yg nangani. """,0,0,0,0,0,in
1797996321707852132,1798107606571253770,Tue Jun 04 21:40:35 +0000 2024,TjHookers,"@jokowi Pak, setelah pemilu kok berhenti bagi2 bansosnya? Dulu dibilang ikut cawe2 para pendukungnya gak terima",3,0,0,0,0,in
1797996321707852132,1798106754913632610,Tue Jun 04 21:37:12 +0000 2024,TjHookers,@wicaks_kun @jokowi Tambah lagi raja ngutang,1,0,0,0,0,in
1797996321707852132,1798103222915404141,Tue Jun 04 21:23:10 +0000 2024,patriotiku,@jokowi Tidak sabar menunggu oktober jokowi sampai masa jabatannya apapun yg dikatakan sudah tdk didengar siapapun bahkan got yg ikut mencitrakan dirinya dan gibran pun juga  tidak dilantik pamannyapun sdh tdk bisa membela seberapa hebatpun dia.............,21,1,0,0,0,in
1797996321707852132,1798100923350384954,Tue Jun 04 21:14:01 +0000 2024,Loveinloveyz,@jokowi Gelar Drs atau Ir https://t.co/uwfp5DYh4C,23,2,3,0,0,in
1797996321707852132,1798099440160723316,Tue Jun 04 21:08:08 +0000 2024,NSundoko,@rico_katsumoto @jokowi Kok nanya saya. Ya nggak tahu dong,0,0,0,0,0,in
1797996321707852132,1798099145468899533,Tue Jun 04 21:06:58 +0000 2024,NSundoko,@jokowi Yakinkah saudara saudara??,0,0,0,0,0,in
1797996321707852132,1798098626742538386,Tue Jun 04 21:04:54 +0000 2024,bagusharapan83,@jokowi Subhanallah,0,0,0,0,0,in
1797996321707852132,1798097040175665204,Tue Jun 04 20:58:36 +0000 2024,TitaMar80993092,@jokowi Pak pol pak pol ...sungguh miris kinerja anda ... Tuhan sj di lawan na'udzubillah https://t.co/u33pUYOJyk,0,0,0,0,0,in
1797996321707852132,1798094145770393728,Tue Jun 04 20:47:05 +0000 2024,DhannyAgus29159,"@jokowi Kasian demi ambisinya tp itu semua kosong dan memalukan diri sendiri dgn kebodohannya yg nekat tanpa konsep yg jelas, itulah gunanya ijazah asli tanda pernah sekolah, klo palsu ya bgt jd rusak bangsa ini krn segala sesuatu ngasal aja tanpa otak dan muka malu!!!",6,0,0,0,0,in
1797996321707852132,1798091611219607993,Tue Jun 04 20:37:01 +0000 2024,Effin40390587,"@jokowi Pencitraan doang,yg ada lanjut korupsi,lanjut ngebohong,lanjut impor,lanjut semua naik,lanjut ngerusak hutan/lingkungan,lanjut hutang negara,lanjut sengsara..😱😱😱😱😱",12,0,0,0,0,in
1797996321707852132,1798088759680102546,Tue Jun 04 20:25:41 +0000 2024,vinysondew,@wicaks_kun @jokowi Mau liat ni orang sakaratul mautnya gimana ya?,7,0,0,0,0,in
1797996321707852132,1798072227923177823,Tue Jun 04 19:20:00 +0000 2024,AiniAin22441959,"@jokowi Pak, saya kasih tau ya Pak. IKN bakal mangkrak, IKN itu bakal sama kaya Hambalang.",0,0,0,0,0,in
1797996321707852132,1798067793168158834,Tue Jun 04 19:02:23 +0000 2024,Alchadi86,@jokowi Kang ngibul,0,0,0,0,0,in
1797996321707852132,1798066362419736894,Tue Jun 04 18:56:41 +0000 2024,gulaligong,@jokowi Iyain aja,0,0,0,0,0,in
1797996321707852132,1798064806500671699,Tue Jun 04 18:50:30 +0000 2024,amo_bolang,"@jokowi Habis pandemi, itu harusnya fokus perekonomian dulu, malah bangun IKN, hedeh
Sekarang mau peras duit rakyat bia tapera karena uda kehabisan anggaran",3,0,0,0,0,in
1797996321707852132,1798061949416350134,Tue Jun 04 18:39:09 +0000 2024,pheiajo,@jokowi ga ada yg bagus komentar di X lu Jokowi 😂,7,0,0,0,0,in
1797996321707852132,1798061675540820307,Tue Jun 04 18:38:04 +0000 2024,muhyidin73,"@jokowi Salam sehat selalu pak,",0,0,0,0,0,in
1797996321707852132,1798061183448367311,Tue Jun 04 18:36:07 +0000 2024,olahragayoga,@jokowi Oh,0,0,0,0,0,und
1797996321707852132,1798059869934952714,Tue Jun 04 18:30:53 +0000 2024,Sigmahalim,@sudahtidurrr_ @jokowi Padahal keberadaan universitas itu merupakan ancaman dari perguruan tinggi lokal. Dikira tdk ada perguruan tinggi lokal kah..?,0,0,0,0,0,in
1797996321707852132,1798058256046469405,Tue Jun 04 18:24:29 +0000 2024,ErwandiNatuna,"@jokowi Assalamualaikum pak Presiden, tolong tukar Mendikbud pak Nadim m dg orang lain, karena kebijakan beliau meresahkan kami sebagai guru dan masyarakat.... Wassalam..",2,0,0,0,0,in
1797996321707852132,1798055438627529079,Tue Jun 04 18:13:17 +0000 2024,Ando1128135,"@Duren___ @jokowi Biaya kuliah mahal, masyarakat disitu mampu gk ?",3,0,0,0,0,in
1797996321707852132,1798055124348354714,Tue Jun 04 18:12:02 +0000 2024,nencidewi1707,@jokowi Kalo boleh tau biaya UKT nya berapa puluh juta tu pak??? 🤔,0,0,0,0,0,in
1797996321707852132,1798055107114000787,Tue Jun 04 18:11:58 +0000 2024,Bong14581230,@jokowi Orang utan mahasiswa nya,0,0,0,0,0,in
1797996321707852132,1798055070418002295,Tue Jun 04 18:11:49 +0000 2024,Xhakaarsen45541,@jokowi Ijasah asli itu penting..,0,0,0,0,0,in
1797996321707852132,1798053600574501065,Tue Jun 04 18:05:59 +0000 2024,ugikmiyarsobpp,"@jokowi Jgnkan universitas, presiden &amp; kabinet baru nanti  emank mau tinggal di IKN ? 😀😀😀 apa ga ngeri tuh klo IKN mangkrak 😭",23,1,0,0,0,in
1797996321707852132,1798052674681872645,Tue Jun 04 18:02:18 +0000 2024,lambe_indonesia,"@jokowi Pak @jokowi saya boleh gak,kagak ikutan TAPERA...
Gaji saya gak seberapa,udh di potong jamsostek,bpjs,jht,dll...
Masa iya di paksa harus ikut,demokrasi macam apa ini...",2,0,0,0,0,in
1797996321707852132,1798051619243999502,Tue Jun 04 17:58:06 +0000 2024,MkarimA_H,"@jokowi yg universitas negeri ,gak di ajak pak?",1,0,0,0,0,in
1797996321707852132,1798049946702340327,Tue Jun 04 17:51:28 +0000 2024,mr_hardi4,"@sudahtidurrr_ @jokowi masih rencana, terealisasi atau tidak yo ndak tau kok tanya saya, haha",1,0,0,0,0,in
1797996321707852132,1798046897455960532,Tue Jun 04 17:39:21 +0000 2024,roedh251179,"@jokowi kalo iniversitas asing...??
kalo rumah sakit asing...??
kalo hotel asing...???
kalo mall &amp; perkantoran asing....???

semua baru INSHAA ALAH .....!!!!!",1,0,0,0,0,in
1797996321707852132,1798046736214327505,Tue Jun 04 17:38:42 +0000 2024,pratikno_priyo,@Duren___ @jokowi Gak,1,0,0,0,0,und
1797996321707852132,1798039925155410373,Tue Jun 04 17:11:38 +0000 2024,Udang_Rebon3,@jokowi https://t.co/12TSr6guWQ,35,2,0,0,0,qme
1797996321707852132,1798039642262188433,Tue Jun 04 17:10:31 +0000 2024,dos135790,"@jokowi terlalu ini, tp mudah² an tidak gagal membuat peradaban baru dng fasilitas moderen",1,0,0,0,0,in
1797996321707852132,1798039249792668140,Tue Jun 04 17:08:57 +0000 2024,RenggaM37684672,"@jokowi Soal Tapera , tolong dengarkan ini pakde 👇 

https://t.co/1CihCfL2eM",0,0,0,0,0,in
1797996321707852132,1798037021526765969,Tue Jun 04 17:00:06 +0000 2024,ibaim5276,@jokowi Apa kata bapak deh.,0,0,0,0,0,in
1797996321707852132,1798036421120602227,Tue Jun 04 16:57:43 +0000 2024,untuN9ADsY,@jokowi iya... memajukan keluarga untuk jd pejabat,3,0,0,0,0,in
1797996321707852132,1798032070041846191,Tue Jun 04 16:40:25 +0000 2024,feodalladoef,@jokowi wes lah su rasah kakean cangkem,1,0,0,0,0,in
1797996321707852132,1798029570454741195,Tue Jun 04 16:30:30 +0000 2024,BiruScooter,"@Duren___ @jokowi Ntar jg back to kampong tu kampus, krn gak ada peminatnya tu IKN 😂",2,0,0,0,0,in
1797996321707852132,1798028577809780772,Tue Jun 04 16:26:33 +0000 2024,vngnc90,@rico_katsumoto @jokowi wkwkwkwkwk tunggu cucu saya jadi presiden,0,0,0,0,0,in
1797996321707852132,1798028430459777063,Tue Jun 04 16:25:58 +0000 2024,8REDMARKET,"@jokowi Pak kalau sekolahnya udah lulus mo kerja dimana pak? Lapangan kerjanya aja sempit google, apple, microsoft ga mau invest di indo?? 🤣🤣",3,0,0,0,0,in
1797996321707852132,1798028136699093480,Tue Jun 04 16:24:48 +0000 2024,pramesti_rengga,@jokowi Pakde jadi free transfer ke man U? Gantiin onana?,0,0,0,0,0,in
1797996321707852132,1798026860309405734,Tue Jun 04 16:19:43 +0000 2024,putraaudi21,@Partono_ADjem @jokowi Ada Gundar kalimalang,0,0,1,0,0,in
1797996321707852132,1798026503957160144,Tue Jun 04 16:18:18 +0000 2024,CLLim13,@Duren___ @jokowi Ngk,1,0,0,0,0,und
1797996321707852132,1798025914393211222,Tue Jun 04 16:15:58 +0000 2024,afzul_yak,@jokowi Untuk orang kaya orang miskin terutama di kaltim jadi tukang parkir nonton orang kaya kuliah.... Selamat menikmati,0,0,0,0,0,in
1797996321707852132,1798025867182084479,Tue Jun 04 16:15:47 +0000 2024,NdesohhBocah,@jokowi Masihkah ada yg percaya,5,0,0,0,0,in
1797996321707852132,1798025710789157004,Tue Jun 04 16:15:09 +0000 2024,Sh4d4mhu53n,@Partono_ADjem @jokowi Udah masuk bekasi,0,0,0,0,0,in
1797996321707852132,1798025386330358081,Tue Jun 04 16:13:52 +0000 2024,lase1586254,"@jokowi untuk semua komen,Sama sekali tidak ada yg membelamu pak @jokowi .semua menertawakan mu..
Tpi itu tidak sebnding dgan kebijakn2mu yg memberatkan rakyat.
Salah satu contoh: (tapera) bnyak publik tdk stuju,tpi anda tetap mksa..
Sdar pak.tlong kmbli ke jokowi yg dulu🙏",10,1,0,0,0,in
1797996321707852132,1798025116548546623,Tue Jun 04 16:12:48 +0000 2024,Brandon66667009,@jokowi @ListyoSigitP @gibran_tweet,0,0,0,0,0,qam
1797996321707852132,1798025040249982977,Tue Jun 04 16:12:29 +0000 2024,Brandon66667009,@jokowi Jokowi Perlu nonton nih @ListyoSigitP https://t.co/Ju26mFO12L,0,0,1,0,0,in
1797996321707852132,1798024585620922429,Tue Jun 04 16:10:41 +0000 2024,Waru2Waru,"@jokowi Pak presiden Yth, alangkah baik dan mulianya jika diakhir jabatan anda fokus saja  mengerahkan semua kekuatan yg dimiliki oleh seorang presiden untuk menangkap para koruptor dan mengembalikan semua uang hasil korupsi",25,0,1,0,0,in
1797996321707852132,1798024300462821481,Tue Jun 04 16:09:33 +0000 2024,guszoomurtadz,@marsudi_rebond @jokowi Kalo tanahnya cuma satu atau dua truk bolehlah pindahin... Sana bawa gih.. 🤣🤣🤣🤣,0,0,1,0,0,in
1797996321707852132,1798024112922873917,Tue Jun 04 16:08:48 +0000 2024,rejal_ajib,@jokowi Anakmu sendiri gimana jok kualitas sdm nya ?,7,2,0,0,0,in
1797996321707852132,1798023366638707030,Tue Jun 04 16:05:50 +0000 2024,CholisFariansy1,"@jokowi SDM negara kita bukan tertinggal lagi dgn negara lain, tapi sudah tergeletak di persimpangan peradaban manusia, miris memang",6,0,0,0,0,in
1797996321707852132,1798023157145862234,Tue Jun 04 16:05:00 +0000 2024,lambedigdoyo,"@jokowi Komennya kok jelek semua, ya?
Aneh...
Dulu Jokowi begitu dipuja &amp; dipercaya oleh rakyat...tetapi...mmm....bisa, ya, komen2nya blas nggak menunjukkan dukungan?
Kepercayaan rakyat itu berkah, namun ketika tdk dijaga bisa jadi petaka.....",5,0,0,0,0,in
1797996321707852132,1798023003135184956,Tue Jun 04 16:04:24 +0000 2024,satrianugrrr,@jokowi Lahhh di depok juga ada ini mah,0,0,0,0,0,in
1797996321707852132,1798022225003675910,Tue Jun 04 16:01:18 +0000 2024,MalmsteenEndye,@Saintse14075641 @jokowi Tenang aja china pasti di prioritaskan..,0,0,0,0,0,in
1797996321707852132,1798021927195607165,Tue Jun 04 16:00:07 +0000 2024,AtmoJhawe99204,@jokowi Sehat terus Presidenku.....,0,0,0,0,0,in
1797996321707852132,1798021290131132546,Tue Jun 04 15:57:35 +0000 2024,evy_wahudy,@TaufiqAdriyan @jokowi Bagus tu..tp masak iya?biasa ja undangan penuh.blm tar endingnya rungkad😀😀😀,0,0,0,0,0,in
1797996321707852132,1798020751242698905,Tue Jun 04 15:55:27 +0000 2024,sudahtidurrr_,@kyuyuuuttthh @jokowi Knpa elle,0,0,0,0,0,in
1797996321707852132,1798020750168985641,Tue Jun 04 15:55:27 +0000 2024,HeryCahyadi16,"@TaufiqAdriyan @jokowi Di sana hanya ada Air payau (lahan gambut) tidak layak diminum, beli air galonan mahal ONGKIR",0,0,0,0,0,in
1797996321707852132,1798020419561337227,Tue Jun 04 15:54:08 +0000 2024,HeryCahyadi16,"@wicaks_kun @jokowi Halo,mau tak bohongi lagi https://t.co/yWEhd2EF6B",0,0,0,0,0,in
1797996321707852132,1798020337189470503,Tue Jun 04 15:53:48 +0000 2024,ad_pur1to,"@jokowi Dollar perkasa terhadap rupiah wes 16.250
Pemerintah anteng2x aja.... dulu tembus 15.000 sdh was2x....",11,0,0,0,0,in
1797996321707852132,1798019963527233570,Tue Jun 04 15:52:19 +0000 2024,kusthe1di,"@jokowi Terus memperkuat?
Baca sebaliknya",1,0,0,0,0,in
1797996321707852132,1798019846887879091,Tue Jun 04 15:51:51 +0000 2024,memorellee,@sudahtidurrr_ @jokowi Bejir,0,0,1,0,0,in
1797996321707852132,1798019574627201488,Tue Jun 04 15:50:46 +0000 2024,Partono_ADjem,@BukhariSutrisno @jokowi Baru tau klo ada dsitu,0,0,0,0,0,in
1797996321707852132,1798019508814377046,Tue Jun 04 15:50:31 +0000 2024,Partono_ADjem,@SateTong @jokowi Merata ya mang,0,0,0,0,0,in
1797996321707852132,1798018719991603659,Tue Jun 04 15:47:23 +0000 2024,cahlantana,"@jokowi bener2 world class university, bravo pak presiden!",0,0,1,0,0,en
1797996321707852132,1798018573237174676,Tue Jun 04 15:46:48 +0000 2024,kaimsasikul,@jokowi Ni mau buat IKN apa buat pemukiman baru??kok ada kampus,1,0,0,0,0,in
1797996321707852132,1798018439447281975,Tue Jun 04 15:46:16 +0000 2024,erimeureun,"@jokowi Almamater w 🤣🤣 Ya Depok udh menthok lahanny soale,mahal pulak. butuh lokasi yg lebih lega 😂😂",0,0,0,0,0,in
1797996321707852132,1798018226074657190,Tue Jun 04 15:45:25 +0000 2024,dillenonly,@jokowi Bicara sdm ….anak mantu serta keluarga bapak sdm nya bgm ?? bisa sampe maksa jd pejabat semua😅😅😅😅,47,4,2,0,0,in
1797996321707852132,1798018075192873133,Tue Jun 04 15:44:49 +0000 2024,gadiprwr,@wongndonya @jokowi Literaly ber-Guna😅,0,0,0,0,0,in
1797996321707852132,1798018032729784705,Tue Jun 04 15:44:39 +0000 2024,Partono_ADjem,@Sh4d4mhu53n @jokowi Kalimalang katanya,0,0,1,0,0,in
1797996321707852132,1798017982754697466,Tue Jun 04 15:44:27 +0000 2024,Partono_ADjem,@putraaudi21 @jokowi Emank ada y?,1,0,1,0,0,in
1797996321707852132,1798017942262845488,Tue Jun 04 15:44:17 +0000 2024,Partono_ADjem,@YayangnyaPickaw @jokowi Kampus yg selalu ramai,0,0,0,0,0,in
1797996321707852132,1798017939347775924,Tue Jun 04 15:44:16 +0000 2024,hidhid2024,"@jokowi EH JOKO 
KAMU AGAMANYA ISLAM BUKAN ???
KAMU TAKUT GAK SAMA YAUMUL HISAB ...
APA SELAMA INI BERBUAT GAK PERNAH BERPIKIR KALAU ALLAH SWT MELIHAT DAN AKAN MEMBALAS SEMUA KEJAHATAN KAMU !!!",1,0,1,0,0,in
1797996321707852132,1798017678864716148,Tue Jun 04 15:43:14 +0000 2024,Partono_ADjem,@SateTong @jokowi Kan udh ada Univ Presiden,0,0,1,0,0,in
1797996321707852132,1798017486279049497,Tue Jun 04 15:42:28 +0000 2024,Wan_2045,@jokowi Omon3,0,0,1,0,0,en
1797996321707852132,1798016600962113713,Tue Jun 04 15:38:57 +0000 2024,Gundalagundul99,@jokowi Ora gelem lah......sepi masih hutan,0,0,1,0,0,in
1797996321707852132,1798016586143715464,Tue Jun 04 15:38:54 +0000 2024,theaudway,@wongndonya @jokowi 🤣🤣🤣🤣,0,0,0,0,0,qme
1797996321707852132,1798016479369277715,Tue Jun 04 15:38:28 +0000 2024,T_O_R_A_A_N_G,"@jokowi Kayak mana ini Pak di Perumahan Xenia Namorambe mati lampunya 2 kali dalam sehari, tolong ditanya sama @pln_123 apa penyebabnya.
Terima kasih Pak",0,0,0,0,0,in
1797996321707852132,1798016335051739333,Tue Jun 04 15:37:54 +0000 2024,DinarEdie,@jokowi Bikin ijasah di Gunadarma aja pak,4,0,0,0,0,in
1797996321707852132,1798015265835454507,Tue Jun 04 15:33:39 +0000 2024,Ngadinopanser,"@jokowi Sd, SMP, sma, sudah cukup pak, kuliah hanya kebutuhan Tersier.",7,1,2,0,0,in
1797996321707852132,1798014669829070976,Tue Jun 04 15:31:17 +0000 2024,sirulhaq,"@jokowi Ancaman Terhadap Polsek Manggala: Solidaritas Jurnalis Menuntut Penangkapan Provokator
https://t.co/J8bj002CIs

Mohon disikapi komandan",0,0,0,0,0,in
1797996321707852132,1798014653697765436,Tue Jun 04 15:31:13 +0000 2024,daffdav,@jokowi Pak gas LPG 3kg  langka segera diurus  kasihan masyarakat bawah jangan berhalu IKN melulu,21,2,2,0,0,in
1797996321707852132,1798014347853349106,Tue Jun 04 15:30:00 +0000 2024,oyenesia,"@jokowi sudahlah pak ,nanti pinokio hidungnya makin panjang ...

dah berumur semestinya ngurangi ngibulnya dan stop bikin kebijakan yg bikin rakyat susah",42,2,2,0,0,in
1797996321707852132,1798013970336583997,Tue Jun 04 15:28:30 +0000 2024,wongndonya,@jokowi Betul2 universitas yang ada gunanya...,1,0,3,0,0,in
1797996321707852132,1798013930524356780,Tue Jun 04 15:28:21 +0000 2024,TaufiqAdriyan,"@evy_wahudy @jokowi Gak perlu ada tamu undangan, biar hemat",0,0,2,0,0,in
1797996321707852132,1798013750093709483,Tue Jun 04 15:27:38 +0000 2024,TaufiqAdriyan,@NINGSIH_K67 @jokowi Black out,0,0,0,0,0,en
1797996321707852132,1798013678312460471,Tue Jun 04 15:27:21 +0000 2024,Uncukoto1,"@jokowi Mang dah ada investor yg msk yg akan membangun,OIKN aja pada mundur PLT nya bilang nggak ada yg mau inves terkait lahan yg nggak jelas asbun aja",1,0,0,0,0,in
1797996321707852132,1798013526352748885,Tue Jun 04 15:26:44 +0000 2024,Sh4d4mhu53n,@Partono_ADjem @jokowi Gundar Bekasi juga ada,0,0,1,0,0,in
1797996321707852132,1798013483700928992,Tue Jun 04 15:26:34 +0000 2024,halo16447,@jokowi Joko gatot (gagal total),0,0,1,0,0,tl
1797996321707852132,1798013471378035086,Tue Jun 04 15:26:31 +0000 2024,TaufiqAdriyan,"@jokowi Ngomong aja universitas Gunadarma di IKN, air bersih aja belum ada, (itu pak bas yang ngomong 3 Minggu yang lalu)",6,1,2,0,0,in
1797996321707852132,1798013397067587662,Tue Jun 04 15:26:13 +0000 2024,AGENDA21_EXPOSE,@jokowi Yang jadi mahasiswa komplotan babi hutan ya,4,0,0,0,0,in
1797996321707852132,1798013097925558756,Tue Jun 04 15:25:02 +0000 2024,Kessnowandoko,@jokowi Hahahaa... mahasisanya cuma anak sampeyan doang yaaa....😂😂,8,1,1,0,0,in
1797996321707852132,1798013017571176450,Tue Jun 04 15:24:43 +0000 2024,DonFlamingo_,@opinijelek @jokowi Sue lo !  🤣,0,0,1,0,0,es
1797996321707852132,1798012553345601626,Tue Jun 04 15:22:52 +0000 2024,hahardyan,@jokowi Next UT,0,0,0,0,0,en
1797996321707852132,1798010996285677723,Tue Jun 04 15:16:41 +0000 2024,BagusBagle70435,@jokowi Populasi masih 0,0,0,0,0,0,in
1797996321707852132,1798010526829830385,Tue Jun 04 15:14:49 +0000 2024,Bandivokt2,@jokowi inget kebalikan nya,0,0,1,0,0,in
1797996321707852132,1798010273389072442,Tue Jun 04 15:13:49 +0000 2024,NINGSIH_K67,"@jokowi Pak  Jokowi, Lampung mati lampu total pak dari jam 11 siang tadi pak sampe sekarang jam 10 malam  belum hidup, hidup sebentar satu jam terus mati lagi. Semua pekerjaan terhambat pak.",4,0,1,0,0,in
1797996321707852132,1798010266330001610,Tue Jun 04 15:13:47 +0000 2024,tyo_adrif1,"@jokowi Njut sik arep kuliah neng kono ki sopo, Pak Pak. Hoalah Mas Joko Mas Joko",0,0,2,0,0,in
1797996321707852132,1798010086042046737,Tue Jun 04 15:13:04 +0000 2024,ayaharno,@jokowi 271 triliyun kemana tukar guling pake TAPERA ya😁😁😁,1,0,1,0,0,in
1797996321707852132,1798009933730136461,Tue Jun 04 15:12:28 +0000 2024,syahri_ii,@jokowi Memajukan sektor pendidikan tapi melumpuhkan gaji pekerja sektoral.,4,0,1,0,0,in
1797996321707852132,1798009816306295000,Tue Jun 04 15:12:00 +0000 2024,Faisalsabri11,@jokowi 😅,0,0,0,0,0,qme
1797996321707852132,1798009755547599150,Tue Jun 04 15:11:45 +0000 2024,Mas_P4rjo,"@YayangnyaPickaw @jokowi Oh di ikn
Pengen aku kesana
Kali aja banyak prokectan",0,0,0,0,0,in
1797996321707852132,1798009527570440527,Tue Jun 04 15:10:51 +0000 2024,titalkamkawan,@jokowi Utk  meningkatkan kwalitas SDM perlu perbaikan gizi dgn program sarapan bergizi gratis biayanya dari memalak Rakyat,3,0,1,0,0,in
1797996321707852132,1798008374426312773,Tue Jun 04 15:06:16 +0000 2024,bobytm67,@Duren___ @jokowi Au  ah 🤣🤣🤣eta terangkan lah,1,0,0,0,0,in
1797996321707852132,1798008162563604537,Tue Jun 04 15:05:25 +0000 2024,putraaudi21,@Partono_ADjem @jokowi Xmalang belum disebut pak Djem,0,0,1,0,0,in
1797996321707852132,1798008074458075215,Tue Jun 04 15:05:04 +0000 2024,Mas_P4rjo,"@YayangnyaPickaw @jokowi Gak ada duit kak, mahal biayanya",0,0,0,0,0,in
1797996321707852132,1798008015507140855,Tue Jun 04 15:04:50 +0000 2024,Khairunjkt,@jokowi Kapan pensiun pak?,2,0,0,0,0,in
1797996321707852132,1798007852420022301,Tue Jun 04 15:04:12 +0000 2024,inzhapt_76,@jokowi Apakah otak pejabat sudah pada konslet ya ? https://t.co/71CN2Dh4Qa,0,0,0,0,0,in
1797996321707852132,1798007367218631125,Tue Jun 04 15:02:16 +0000 2024,fikri_ink,@jokowi Modol ah,0,0,0,0,0,in
1797996321707852132,1798007036879552713,Tue Jun 04 15:00:57 +0000 2024,sudahtidurrr_,@kalistecing @jokowi Apa,0,0,0,0,0,und
1797996321707852132,1798006967727997246,Tue Jun 04 15:00:41 +0000 2024,sudahtidurrr_,@noonebbygurl @jokowi Knp ketawa?,0,0,0,0,0,in
1797996321707852132,1798006752413438394,Tue Jun 04 14:59:49 +0000 2024,kalistecing,@sudahtidurrr_ @jokowi Heyyyyyyy,0,0,1,0,0,und
1797996321707852132,1798006680015565116,Tue Jun 04 14:59:32 +0000 2024,evy_wahudy,@jokowi Tar upacara jd diIKN ga ni.brp biaya angkut² para tamu undangan ya disaat harga beras;telur;bamer;gula naik,5,0,1,0,0,in
1797996321707852132,1798006666472157661,Tue Jun 04 14:59:29 +0000 2024,ralepuli,@SateTong @Partono_ADjem @jokowi kenapa prabowo bisa menang pak?,0,0,0,0,0,in
1797996321707852132,1798006461458739538,Tue Jun 04 14:58:40 +0000 2024,ekogun80,@jokowi knapa ngk BSI aza wkwkwkwkwkw,0,0,0,0,0,in
1797996321707852132,1798006321272520946,Tue Jun 04 14:58:06 +0000 2024,Maulanaiskhak15,@jokowi HALU,1,0,0,0,0,in
1797996321707852132,1798005704428843059,Tue Jun 04 14:55:39 +0000 2024,kodyatmoko,@jokowi Ngga sabar menunggu bulan Oktober,8,0,0,0,0,in
1797996321707852132,1798005511369142467,Tue Jun 04 14:54:53 +0000 2024,Partono_ADjem,"@jokowi Gundar margonda
Gundar kelapa dua
Gundar IKN
🔥🔥🔥",15,1,14,0,0,in
1797996321707852132,1798004802196279693,Tue Jun 04 14:52:04 +0000 2024,riimuru23,"@jokowi Inget ""kebalikan""",3,0,1,0,0,in
1797996321707852132,1798004687582667167,Tue Jun 04 14:51:37 +0000 2024,Duren___,@jokowi Percaya??... 😱😱,78,1,15,0,0,in
1797996321707852132,1798004671673733317,Tue Jun 04 14:51:33 +0000 2024,sembilanbumi,@jokowi Ini kapling tanahnya buat UG dijual per meter berapa pak barang kali ada kapling lain yang ditawarin,0,0,0,0,0,in
1797996321707852132,1798004405977166117,Tue Jun 04 14:50:30 +0000 2024,GreatMister2023,"@opinijelek @jokowi 🤣🤣🤣
Sudah mentok mas",1,0,1,0,0,in
1797996321707852132,1798003996675993694,Tue Jun 04 14:48:52 +0000 2024,VinbenD94935,@jokowi Pengen baca komennanya doang......tanda tanda akhir jaman....eh rezim,35,0,2,0,0,in
1797996321707852132,1798003632866316476,Tue Jun 04 14:47:26 +0000 2024,Nndraee07,"@jokowi @jokowi anda sudah demisioner lbh utama 150 hari sebelum mangkat jabatan fokus saja agar duit 300 triliun hsl korupsi timah bisa kembali utuh ke kas negara.
itu lbh mulia lbh bermartabat utk tutup masa jabatan",43,1,0,0,0,in
1797996321707852132,1798003388065693876,Tue Jun 04 14:46:27 +0000 2024,kanjeng_dimass,@jokowi Universitas waralaba,0,0,0,0,0,es
1797996321707852132,1798003138227810633,Tue Jun 04 14:45:28 +0000 2024,yudikuncoro505,@jokowi Sekarepmu Dhe.    Sing penting Kowe heppiiiii......,7,0,1,0,0,in
1797996321707852132,1798002301531279479,Tue Jun 04 14:42:08 +0000 2024,opik_yahya2,@jokowi support terus,0,0,0,0,0,in
1797996321707852132,1798001854972137751,Tue Jun 04 14:40:22 +0000 2024,roymz_13,"@jokowi bnyk rakyat lapar, bnyk jalanan rusak, bnyk daerah pelosok yg belum tersentuh pembangunan.. biadab..",23,0,1,0,0,in
1797996321707852132,1798001586352087059,Tue Jun 04 14:39:18 +0000 2024,singgihaputra,@jokowi Kok kampus swasta? Kenapa gak UI disuruh bikin cabang di IKN? 😁,0,0,1,0,0,in
1797996321707852132,1798001467993010517,Tue Jun 04 14:38:49 +0000 2024,Sandal_jepit77,"@jokowi Percuma sy komen, gak bakal dibaca. https://t.co/xoVKeZaVpq",7,1,0,0,0,in
1797996321707852132,1798001295057637806,Tue Jun 04 14:38:08 +0000 2024,fadly_olly,@jokowi Apa ada yang mau kuliah di sana pak? 😁,0,0,0,0,0,in
1797996321707852132,1798000779208647143,Tue Jun 04 14:36:05 +0000 2024,cupang_anggora,@jokowi Aturen sesuka lu dajjal,4,0,1,0,0,in
1797996321707852132,1798000599226789918,Tue Jun 04 14:35:22 +0000 2024,_mastito,@jokowi Bro IKN mundur kenapa?,0,0,0,0,0,in
1797996321707852132,1798000488748851387,Tue Jun 04 14:34:56 +0000 2024,rendibolot,"@jokowi Terserah bapak lah,",0,0,0,0,0,in
1797996321707852132,1798000429470810514,Tue Jun 04 14:34:42 +0000 2024,yaudamah,"@jokowi Percuma pak. Kuliah kan mahal, tersier.",2,0,1,0,0,in
1797996321707852132,1798000100322763142,Tue Jun 04 14:33:23 +0000 2024,Alamsya37483972,@jokowi https://t.co/KW7C5pfzp0,0,0,0,0,0,qme
1797996321707852132,1797999730087412032,Tue Jun 04 14:31:55 +0000 2024,syafira17110154,"@jokowi Tolong bantu donasi untuk pengobatan mata anak saya yg tunanetra melalui forum kitabisa,dengan ketik""bantu syafira selamatkan mata kiri satu-satunya.Atau bisa melalui rekening BCA 7360661631,atas nama siti mariam,ibunda dari syafira.Terimakasih",0,0,0,0,0,in
1797996321707852132,1797999374100037640,Tue Jun 04 14:30:30 +0000 2024,wicaks_kun,"@jokowi Tiap kali kamu bicara kamu bohong.

Ini daftar kejahatan kamu:
1) Melemahkan KPK
2) Omnibus Law
3) Merangkul pelanggar HAM
4) Kolonialisme di Papua
5) Memanipulasikan MK, MA, and KPU
6) Dinasti Politik
7) Melantik Menteri2 yang korup
8) Menghamburkan uang negara lewat proyek IKN",325,55,13,0,0,in
1797996321707852132,1797999110022451656,Tue Jun 04 14:29:27 +0000 2024,opinijelek,@jokowi itu anaknya coba dikuliahin lg pak,378,18,20,0,0,in
1797996321707852132,1797998889926328324,Tue Jun 04 14:28:35 +0000 2024,irawan_seni,@jokowi https://t.co/uHB5l4jvwu,0,0,0,0,0,qme
1797996321707852132,1797998613156827301,Tue Jun 04 14:27:29 +0000 2024,noonebbygurl,@sudahtidurrr_ @jokowi wkwkwkwk,0,0,1,0,0,in
1797996321707852132,1797998276282871866,Tue Jun 04 14:26:08 +0000 2024,readoneee23,"@jokowi iya pak, suka suka lu pak",0,0,0,0,0,in
1797996321707852132,1797998094409470390,Tue Jun 04 14:25:25 +0000 2024,benima_,@jokowi iyah pak,1,0,1,0,0,in
1797996321707852132,1797997804092272908,Tue Jun 04 14:24:16 +0000 2024,rombengggg,@jokowi Atur wess,0,0,0,0,0,en
1797996321707852132,1797997703575789753,Tue Jun 04 14:23:52 +0000 2024,sudahtidurrr_,@jokowi Standford apa ga jadi pak?,86,4,12,0,0,in
1797996321707852132,1797997653080645692,Tue Jun 04 14:23:40 +0000 2024,oemjioemji,"@jokowi Desperate bgt Pak tiap saat bahas IKN.... Kenapa g siapin laporan pertanggungjawaban presiden selama menjabat.
Tau g semua lini hancur?",0,0,0,0,0,in
1797996321707852132,1797997602396610757,Tue Jun 04 14:23:28 +0000 2024,m_achum,"@jokowi Saran pak...
Mending di ikn steril dari kampus2, fokus jadi kota administrasi aja.
Takutnya buat ajang demo para mahasiswa.",2,0,1,0,0,in
1797996321707852132,1797997139261575387,Tue Jun 04 14:21:37 +0000 2024,DaruWahyono,"@jokowi Fasilitas pendidikan memang sangat penting,
                       TETAPI
Biaya kuliah jauh lebih penting.",10,0,1,0,0,in
1797996321707852132,1797997077798273112,Tue Jun 04 14:21:23 +0000 2024,nanangmudji,@jokowi Ui gak perlu pindah,0,0,0,0,0,in
1797996321707852132,1797996321707852132,Tue Jun 04 14:18:22 +0000 2024,jokowi,"Universitas Gunadarma akan menjadi universitas pertama di Ibu Kota Nusantara (IKN). Fasilitas pendidikan sangat penting untuk meningkatkan kualitas sumber daya manusia (SDM) Indonesia dalam menghadapi persaingan global yang semakin ketat. 

Pemerintah akan terus memperkuat upaya memajukan sektor pendidikan di Indonesia melalui rencana pembangunan fasilitas pendidikan yang dibutuhkan oleh masyarakat. 

***
Foto: Rusman & Vico - Biro Pers Sekretariat Presiden
Lokasi: Kawasan IKN, Kabupaten Penajam Paser Utara, Provinsi Kalimantan Timur.",1538,187,582,0,0,in
1764175280149807170,1905590889617260622,Fri Mar 28 12:00:46 +0000 2025,LNovitan,"@neohistoria_id Aku setuju. Jakarta padat dan macet, IKN bisa jadi solusi. Menurut data BPS, Jakarta salah satu kota terpadat dengan 10.684.900 jiwa pada 2024. Punya istana sendiri juga bukti kemandirian Indonesia.",0,0,0,0,0,in
1764175280149807170,1851253272356798773,Tue Oct 29 13:22:29 +0000 2024,AceShikkaku,"@neohistoria_id sebenernya hal-hal kaya gini ga perlu di jadikan concern utama dan seakan jadi hal yang harus di lakukan, padahal faktanya ya banyak hal yang perlu di benahi, mulai pendanaan dunia pendidikan, bahan pangan dan lainnya, daripada bikin istana demi gelar ""bukan peninggalan kolonial""",0,0,0,0,0,in
1764175280149807170,1850608282551161251,Sun Oct 27 18:39:31 +0000 2024,mbokjawi,@neohistoria_id Bruce Wayne siap inves milyaran dolar buat nyari pengganti Gotham City. https://t.co/yoe7xVhkae,0,0,0,0,0,in
1764175280149807170,1828241758721134723,Tue Aug 27 01:22:57 +0000 2024,slntajha,"@neohistoria_id semoga dengan pembangunan istana presiden di IKN ini bisa memberikan dampak yang positif terhadap masyarakat Indonesia, bukan malah sebaliknya",0,0,0,0,0,in
1764175280149807170,1826394355734905320,Wed Aug 21 23:02:01 +0000 2024,mikmek666,@neohistoria_id https://t.co/VzMs7S1kdk,0,0,0,0,0,qme
1764175280149807170,1821665636369756619,Thu Aug 08 21:51:47 +0000 2024,ZahidFaoziah,@neohistoria_id GAK MASALAH SELAMA GAK BEBANI RAKYAT DAN MEMAKSAKAN. REALITANYA?????,0,0,0,0,0,in
1764175280149807170,1821464059197411805,Thu Aug 08 08:30:47 +0000 2024,Kiamat_Change,"@zerryantro @neohistoria_id Itu arsitektur vihara budha aslinya, agama lama. Browsing aja,biar pintar dan ndak bikin malu orang minang.",0,0,0,0,0,in
1764175280149807170,1820120051720352067,Sun Aug 04 15:30:11 +0000 2024,evy_wahudy,@neohistoria_id Istana bermegah² tp harga sembako naik&amp;kerjaan syusyah..emak² ni perlu harga beras;gula telur turun,0,0,0,0,0,in
1764175280149807170,1810962101361594850,Wed Jul 10 08:59:45 +0000 2024,Ales21070844,"@neohistoria_id https://t.co/whfO6XgRrF

Ga usah maksa yaaa.... paham ga noh..😄",0,0,0,0,0,in
1764175280149807170,1805487129583403469,Tue Jun 25 06:24:10 +0000 2024,kakeksugiono131,@IgoPuji35681 @wiwiz13 @neohistoria_id mau nyalahin siapa?bapakmu?mau orang orang pada nyalahin bapakmu?,0,0,0,0,0,in
1764175280149807170,1805248256815120482,Mon Jun 24 14:34:58 +0000 2024,arief9487,"@neohistoria_id Bagus. Cm klo bs gausah maksa hrs jadi dlm waktu singkat lah. Dan pk uang negara/apbn yg aman, bukan pk dana investor yg nuntut untung dan balik modal",0,0,0,0,0,in
1764175280149807170,1803659120521912747,Thu Jun 20 05:20:19 +0000 2024,Cillipari,"@neohistoria_id Bangganya dari situ ya?
-Bangga tuh klo rupiah 10.000
-Bangga tuh klo WNI kuliah gratis
-Bangga tuh kalau angka stunting turun dibawah 1%
Mukidi nih emg...",0,0,0,0,0,in
1764175280149807170,1803650324743463119,Thu Jun 20 04:45:22 +0000 2024,youth_hunt,"@RickyNSas @neohistoria_id Mungkin karena ""kuli jawa"" pride, jadi hobi membangun",0,0,0,0,0,in
1764175280149807170,1798134599211692078,Tue Jun 04 23:27:50 +0000 2024,Omjayyyyyyy,@neohistoria_id https://t.co/BvrRUrbUc2,0,0,0,0,0,qme
1764175280149807170,1797594108657348777,Mon Jun 03 11:40:07 +0000 2024,iwandermawan63,@neohistoria_id Iya....kebanggaan Nasional...,0,0,0,0,0,in
1764175280149807170,1797590380780941431,Mon Jun 03 11:25:19 +0000 2024,afatsal,"@neohistoria_id kelakuan lebih2 dari kolonial, logika batal.",0,0,0,0,0,in
1764175280149807170,1793449978515632271,Thu May 23 01:12:50 +0000 2024,FashionIin,@neohistoria_id BISA MEREBUT DARI KOLONIAL...HARUSNYA BANGGA LHO https://t.co/3OsJZbZned,0,0,0,0,0,in
1764175280149807170,1792553621630153026,Mon May 20 13:51:02 +0000 2024,BagusPurbaya,"@neohistoria_id Belum urgent utk punya istana baru. Fasilitas Pendidikan benahin UKT naik dll, pajak benahi dulu, ekonomi benahi dulu, korupsi benahi dulu",0,0,0,0,0,in
1764175280149807170,1792510880191852663,Mon May 20 11:01:11 +0000 2024,sepblaster,@wiwiz13 @neohistoria_id Beli Kouta mampu beli beras tidak mampu kan tolol,0,0,0,0,0,in
1764175280149807170,1770344566111002720,Wed Mar 20 07:00:10 +0000 2024,dudungg969,"@neohistoria_id hukum nya dulu pak minimal mah, btw karepmu si pak",0,0,0,0,0,in
1764175280149807170,1768268738498117946,Thu Mar 14 13:31:34 +0000 2024,s_hal_a,"@RickyNSas @neohistoria_id Mental kerajaan. Yg berkuasa merasa absolut, yang dipimpin merasa harus nyembah.",0,0,0,0,0,in
1764175280149807170,1768268591114428860,Thu Mar 14 13:30:59 +0000 2024,s_hal_a,@dAsalbantani @neohistoria_id Ngomong apa si,0,0,0,0,0,in
1764175280149807170,1768268348637499695,Thu Mar 14 13:30:01 +0000 2024,s_hal_a,@PaulusHend25754 @wiwiz13 @neohistoria_id Oiya mestinya jadi presiden aja ya🤡,0,0,0,0,0,in
1764175280149807170,1765651832062271595,Thu Mar 07 08:12:55 +0000 2024,_54vior,"@sucker4fantasy @evanwongkar @neohistoria_id Lah emg udah selesai tahun ini , berita IKN beroperasi pada 17 agustus 2024 kan udah dimana-mana. Masa situ gk update info?",0,0,0,0,0,in
1764175280149807170,1765651426112663855,Thu Mar 07 08:11:18 +0000 2024,_54vior,@sucker4fantasy @evanwongkar @neohistoria_id Kok bisa IKN sentris? Yang dibangun Jokowi gak Kalimantan doang tapi pulau lain juga termasuk Papua udh ada dibangun infrastructure,0,0,0,0,0,in
1764175280149807170,1765223263557599336,Wed Mar 06 03:49:56 +0000 2024,mahani0706,@Azzam_azhar13 @_54vior @PakarINTELek @neohistoria_id kocaknya lucunya lo pikir semua orang paham 😂😂,0,0,0,0,0,in
1764175280149807170,1765007976568594846,Tue Mar 05 13:34:28 +0000 2024,sucker4fantasy,"@_54vior @evanwongkar @neohistoria_id Nanti jadinya bukan lagi jawa sentris, IKN sentris dong",0,0,1,0,0,in
1764175280149807170,1765005220701200777,Tue Mar 05 13:23:31 +0000 2024,sucker4fantasy,"@_54vior @evanwongkar @neohistoria_id Kalo kota-kota besar di Kalimantan banyak yg dikembangkan seperti Jakarta seperti kata Anies, bagus dong lebih merata. Ga hanya sentral di IKN aja. Nah lebih pemerataan yg mana tuh? Semua kota besar dikembangkan atau IKN nya aja? Oake logika aja udah kejawab kok",0,0,1,0,0,in
1764175280149807170,1765004902332502160,Tue Mar 05 13:22:15 +0000 2024,sucker4fantasy,"@_54vior @evanwongkar @neohistoria_id Yakin selesai tahun ini? Jokowi taun lalu bilangnya selesai 15-20 tahun mendatang. Iya emang jangan Jakarta terus yg dikembangkan, ada kota besar lain yg bisa dikembangkan. Memang sekarang kondisinya belum seberkembang Jakarta tapi sudah mengikuti.",0,0,2,0,0,in
1764175280149807170,1764972847406178374,Tue Mar 05 11:14:53 +0000 2024,_54vior,"@sucker4fantasy @evanwongkar @neohistoria_id ""Di Kalimantan udh ada kota-kota besar kenapa gak dikembangkan?""

Tau artinya pemerataan wilayah gak? Jangan kek Jawa yg dikembangkan Jakarta mulu  wilayah lain baru diurus. Orang Kalimantan bersyukur Jokowi gak jawasentris kek presiden² sebelumnya",0,0,0,0,0,in
1764175280149807170,1764972190506901946,Tue Mar 05 11:12:16 +0000 2024,_54vior,"@sucker4fantasy @evanwongkar @neohistoria_id Ditengah kondisi negara lagi seperti ini? Ditengah apaan? Proyek IKN udh sejak tahun² lalu dan selesai tahun ini bkn baru dibuat sekarang. Klo gk sekarang dibuka trs kapan? Saat ini aja Jakarta udah gabisa nampung, bangun IKN gabisa 2-3 tahun selesai itu butuh waktu yang panjang",0,0,2,0,0,in
1764175280149807170,1764896174966993274,Tue Mar 05 06:10:12 +0000 2024,joko_ngibul,@palingteguh @neohistoria_id Nggak lupa rumus yg dipakai ketika Jokow mulai ngomong kan?,0,0,0,0,0,in
1764175280149807170,1764868985290739897,Tue Mar 05 04:22:10 +0000 2024,mochienyol,"@_luqi_ @PakarINTELek @neohistoria_id Wkwkwkwk makanya saya nanya, emang mereka jadi maju cm krn pindah2 ibukota? Bukan dong brrti? Lagian yg blg saya anti pembangunan juga siapa? Saya lebih mendukung PEMBANGUNAN dan EKONOMI MERATA di seluruh kota di Indonesia. Masa daritadi ngobrol gak ngerti poin argumen saya",0,0,0,0,0,in
1764175280149807170,1764865676970525165,Tue Mar 05 04:09:01 +0000 2024,Indiegirl09,"@neohistoria_id Istana sebesar, semegah dan swmahal itu utk apakah? Koq jadi mirip Erdogan. Istana gedung putih aja ga segede gaban begitu. Penghamburan yg luar biasa parah",0,0,0,0,0,in
1764175280149807170,1764865039713079392,Tue Mar 05 04:06:29 +0000 2024,czxtrem,"@ScndNoise Kalau mau debat itu, lu kasih dulu argumen, baru bacot, gw kasih argumen apa hubungan balasan twit gw dengan lu bilang kalau menang, gk ada lu balas argumen, eh tiba2 ngebacot, kan jawa tolol 😝😝 ni gw ngebacotin jawa mulu gk ada yang berani debat gw, gk ada berani adu argumen?",0,0,0,0,0,in
1764175280149807170,1764854782450364418,Tue Mar 05 03:25:44 +0000 2024,A_BiSo11,"@RickyNSas @J_fransz @ZamroniTAkhmad @neohistoria_id Tanda kemajuan, itu belum menujukan maju Pak. Kemajuan, itu kaya menunjukan kata menuju Maju. Btw, saya agak was-was berkomentar. Mangkanya jarang berkomentar, di fb dan di ig saya nggak bisa komen. Mungkin di laporkan sama pndukung 01, tpi gpp tndanya mereka tkut.",0,0,0,0,0,in
1764175280149807170,1764851812342157341,Tue Mar 05 03:13:56 +0000 2024,lucifer_evo,"@dAsalbantani @neohistoria_id OMONG KOSONG

Pembangunan IKN di Penajam Paser tujuannya untuk memperkaya prabowo, karena tiap jengkal tanah di sana mau dibangun harus bayar ke prabowo",0,0,1,0,0,in
1764175280149807170,1764843138898952610,Tue Mar 05 02:39:28 +0000 2024,_luqi_,"@mochienyol @PakarINTELek @neohistoria_id nah kan dipelintir. china udah jd negara maju (untuk ukuran zaman itu) sejak ribuan tahun lalu. bkn baru2 ini saja. baca aja sejarah china.
saya sih yakin indonesia bisa jd negara maju dlm 200 thn asalkan nggak direcoki ama kaum anti pembangunan seperti Anda.",0,0,1,0,0,in
1764175280149807170,1764842285823590867,Tue Mar 05 02:36:04 +0000 2024,sun_niar,"@neohistoria_id Iya, gedein aja harga diri u itu, iya, hmm, terusin..., bangun yg gede, klo bisa jngan cuman istana negara, istana ank, cucu, buyut lu sekalian, gedein smua!!
Aghghhh, gendek gw",0,0,0,0,0,in
1764175280149807170,1764838228136485286,Tue Mar 05 02:19:57 +0000 2024,mochienyol,@_luqi_ @PakarINTELek @neohistoria_id Udah ada risetnya kah pindah2 ibukota itu faktor utama mereka jadi negara maju? Bukan karena pemerataan ekonomi dan pembangunan? Yaudah kalau gitu menurut lo. Selamat menunggu 3000 tahun sampai Indonesia menjadi negara maju,0,0,1,0,0,in
1764175280149807170,1764832457562448288,Tue Mar 05 01:57:01 +0000 2024,chi00chi,"@neohistoria_id sebenernya bagus di IKN, kalo pejabatnya sembarangan langsung di santet orang sana 😁",0,0,0,0,0,in
1764175280149807170,1764829308840026595,Tue Mar 05 01:44:30 +0000 2024,HermawanadiCand,"@Bitters51852082 @PakarINTELek @neohistoria_id Di Korut, survey 100% ""silent majority"" full support Kim Jong Un

Di Rumania, th 89, klaim diktator Nicolai Ceausescu, 98,5%

1997, Orba, ""silent majority"" berbicara, approvale rating Suharto 91%!

Org2 waras mmg percaya pd framing penguasa2 spt ini

Ketik 1, masuk surga!

Me: 1",0,0,0,0,0,in
1764175280149807170,1764827635597861301,Tue Mar 05 01:37:51 +0000 2024,_luqi_,"@mochienyol @PakarINTELek @neohistoria_id ya memang hrs demikian klo mau negaranya maju. amerika saja pindahkan ibu kota dari new york, australia dari melbourne ke canberra. bahkan china aja pindah ibu kota 6x dalam 3000 thn terakhir, bahkan skrg rencana mau pindah lagi.",0,0,1,0,0,in
1764175280149807170,1764820047598346738,Tue Mar 05 01:07:42 +0000 2024,rony_nasution,@neohistoria_id Bukan peninggalan kolonial tapi harus peninggalan Jokowi..😆,0,0,0,0,0,in
1764175280149807170,1764817961355977022,Tue Mar 05 00:59:25 +0000 2024,ByAbelian,@harurriya @proteinietorp @fuyukuuki @palingteguh @neohistoria_id Okeee noted. Berarti yang harusnya jadi perwakilan ini bener bener ngerti apa yang mayoritas rakyat di perwakilan wilayahnya mau yaa kak. Terimakasih banyaak.,0,0,0,0,0,in
1764175280149807170,1764817850014032302,Tue Mar 05 00:58:58 +0000 2024,spacex16y12x,@prophetofzorck @neohistoria_id Sangat benar,0,0,0,0,0,in
1764175280149807170,1764817562125377576,Tue Mar 05 00:57:50 +0000 2024,bee_stya,@neohistoria_id Min pak @jokowi pernah berdiam atau bahkan berkantor di hampir semua istana kepresiden.  Tapi kenapa beliau mengecualikan istana Tampak Siring ya?,0,0,0,0,0,in
1764175280149807170,1764810177222750329,Tue Mar 05 00:28:29 +0000 2024,indramadong,@prophetofzorck @neohistoria_id Sah kan saja dulu UU anti korupsi dan perampasan aset,0,0,0,0,0,in
1764175280149807170,1764802666163773718,Mon Mar 04 23:58:38 +0000 2024,mochienyol,@_luqi_ @PakarINTELek @neohistoria_id Apakah HANYA dg menjadikan sebuah kota sbg ibukota negara baru bisa ada pembangunan yang maju? Kalau gitu berarti tiap kota di Indonesia dalam 1000 tahun ke depan bergiliran jadi ibukota dong ya baru bisa maju,0,0,1,0,0,in
1764175280149807170,1764792533497036897,Mon Mar 04 23:18:22 +0000 2024,BangsaBesar45,@IgoPuji35681 @wiwiz13 @neohistoria_id Ya iyalah.. Krn harusnya beliau melayani rakyat memastikan harga-harga stabil. Berbagai fasilitas iya dapatkan untuk apa? Ya untuk mengurusi semua! Krn itu beliau pun punya banyak pembantu tujuannya apa??!! Ayo dong mikir,2,0,0,0,0,in
1764175280149807170,1764791894058602994,Mon Mar 04 23:15:50 +0000 2024,BangsaBesar45,@prophetofzorck @neohistoria_id Yg ada hukum kita lihat sendiri kondisi.. lihat saja UU KPK dll,0,0,0,0,0,in
1764175280149807170,1764780596558008537,Mon Mar 04 22:30:56 +0000 2024,agunsafi_i7,@palingteguh @neohistoria_id Pake nanya 🤣🤣🤣,0,0,0,0,0,tl
1764175280149807170,1764763742569660700,Mon Mar 04 21:23:58 +0000 2024,twitkeren,@degatarif @neohistoria_id Tapi sama orang sampit deket ga sih,0,0,0,0,0,in
1764175280149807170,1764763358971261222,Mon Mar 04 21:22:27 +0000 2024,MasDok,@RickyNSas @neohistoria_id Pingin bikin 'legacy',0,0,0,0,0,en
1764175280149807170,1764733257080594699,Mon Mar 04 19:22:50 +0000 2024,ndrakuur,@neohistoria_id Oke gas oke gas,0,0,0,0,0,en
1764175280149807170,1764689160395513866,Mon Mar 04 16:27:36 +0000 2024,GilangFaturrozy,@wiwiz13 @neohistoria_id Apaansi? Lu doang kali?,0,0,0,0,0,in
1764175280149807170,1764689158893887692,Mon Mar 04 16:27:36 +0000 2024,youroniichan13,"@ungkpanrasa @neohistoria_id BBM tetep lah naik, gila kalo ga naik padahal harga minyak dunia semakin meroket",0,0,0,0,0,in
1764175280149807170,1764680932676784186,Mon Mar 04 15:54:55 +0000 2024,bethorokollo,@neohistoria_id Itu memang peninggalan kolonial yg direbut oleh para pahlawan,0,0,0,0,0,in
1764175280149807170,1764669912537083978,Mon Mar 04 15:11:07 +0000 2024,RKristiners,@evbianmerlinda @wiwiz13 @neohistoria_id Ini niat kamu mau sarkas ke salah satu wakil rakyat yg kmrn kasih statment terkait skincare vs Beras kak?,0,0,0,0,0,in
1764175280149807170,1764667769621266562,Mon Mar 04 15:02:36 +0000 2024,begywho,"@neohistoria_id Ada aja akal2annya utk menghambur2kan uang negara, pdhl masih banyak yg lebih krusial drpd bangun istana presiden.",0,0,0,0,0,in
1764175280149807170,1764658370185965953,Mon Mar 04 14:25:15 +0000 2024,DenyCloudy,@neohistoria_id 😂😅🤣😂😅🤣😂🤣😅🤣😂😅🤣😂😉😅😂🤣😅🤣😂🤣😅🤣😂🤣😅🤣😂🤣😅🤣😂🤣😅🤣😂🤣😅🤣😂🤣😅🤣😂🤣😅🤣😂🤣😅🤣😂🤣😅🤣😂🤣😅🤣😂🤣😅🤣😂🤣😅🤣😂🤣😅🤣😂🤣😅🤣😂🤣😅🤣😂🤣😅🤣😂🤣😅🤣😂🤣😅🤣😂🤣😅🤣😂🤣😅🤣😂🤣😅🤣😂🤣😅🤣😂🤣😅🤣😂🤣😅🤣😂🤣😅🤣😂🤣😅🤣😂😅🤣😂😅🤣😂😅🤣😂😅🤣😂😅🤣😂,0,0,0,0,0,qme
1764175280149807170,1764647097620664415,Mon Mar 04 13:40:28 +0000 2024,L4w4k4nd4,@neohistoria_id Klaiatan heroik gitu syg ny yg ngomong Jokowi... yg jual proyek ikn keliling dunia cari ingpestor.,0,0,0,0,0,in
1764175280149807170,1764646591796019690,Mon Mar 04 13:38:27 +0000 2024,mamankunjeri,@neohistoria_id hanya karena pengen punya istana doang tho ternyata.,0,0,0,0,0,in
1764175280149807170,1764639201193284069,Mon Mar 04 13:09:05 +0000 2024,sucker4fantasy,@_54vior @evanwongkar @neohistoria_id Masih tetep ga ada urgensinya bangun IKN di tengah kondisi negara seperti ini. Kalo mau pemerataan itu di Kalimatan udah ada kota-kota besar kenapa ga dikembangkan jadi orang lokal bakal ikut ngerasain? Daripada bikin baru dari nol malah penduduk asli sekitar IKN ditinggalkan,0,0,1,0,0,in
1764175280149807170,1764637702304239985,Mon Mar 04 13:03:08 +0000 2024,rizalilmas,"@neohistoria_id Masih adakah harga diri milik negeri setelah sebagian mengacak"" demokrasi, merendahkan konstitusi?",0,0,0,0,0,in
1764175280149807170,1764636141603684815,Mon Mar 04 12:56:56 +0000 2024,lluvianeiva,@Indonesia_maju4 @PakarINTELek @neohistoria_id Buset 80% angkanya dapet darimana bang? Kalo segitu harusnya prabs 80% suaranya karena di belakang beliau jkw,0,0,1,0,0,in
1764175280149807170,1764624163585786261,Mon Mar 04 12:09:20 +0000 2024,auraskolnikov,"@prophetofzorck @neohistoria_id Aku setuju soalan ini, tapi membuat hukum memang tidak semudah itu. KUHP saja baru selesai dan diberlakukan 2025 mendatang walaupun melalui banyak pro kontra A-Z.",2,0,0,0,0,in
1764175280149807170,1764623813017588059,Mon Mar 04 12:07:56 +0000 2024,sherlyuliarosaa,@neohistoria_id Kita?,0,0,0,0,0,in
1764175280149807170,1764623586952933801,Mon Mar 04 12:07:02 +0000 2024,_dwinova,@_54vior @PakarINTELek @neohistoria_id apa sulitnya spasi woee :(,0,0,0,0,0,in
1764175280149807170,1764618840602988628,Mon Mar 04 11:48:11 +0000 2024,dontony20,@neohistoria_id Alasan bisa aja dicari2. Udah merdeka 70 thn masih aja bilang2 kolonialisme. Hadeeuh,1,0,0,0,0,in
1764175280149807170,1764601315605491835,Mon Mar 04 10:38:33 +0000 2024,CrazyLemonTea,"@ypramudya @Axeno12 @RickyNSas @neohistoria_id Ngelurusin kak 🗿
Btw, nice pun https://t.co/RjiTlpikXH",0,0,0,0,0,in
1764175280149807170,1764591111920898200,Mon Mar 04 09:58:00 +0000 2024,LorNegoro,"@neohistoria_id Pdhl duitnya dapet ngutang
Itu artinya lbh tdk bermartabat 
smntra byk sektor lain yg butuh penanganan serius",0,0,0,0,0,in
1764175280149807170,1764590258660987104,Mon Mar 04 09:54:36 +0000 2024,iamgodforsaken,"@prophetofzorck @neohistoria_id Yasonna Laoly beserta Timnya sudah pernah mencobanya, dan reaksi rakyat? Yaa, kurang lebih sesuai dengan apa yang kalian bayangkan.",0,0,0,0,0,in
1764175280149807170,1764586822796214380,Mon Mar 04 09:40:57 +0000 2024,doelrouf21,@neohistoria_id Tapi peninggalan HUTANG???,0,0,0,0,0,in
1764175280149807170,1764584649601495222,Mon Mar 04 09:32:19 +0000 2024,DewaMade87,"@neohistoria_id Demi kabanggaan dan harga diri bangsa.. wooiii presiden pernah gak kamu mengakui kalau banyak sekali daerah2 yg jalannya belum tersentuh aspal??
Salah satunya desa kami di sibalago-sulawesi tengah.
Jangan tanya kemana pemdanya, pusat dan pemda pedulinya perkotaan doang.",0,0,0,0,0,in
1764175280149807170,1764580575795728808,Mon Mar 04 09:16:08 +0000 2024,mulyadiabdullah,"@neohistoria_id sepertinya ide itu nasionalis banget, tapi rakyatnya tergantung sama el bansos....",0,0,0,0,0,in
1764175280149807170,1764580489401352625,Mon Mar 04 09:15:47 +0000 2024,m_ixan,@rafiqi_28 @neohistoria_id Bodoh sampe ga bisa membuat aturan yang berdaulat buat bangsanya..,0,0,0,0,0,in
1764175280149807170,1764578256370737530,Mon Mar 04 09:06:55 +0000 2024,hendra_bndol,@4Sehat_5Scopus @wiwiz13 @neohistoria_id Wkwkwk,0,0,0,0,0,in
1764175280149807170,1764577989994688920,Mon Mar 04 09:05:51 +0000 2024,Noital1,@astroharis @neohistoria_id Black gate of mordor 😅,0,0,0,0,0,en
1764175280149807170,1764577647974310011,Mon Mar 04 09:04:30 +0000 2024,Noital1,"@neohistoria_id Maaf bukan ga sepakat dgn ikn, cuma itu design nya kayak black gate of mordor😅",0,0,0,0,0,in
1764175280149807170,1764577317253501444,Mon Mar 04 09:03:11 +0000 2024,r1mahmud,@palingteguh @neohistoria_id Cocok yg mengakui **ko*wi adalah kita. Gw mah sejak dahulu kala menolak dia ngaku2 kita.. 🤭,1,0,0,0,0,in
1764175280149807170,1764574881058832774,Mon Mar 04 08:53:30 +0000 2024,Toni1Himawan,"@neohistoria_id Jangan lihat kurusnya, tapi lihat data rusaknya",0,0,0,0,0,in
1764175280149807170,1764573644376908151,Mon Mar 04 08:48:35 +0000 2024,astrowibu,"@Mitologikal @mase_aga @neohistoria_id Kalo dipikir2 Chronicles of Narnia itu kayak anime isekai ya? Tapi karakternya gak mati lalu reinkarnasi, cuma masuk lemari kamar, tau2 malah ke dunia fantasi",1,0,1,0,0,in
1764175280149807170,1764572820250735030,Mon Mar 04 08:45:19 +0000 2024,RAZGRIZ016P,"@astroharis @neohistoria_id ya ga salah sih, he just shows his true colour",1,0,0,0,0,in
1764175280149807170,1764572394356867441,Mon Mar 04 08:43:37 +0000 2024,aernee,@neohistoria_id Peninggalan oligarki demi kebanggaan n kecintaan pada anak cucu,0,0,0,0,0,in
1764175280149807170,1764570746058408226,Mon Mar 04 08:37:04 +0000 2024,biyan_subiyanto,@dAsalbantani @neohistoria_id Mandiri itu dimulai dari rakyatnya yg mampu swasembada pangan bukan impor....apalagi masih kekurangan pangan.....!!!,2,0,0,0,0,in
1764175280149807170,1764568679650640262,Mon Mar 04 08:28:51 +0000 2024,erm_siangmalam,@wiwiz13 @neohistoria_id Sok berani anda.di cari ketar ketir wkwkw,0,0,0,0,0,in
1764175280149807170,1764566960996843780,Mon Mar 04 08:22:02 +0000 2024,r1kicakep,"@neohistoria_id Apa bedanya dengan zaman kolonial, klo bangun IKN menyengsarakan rakyat?? 

SAAT INI IKN BLUM DIBUTUHKAN, SELAMA KESENJANGAN SOSIAL MASIH ADA",0,0,0,0,0,in
1764175280149807170,1764563415421624814,Mon Mar 04 08:07:56 +0000 2024,0xArkal,@dianto_rusdian @minggutetapbuka @rafiqi_28 @neohistoria_id Pokoknya tetap jelekin jokwi karena sama2 bremgsek juga,0,0,0,0,0,in
1764175280149807170,1764563054837273044,Mon Mar 04 08:06:30 +0000 2024,cliow97,"@ungkpanrasa @neohistoria_id udh naik kali bang ,masa gk ngerasa sih",1,1,2,0,0,in
1764175280149807170,1764561197599433038,Mon Mar 04 07:59:08 +0000 2024,siomayNjuice,@neohistoria_id Jadi ingat mobil ESEMKA yang buatan anak negri  👍😁,0,0,0,0,0,in
1764175280149807170,1764560176164814861,Mon Mar 04 07:55:04 +0000 2024,burhanuddin30,@Daeng_LeoMks @neohistoria_id Bagian  dari legacy https://t.co/9ocbmTWCup,3,0,0,0,0,in
1764175280149807170,1764560058028097996,Mon Mar 04 07:54:36 +0000 2024,yadahdehya,"@neohistoria_id Jokowi, kita ketemu di akhirat ya, jangan harap saya akan ikhlas ☺️",0,0,0,0,0,in
1764175280149807170,1764559446523675074,Mon Mar 04 07:52:10 +0000 2024,jeketeknisi,@neohistoria_id Istana Buatan Cina,0,0,0,0,0,in
1764175280149807170,1764558887964070315,Mon Mar 04 07:49:57 +0000 2024,TK_crowned69,"@palingteguh @neohistoria_id ""Kita"" yg dimaksud adlh beliau dgn rakyat. Rakyat yg bener"" mau indonesia maju tapi ya, BUKAN rakyat SDM rendah yg cuma penjilat Anus Bausetan.",0,0,0,0,0,in
1764175280149807170,1764557313376129146,Mon Mar 04 07:43:42 +0000 2024,ScndNoise,"@czxtrem Duh kayak gt aja ngga mudeng, sdm..sdm. Mental tempe..",0,0,1,0,0,in
1764175280149807170,1764555957689045439,Mon Mar 04 07:38:18 +0000 2024,randommartyr,@prophetofzorck @neohistoria_id Hukum gak akan banyak berubah terutama yg berhubungan KUHAP atau tata cara pelaksanaan hukum. Karena dlm pola pikir kolonial itu jelas antar penguasa sbg penegak hukum dan koloni sebagai subject hukum kedudukannya tidak sama. Timpang. Menguntungkan penguasa seperti sekarang ini.,3,1,0,0,0,in
1764175280149807170,1764555104982859847,Mon Mar 04 07:34:55 +0000 2024,apache_joe,@neohistoria_id Huuu,0,0,0,0,0,und
1764175280149807170,1764554107359224316,Mon Mar 04 07:30:57 +0000 2024,dionopiterianto,"@neohistoria_id Kalau Presiden Joko Widodo ingin istana yg bukan peninggalan kolonial, noh pakai Borobudur, Prambanan, atau Kraton Solo. Ngapain bikin lagi. Yg penting rakyat makmur sejahtera, bukan istana presiden yg megah dan mewah. Agak laen ini orang.",1,0,0,0,0,in
1764175280149807170,1764553353579889044,Mon Mar 04 07:27:57 +0000 2024,KalemHyrup2,"@_54vior @PakarINTELek @neohistoria_id apa2 ngegas ae dlu ye bang , gini amat jokowi holic 🤣",0,0,0,0,0,in
1764175280149807170,1764551936479760522,Mon Mar 04 07:22:20 +0000 2024,mblegedes21,@Jak1070876384 @Justcallme_Je @neohistoria_id 🤭🤭,0,0,1,0,0,qme
1764175280149807170,1764551345120669825,Mon Mar 04 07:19:59 +0000 2024,czxtrem,"@ScndNoise Maksud lu apa gk jelas banget, coba baca pelan2 dari atas ke bawah, terus hubungkan ke bacotan lu, ada atau gk hubungannya, susah ya ngomong sama orang tolol, arah pembicaraan lu gk jelas goblok, gw bingung sendiri baca twit lu.",0,0,1,0,0,in
1764175280149807170,1764549058751054152,Mon Mar 04 07:10:53 +0000 2024,mgdg_mg,"@neohistoria_id Akan ada masanya, akan ada waktunya semua harus berakhir pak. Apapun itu, tak ada yg abadi, sekuat apapun ikhtiar dan segala apapun upaya yg dilakukan",0,0,0,0,0,in
1764175280149807170,1764547605076545813,Mon Mar 04 07:05:07 +0000 2024,axo692,"@neohistoria_id ""harga diri bangsa""..  harga bbm dan sembako tuh turunin pak!!",0,0,0,0,0,in
1764175280149807170,1764546545326887138,Mon Mar 04 07:00:54 +0000 2024,Wang893,@wiwiz13 @neohistoria_id gak bisa berak pun salah jokowi 😀,4,0,0,0,0,in
1764175280149807170,1764545366991794518,Mon Mar 04 06:56:13 +0000 2024,melihatnyalemah,"@willimore99 @kdini3751 @Justcallme_Je @neohistoria_id Kalimantan diperhatikan? Yang ada Kalimantan dirusak

Karena IKN? Serius karena IKN?",0,0,0,0,0,in
1764175280149807170,1764543181184696330,Mon Mar 04 06:47:32 +0000 2024,qihamzah_,"@neohistoria_id Istana bogor tuh megah banget lohh. ""Peninggalan kolonial bukan kebanggaan"" menurut gua nggak begitu sih. Seharusnya bangga lah bekas kolonial bisa kita tempatin, tandanya kita bisa merebut itu dari mereka. 
Tp ya gitu sih, sifat manusia ga pernah puas.",0,0,0,0,0,in
1764175280149807170,1764542735581872432,Mon Mar 04 06:45:46 +0000 2024,vbxyz,@neohistoria_id Maksud mu kita itu siapa ? Pernahkah rembukan dg yg kompeten ?,0,0,0,0,0,in
1764175280149807170,1764542430144303436,Mon Mar 04 06:44:33 +0000 2024,EndlessSorcerer,"@neohistoria_id ""Kita ingin memiliki istana presiden yang bukan peninggalan dari kolonial"" ❌❌❌
""Kita ingin memiliki istana presiden yang merupakan peninggalan dari saya berkuasa"" ✅✅✅",0,0,0,0,0,in
1764175280149807170,1764542210429825314,Mon Mar 04 06:43:41 +0000 2024,arya__wiralodra,"@neohistoria_id Dengan APBN protes dengan hutang (investasi) protes juga, mau kalian gimana..

Pakai uang presiden sendiri gitu, yg benar aja Luh ndro.",0,0,0,0,0,in
1764175280149807170,1764541632681255097,Mon Mar 04 06:41:23 +0000 2024,ayoetrisnalove,@neohistoria_id Pajak pajak pajak pajak,0,0,0,0,0,in
1764175280149807170,1764541576288890920,Mon Mar 04 06:41:10 +0000 2024,DagusTd,@neohistoria_id Biar  gak di demo orang-orang kali makanya pengen pindahin istana ?,0,0,0,0,0,in
1764175280149807170,1764540784106463266,Mon Mar 04 06:38:01 +0000 2024,krisnalusi25,"@neohistoria_id Trus fungsinya buat rakyat apa? Lah wong istana yg nikmatin jg penguasa kok. Rakyat cuma bisa bengong di depan istana sang raja sambil dipelototin sama Paspampres. Suka2 kau lah, pak. Sudah males bodo amat.",0,0,0,0,0,in
1764175280149807170,1764540724228591904,Mon Mar 04 06:37:46 +0000 2024,notionways,@neohistoria_id Suka2 klean lah,0,0,0,0,0,in
1764175280149807170,1764540720885686656,Mon Mar 04 06:37:46 +0000 2024,darmannst,"@neohistoria_id Lah di Bali kan udah ada, ngapa GK pindah ke Bali aja ibukotanya, sudah dikenal di seluruh dunia",0,0,0,0,0,in
1764175280149807170,1764539609583915245,Mon Mar 04 06:33:21 +0000 2024,wawanwnh8731,@neohistoria_id dapetnya peninggalan mukidi🥵,0,0,0,0,0,in
1764175280149807170,1764539029465485680,Mon Mar 04 06:31:02 +0000 2024,daripamungkas,"@neohistoria_id Harga diri. Rakyat lo tuh menderita ! Beras stabilin lagi , jgn kayain diri sndri dan antek2 nya.",0,0,0,0,0,in
1764175280149807170,1764538695682847045,Mon Mar 04 06:29:43 +0000 2024,ArbagIcok,"@wiwiz13 @neohistoria_id Laaah di mana susahnya beras, klau kau cari tanpa nanam ya susah, tpi klau kau beli di toko² pakai duit pasti ada..",0,0,0,0,0,in
1764175280149807170,1764538159139049487,Mon Mar 04 06:27:35 +0000 2024,M_IKBAR_fauzi,@neohistoria_id Iya tapi peninggalan Kolonial baru era jokowi . IKN Indonesia Kerajaan Nusaantara . Rajanya ya jokowi wkwkwk,0,0,0,0,0,in
1764175280149807170,1764537324707402089,Mon Mar 04 06:24:16 +0000 2024,M55_land,"@neohistoria_id Prabowo :
Semakin tinggi, semakin culas, semakin maling
Rakyat jadi korban demi gengsi
Rakyat semakin menderita demi ambisi
Rakyat semakin gila karena oligarki
Ayolah bangun, klw ini terus terjadi, sy yakin ucapan prabowo akan terbukti.
#indonesiabubar2030
https://t.co/BITTcPuBoJ",0,0,0,0,0,in
1764175280149807170,1764536640339628376,Mon Mar 04 06:21:33 +0000 2024,kokgitubgt,"@neohistoria_id Pilihan jawaban;
1. Peninggalan Kolonial [ ]
2. Meninggalkan Hutang [ ]",0,0,0,0,0,in
1764175280149807170,1764536575537623446,Mon Mar 04 06:21:17 +0000 2024,ISarijaya,@neohistoria_id Hdp utang,0,0,0,0,0,in
1764175280149807170,1764536250353299672,Mon Mar 04 06:20:00 +0000 2024,0s4S4249577,@neohistoria_id Udah males dan muak sama kelakuan di bapak ongol2 Wiwi..❌😏,0,0,0,0,0,in
1764175280149807170,1764536059713683683,Mon Mar 04 06:19:14 +0000 2024,L4w4k4nd4,@neohistoria_id Ye pak dibuat bagus² aja biar ke Jan ethes kelak enak kalo mo ngantor,0,0,0,0,0,in
1764175280149807170,1764535261399232754,Mon Mar 04 06:16:04 +0000 2024,0jenry1,@rezaspn @neohistoria_id Biarkanlah begitu. 😌,0,0,0,0,0,in
1764175280149807170,1764534760981070087,Mon Mar 04 06:14:05 +0000 2024,mblegedes21,"@Jak1070876384 @Justcallme_Je @neohistoria_id Meminjam karena malas pake uangnya sendiri, maybe 🙄",0,0,1,0,0,in
1764175280149807170,1764534633935618419,Mon Mar 04 06:13:34 +0000 2024,Horien0,@neohistoria_id Sejahat apapun penguasa rakyat tidak akan bisa berbuat apa2,0,0,0,0,0,in
1764175280149807170,1764534405903904952,Mon Mar 04 06:12:40 +0000 2024,mblegedes21,"@Leo_sanny @evanwongkar @neohistoria_id Biasa bang, presiden kan isinya janji semua 😆😆😆",0,0,0,0,0,in
1764175280149807170,1764534056811966789,Mon Mar 04 06:11:17 +0000 2024,emeronLovelyUV,@neohistoria_id https://t.co/NCKh4QMMT4,0,0,0,0,0,qme
1764175280149807170,1764532724461871315,Mon Mar 04 06:05:59 +0000 2024,Yogasawara44,"@wiwiz13 @neohistoria_id Kan yg bikin beras jd susah ya pemerintah jg. 
 Di borong buat bansos, bansos nya buat nyari suara.",4,1,0,0,0,in
1764175280149807170,1764530742477119860,Mon Mar 04 05:58:07 +0000 2024,hijauuuudaun,@akubukanako @prophetofzorck @neohistoria_id Tapi ada temen yang bilang emang kalo mau dilihat ada perubahan ya infrastruktur dulu yang dibenahi,0,0,0,0,0,in
1764175280149807170,1764530088195023210,Mon Mar 04 05:55:31 +0000 2024,fajrin_gantenk,@neohistoria_id Loe mau bangun istana gak mau peninggalan Belanda tapi loe bangun istana meninggalkan hutang yg besar buat rakyatnya... Cerdas sedikit napa jadi pemimpin...,0,0,0,0,0,in
1764175280149807170,1764528800036241679,Mon Mar 04 05:50:23 +0000 2024,juztjet,"@neohistoria_id Seneng baca2 komentar, harusnya kalian pada maju jadi capres aja, ya minimal maju jadi caleg lah kyk bang komeng tuh. Jadi kalo ngmg tu seenggaknya bakal lumayan di denger haha",0,0,0,0,0,in
1764175280149807170,1764528798773731395,Mon Mar 04 05:50:23 +0000 2024,semetoki,"@neohistoria_id ""kita""? maksudnya anda dengan antek2 anda kali pakde, ""kita"" yang sebenarnya mah pengennya uang yang banyak itu dipake buat yang lain aja... btw beras masih mahal lho pakde 😔",0,0,0,0,0,in
1764175280149807170,1764528674412573055,Mon Mar 04 05:49:53 +0000 2024,Pepen_Effendi76,"@neohistoria_id Belum lama ini ""pesinden"" mengatakan gedung peninggalan kolonial dulunya dibawa langsung dari negara kolonial dgn kapal...",0,0,0,0,0,in
1764175280149807170,1764528658981728330,Mon Mar 04 05:49:50 +0000 2024,anjarahong,@dAsalbantani @neohistoria_id Memang kita tidak punya identitas bangsa mandiri ya...,1,0,0,0,0,in
1764175280149807170,1764528105983803559,Mon Mar 04 05:47:38 +0000 2024,upiw_wezmono,@neohistoria_id Ini bikin nya dari mana uang nya? Katanya hutang kita aja masih besar toh?,0,0,0,0,0,in
1764175280149807170,1764527436723802534,Mon Mar 04 05:44:58 +0000 2024,sahabatjahanam,@prophetofzorck @neohistoria_id UU agraria salah satu peninggalan kolonial Belanda,0,0,0,0,0,in
1764175280149807170,1764526418074198307,Mon Mar 04 05:40:56 +0000 2024,S4ve85,@neohistoria_id Yang nempati bukan kita 😇,0,0,0,0,0,in
1764175280149807170,1764525158994485551,Mon Mar 04 05:35:55 +0000 2024,AbdulBudi5,@rafiqi_28 @neohistoria_id brarti penguasaan seumur hidup sampai hampir 7 turunan,0,0,0,0,0,in
1764175280149807170,1764524807658578040,Mon Mar 04 05:34:32 +0000 2024,agusifanjaelani,@wiwiz13 @neohistoria_id gblk,0,0,0,0,0,en
1764175280149807170,1764524684518023353,Mon Mar 04 05:34:02 +0000 2024,AbdulBudi5,@neohistoria_id padahal baru bikin neokolonialisme...,0,0,0,0,0,in
1764175280149807170,1764522637244645740,Mon Mar 04 05:25:54 +0000 2024,oavuoe,"@neohistoria_id ya ampun bapak itu beras yg udah langka dulu dong yg diurus, egois beneer",0,0,0,0,0,in
1764175280149807170,1764519638376067173,Mon Mar 04 05:13:59 +0000 2024,seninteruss,@NotOrdinaryPeo4 @akubukanako @prophetofzorck @neohistoria_id Emangnya nggak ada??,0,0,0,0,0,in
1764175280149807170,1764519245252313138,Mon Mar 04 05:12:25 +0000 2024,ur_favorit_boy,@neohistoria_id gw setuju,0,0,0,0,0,in
1764175280149807170,1764515804463427938,Mon Mar 04 04:58:45 +0000 2024,ScndNoise,"@czxtrem Yahh mau gmn lg, gimanapun jg kalo paham lapangan ya itu yg menang, 1% perencanaan 99% action. Intinya lawan gampang didikte. Udah ah, semoga kita diberikan rezeki dalam hal menjalankan usaha ya..",0,0,1,0,0,in
1764175280149807170,1764515505505988816,Mon Mar 04 04:57:34 +0000 2024,alamandachatart,@neohistoria_id lu sama kolonial ga ada bedanya,0,0,0,0,0,in
1764175280149807170,1764514899299078575,Mon Mar 04 04:55:09 +0000 2024,SandyRabbani,@neohistoria_id Atur saja,0,0,0,0,0,lv
1764175280149807170,1764514362390351933,Mon Mar 04 04:53:01 +0000 2024,Ririru63196995,@neohistoria_id Itu kalo pindah trus istana negara yg lama diapain? Dilelang? Dijadiin museum?,0,0,0,0,0,in
1764175280149807170,1764514030092435932,Mon Mar 04 04:51:42 +0000 2024,Mu_thoharun,@neohistoria_id Kita ... Tapi aku gk diajak 🥹,0,0,0,0,0,in
1764175280149807170,1764511996056326347,Mon Mar 04 04:43:37 +0000 2024,_luqi_,@mochienyol @PakarINTELek @neohistoria_id jd maunya jakarta doang yg dibangun? tempat lain nggak usah krn dampak pembangunan merugikan masyarakat setempat? begitu kah?,0,0,1,0,0,in
1764175280149807170,1764511190888439835,Mon Mar 04 04:40:25 +0000 2024,umarhasan91,@neohistoria_id alur berpikir yang agak lain,0,0,0,0,0,in
1764175280149807170,1764510838235529412,Mon Mar 04 04:39:01 +0000 2024,Prapto3x,"@neohistoria_id Di Kota Semarang, ada warga yang punya sertifikat ijo resmi BPN bisa digusur PT KAI yang pegang groundkaart terbitan jaman kolonial....lha surat jaman kolonial aja masih diakui bahkan mengalahkan surat resmi yang dikeluarkan pemerintah sendiri.",0,0,0,0,0,in
1764175280149807170,1764508903059173611,Mon Mar 04 04:31:20 +0000 2024,Rebeliouskacaw,@neohistoria_id Tolol,0,0,0,0,0,en
1764175280149807170,1764507576061059386,Mon Mar 04 04:26:03 +0000 2024,HHazzzy,@neohistoria_id Tapi menciptakan kolonial baru.. 🤣,0,0,0,0,0,in
1764175280149807170,1764507545597784332,Mon Mar 04 04:25:56 +0000 2024,mochienyol,"@_luqi_ @PakarINTELek @neohistoria_id Mereka fine-fine aja karena mereka kebagian kue disana. Kalau terjadi dampak dari IKN entah dari aspek sosial ekonomi atau lingkungan, apakah yg kontribusi kecil ini gak akan kena dampaknya juga?",0,0,1,0,0,in
1764175280149807170,1764507058328776839,Mon Mar 04 04:24:00 +0000 2024,czxtrem,"@ScndNoise Gw gk tau, gw bukan anak ps kayak lu 😝",0,0,1,0,0,in
1764175280149807170,1764504010382524846,Mon Mar 04 04:11:53 +0000 2024,bakvao,@neohistoria_id atur aja abangku yang penting keluargamu bahagia,0,0,0,0,0,in
1764175280149807170,1764503918816747525,Mon Mar 04 04:11:31 +0000 2024,datosalam,@wiwiz13 @neohistoria_id Ok gas... Njoget,0,0,0,0,0,en
1764175280149807170,1764497411786117618,Mon Mar 04 03:45:40 +0000 2024,ebbe1802,"@neohistoria_id Jaman Kolonial, Penggarong dihukum apa ya?",0,0,0,0,0,in
1764175280149807170,1764497126778941532,Mon Mar 04 03:44:32 +0000 2024,Om_Slam76,@neohistoria_id Cuka cuka bapak lah,0,0,0,0,0,in
1764175280149807170,1764496896138359012,Mon Mar 04 03:43:37 +0000 2024,AnggeNgestu,@neohistoria_id Ingin/pengen dan butuh. Sering salah persepsi. Ibarat orang2 yg sebenarnya butuh berak tapi ijin nya malah pengen berak.,0,0,0,0,0,in
1764175280149807170,1764492737146184090,Mon Mar 04 03:27:05 +0000 2024,brobroronto,"@akubukanako @prophetofzorck @neohistoria_id ""liberation of mind before liberation of land""
- prof abdul fattah el awaisi",5,0,0,0,0,en
1764175280149807170,1764490231590572459,Mon Mar 04 03:17:08 +0000 2024,inianyesss,"@RickyNSas @neohistoria_id Aku orang Jawa, Jogja asli. Tapi sifat orang Jawa yang bangun IKN itu dah hilang ""Jawa-nya"". Orang Jawa punya unggah ungguh, punya rasa malu. Kalo yang itu ah, sudahlah...",0,1,0,0,0,in
1764175280149807170,1764488870157308160,Mon Mar 04 03:11:43 +0000 2024,integumn,"@ookbailey @proteinietorp @fuyukuuki @palingteguh @neohistoria_id Ketika mereka duduk, mereka sudah dianggap membawa suara daerah pemilih mereka. Itu arti dari perwakilan. Kalau ada satu org yg tdk setuju, ya silakan pilih org lain di pemilu selanjutnya.",1,0,1,0,0,in
1764175280149807170,1764487668942164325,Mon Mar 04 03:06:57 +0000 2024,romelolukanya,@anothersides7 @akubukanako @prophetofzorck @neohistoria_id Rakyat anjg lagi menjelaskan hal protes dan kritik🤣🤣🤣,0,0,0,0,0,in
1764175280149807170,1764485877638877190,Mon Mar 04 02:59:50 +0000 2024,Ardan00A50401,"@neohistoria_id Dasar presiden bego, tolol, anjing.. Rakyat kgk butuh itu.. Binatang",0,0,0,0,0,in
1764175280149807170,1764484579820511490,Mon Mar 04 02:54:41 +0000 2024,okai_so,@neohistoria_id apa itu lebih urgent drpd mensejahterakan rakyat?,0,0,0,0,0,in
1764175280149807170,1764483948628074575,Mon Mar 04 02:52:10 +0000 2024,izoelsaka,@neohistoria_id Terserah aja pak,7,0,0,0,0,in
1764175280149807170,1764483502299591156,Mon Mar 04 02:50:24 +0000 2024,maemaezzz_,@prophetofzorck @neohistoria_id Bener,0,0,0,0,0,tr
1764175280149807170,1764483458909556997,Mon Mar 04 02:50:13 +0000 2024,RickyNSas,@kazenatsu_ @neohistoria_id Rasis sebelah mananya?,0,0,0,0,0,in
1764175280149807170,1764482677338742871,Mon Mar 04 02:47:07 +0000 2024,Rocky45724744,@neohistoria_id Tp buatan China......😂,0,0,0,0,0,in
1764175280149807170,1764481738032685152,Mon Mar 04 02:43:23 +0000 2024,artdenandra,@prophetofzorck @neohistoria_id KUHP aja warisan😂,0,0,0,0,0,in
1764175280149807170,1764480964934427046,Mon Mar 04 02:40:19 +0000 2024,Nicoardiansyah_,"@neohistoria_id Minimal jgn ngutang lagi lah kalo mau begaya, malah nyusahin yg lain kalo ini mah pak",0,0,0,0,0,in
1764175280149807170,1764480312124596631,Mon Mar 04 02:37:43 +0000 2024,aryaaabu,@Justcallme_Je @neohistoria_id Lah Jokowi kan anak ideologi bung Karno.. gimana sichh,0,0,0,0,0,in
1764175280149807170,1764475856670564780,Mon Mar 04 02:20:01 +0000 2024,ChemistryQueenF,"@palingteguh @neohistoria_id Itu emang istana keluarga ka, bukan istana negara 😭",0,0,0,0,0,in
1764175280149807170,1764474612132487432,Mon Mar 04 02:15:04 +0000 2024,minggutetapbuka,"@dianto_rusdian @rafiqi_28 @neohistoria_id Iya tidak ada kolonialisme yg baik, memang",1,0,0,0,0,in
1764175280149807170,1764474053811953737,Mon Mar 04 02:12:51 +0000 2024,Dark_shadow75,"@neohistoria_id IKN time to time
- belanda mau bikin IKN di bandung ( ga jadi) 
- pa karno mau bikin IKN di palangka ( ga jadi) 
- pa harto mau bikin IKN di jonggol ( ga jadi) 
- pa jokowi bikin IKN di penajem ( OTW) 

TAPRES No. 2 Tahun 1961 jo. UU PNPS No. 2 Tahun 1961.
 
Yang penting ada 🤣",0,0,0,0,0,in
1764175280149807170,1764473793144340629,Mon Mar 04 02:11:49 +0000 2024,pendengar87,"@neohistoria_id Rada kurang srek si bentuk istana setinggi itu, bentuk mah bagus tapi kurang sreg kl buat istana",0,0,0,0,0,in
1764175280149807170,1764471272141103442,Mon Mar 04 02:01:48 +0000 2024,ri91722809,@neohistoria_id Dari jauh mirip atap tumah gadang Minangkabau.,0,0,0,0,0,in
1764175280149807170,1764470787426463745,Mon Mar 04 01:59:52 +0000 2024,MasMan02,@ungkpanrasa @neohistoria_id Weittss kok mengancam 🤣🤣🤣,0,0,0,0,0,in
1764175280149807170,1764469428773867869,Mon Mar 04 01:54:28 +0000 2024,yassa6969,@neohistoria_id TAPI YANG BISA MENINGGALKAN UTANG BUAT RAKYATKU 🤣🤣🤣,0,0,0,0,0,in
1764175280149807170,1764469115459346920,Mon Mar 04 01:53:14 +0000 2024,Skalteer,"@neohistoria_id Kolonial produknya bagus bagus pak, saya aja mau belajar struktural nya",0,0,0,0,0,in
1764175280149807170,1764468676189995471,Mon Mar 04 01:51:29 +0000 2024,Goodwindology,"@ungkpanrasa @neohistoria_id Ngerti ekonomi? BBM yg ngatur bukan Pemerintah RI tp bos2 OPEC seperti Saudi &amp; Timteng. Kita cuman gelontorin dana untuk subsidi, makin naik minyak dunia, makin bejat pengeluaran negara untuk subsidi. Gak bisa kita bendung. Kecuali kita bisa kelolah migas 100% sendirian.",1,0,0,0,0,in
1764175280149807170,1764466876569309324,Mon Mar 04 01:44:20 +0000 2024,ByAbelian,@proteinietorp @fuyukuuki @palingteguh @neohistoria_id Kalau dari DPR nya gitu tuh kayak kesepakatan DPR sendiri apa DPR nya kayak ke wilayahnya masing masing dulu terus ngadain vote gitu sih kak? Aku pure nanya tolong jangan dijudge ☝🏻🥹,1,0,1,0,0,in
1764175280149807170,1764466550986408157,Mon Mar 04 01:43:02 +0000 2024,mhatops,@neohistoria_id Padahal gaya arsitektur new indies bagus loh,0,0,0,0,0,in
1764175280149807170,1764466405821559088,Mon Mar 04 01:42:28 +0000 2024,ScndNoise,"@czxtrem Lu tau kan orang kalah main PS pasti ngerembet kemana2 abis itu, awalnya dr itu dl. Pemenangnya pasti cuman kasih 2 kalimat ""gampang ini mah"" pas pertandingan &amp; ""banyak2 latihan"" setelah menang pertandingan.",0,0,1,0,0,in
1764175280149807170,1764466200418099487,Mon Mar 04 01:41:39 +0000 2024,lateph01,"@neohistoria_id a siap pph21 naik gara"" ini ya?",0,0,0,0,0,in
1764175280149807170,1764465861992276441,Mon Mar 04 01:40:18 +0000 2024,collegelav,@neohistoria_id anda kali yang ingin,0,0,0,0,0,tl
1764175280149807170,1764464757036232782,Mon Mar 04 01:35:54 +0000 2024,AGajebooo,@neohistoria_id Mending urus pendidikan kita yg masih ketinggalan jauh,0,0,0,0,0,in
1764175280149807170,1764464304668148063,Mon Mar 04 01:34:07 +0000 2024,MediaYutub,"@neohistoria_id Ibarat hidup dikompleks, bangga2an punya mobil mewah, rumah mewah, perhiasan serba mencolok, tp ngutang semua, jatah makan anak2 dipake semua dibiarkan mereka kelimpungan biar si bapak kelihatan  wah",0,0,0,0,0,in
1764175280149807170,1764462727081210017,Mon Mar 04 01:27:50 +0000 2024,trendbandung_id,"@neohistoria_id Klo masyarakat udah sejahtera dan tercukupi lah minimal kaya brunai ,, lo mau bikin istana di kutub selatan juga,,kita dukung",0,0,0,0,0,in
1764175280149807170,1764462305289638297,Mon Mar 04 01:26:10 +0000 2024,trendbandung_id,"@prophetofzorck @neohistoria_id Setuju,,",0,0,0,0,0,in
1764175280149807170,1764462197504119119,Mon Mar 04 01:25:44 +0000 2024,papadodol,@neohistoria_id Desainnya kayak istana dracula.,0,0,0,0,0,in
1764175280149807170,1764460124821692487,Mon Mar 04 01:17:30 +0000 2024,Iwan1990red,@neohistoria_id Lalu kenapa harus di Kalimantan Timur???,0,0,0,0,0,in
1764175280149807170,1764459805744460185,Mon Mar 04 01:16:14 +0000 2024,kazenatsu_,"@RickyNSas @neohistoria_id Jokowi memang orang Jawa, tapi bukan semua orang Jawa sifatnya seperti Jokowi.
Knpa jadi rasis gini dah?",3,0,1,0,0,in
1764175280149807170,1764459640312803459,Mon Mar 04 01:15:34 +0000 2024,romelolukanya,@akubukanako @prophetofzorck @neohistoria_id Sok penting🤣🤣🤣,0,0,0,0,0,in
1764175280149807170,1764458480097013790,Mon Mar 04 01:10:58 +0000 2024,kicute13,@neohistoria_id Tapi watak pembangunannya kolonialis sekali hiks,0,0,0,0,0,in
1764175280149807170,1764458242707714240,Mon Mar 04 01:10:01 +0000 2024,toniksujanainfo,"@x0ox346051 @prophetofzorck @neohistoria_id Belanda yang buat juga sudah ninggalin, hukum yang sudah tidak sesuai jaman.",0,0,0,0,0,in
1764175280149807170,1764453940136190319,Mon Mar 04 00:52:55 +0000 2024,saishimurasai,@neohistoria_id Sebenernya penting ga penting. Kenapa anggaran negara ga dipake yg lebih urgent aja ketimbang keinginan 'lepas dari peninggalan kolonial' yg (menurutku pribadi) hanya berpengaruh ke pejabat saja?,0,0,0,0,0,in
1764175280149807170,1764451545729679420,Mon Mar 04 00:43:25 +0000 2024,luchitasoe,"@neohistoria_id Kl hanya bangun istana (kekuasaan) knp juga hrs ngotot kepingin 3 periode, keturunannya dipaksa pegang jabatan, seenaknya rubah UU lewat MK, pelihara kroni2, ... dan msh banyak lg. Tentunya ada tujuan lbh masif (grand design kekuasaan).",0,0,0,0,0,in
1764175280149807170,1764448991666999771,Mon Mar 04 00:33:16 +0000 2024,twitt_xyz,"@neohistoria_id Wah... hebat beliau tuh. 
Luar biasa, amazing, incredible, unbelievable, spektakuler. Hidup pa joko. 
Sekedar saran, minta bantu makhluk halus sja buat bangun istana, biar minim biaya.",0,0,0,0,0,in
1764175280149807170,1764448622886957477,Mon Mar 04 00:31:48 +0000 2024,reyneriqbal,"@neohistoria_id Bener sih, tapi lihat dulu kualitas dan mentalitas bangsanya yg udah melorot pak 🙏🏼 Dulu orang berlomba-lomba bikin yg terbaik, kalo sekarang kebanyakan dirusak sama mental tambal sulam pengusaha proyekan.",0,0,0,0,0,in
1764175280149807170,1764448001983209713,Mon Mar 04 00:29:20 +0000 2024,HardiRyan29,@dAsalbantani @neohistoria_id Paan si,0,0,0,0,0,in
1764175280149807170,1764446097135849887,Mon Mar 04 00:21:46 +0000 2024,iwansetia_75,@neohistoria_id Ga usah mikir istana... sejahtera kan rakyat...,0,0,0,0,0,in
1764175280149807170,1764446064051208379,Mon Mar 04 00:21:38 +0000 2024,Chocopiekewl,@palingteguh @neohistoria_id beliau,0,0,0,0,0,lt
1764175280149807170,1764444525131604355,Mon Mar 04 00:15:31 +0000 2024,yulianto_fredi,@neohistoria_id Kita tidak ingin pemerintah berkuasa seperti kolonial,0,0,0,0,0,in
1764175280149807170,1764444399998492864,Mon Mar 04 00:15:01 +0000 2024,SaveMuslim_,"@neohistoria_id Monggo..., Rakyat kasih aja 15rebu sehari!",0,0,0,0,0,in
1764175280149807170,1764443788813152526,Mon Mar 04 00:12:35 +0000 2024,azriani,@neohistoria_id pdahal masih banyak masalah yg lebih urgent 😮‍💨,0,0,0,0,0,in
1764175280149807170,1764443753639743908,Mon Mar 04 00:12:27 +0000 2024,czxtrem,"@ScndNoise @BataviaRegion @Arwana_biru @RickyNSas @neohistoria_id Berarti otak lu mentok di PS doang, balasan twit gw gk ada sangkut pautnya sama menang kalah, coba cek ke rental ps, mana tau otak 🧠 lu kececer disitu.",0,0,1,0,0,in
1764175280149807170,1764442250250162221,Mon Mar 04 00:06:28 +0000 2024,bejjus_14,@wiwiz13 @neohistoria_id TOLOLnya 🤣. Harga pangan sama pembangunan udh sendiri2 jalurnya. Ini nii kalah SMART sama hp nya yaa manusia gini contohnya 🤣,3,0,0,0,0,in
1764175280149807170,1764439694203596987,Sun Mar 03 23:56:19 +0000 2024,IgoPuji35681,@wiwiz13 @neohistoria_id Mahal dikit nyalahin presiden hdehh,5,0,4,0,0,in
1764175280149807170,1764439359795982456,Sun Mar 03 23:54:59 +0000 2024,LuckyTempeee,"@prophetofzorck @neohistoria_id Benul, setuju ini 👍🏻",0,0,0,0,0,in
1764175280149807170,1764439207148421195,Sun Mar 03 23:54:23 +0000 2024,Mitologikal,"@dianto_rusdian @rafiqi_28 @neohistoria_id bedanya kerajaan belanda udah minta maaf secara resmi ke republik indonesia.
tapi sampai sekarang keturunan adipati, bupati, saudagar lokal yg berafiliasi dengan belanda tidak pernah tampil ke publik untuk meminta maaf.
bahkan ada beberapa keturunan tersebut yg jadi pejabat lho.",0,0,0,0,0,in
1764175280149807170,1764438676183072965,Sun Mar 03 23:52:16 +0000 2024,ExoThicc13,@palingteguh @neohistoria_id Pake nanya,0,0,0,0,0,tl
1764175280149807170,1764438327774912840,Sun Mar 03 23:50:53 +0000 2024,baquswira,@neohistoria_id hah kita?,0,0,0,0,0,in
1764175280149807170,1764436787693515050,Sun Mar 03 23:44:46 +0000 2024,Mitologikal,"@kaleng_emping @AL_Zakaria18 @itsukuyon @ungkpanrasa @neohistoria_id mandau terbang atau kuyang terbang?🤣
gua pernah tinggal di kalsel 3 tahun,   selama tinggal di sana gua gk pernah lihat mandau terbang.
yg ada cuma orang dayak atraksi kebal, sama aja kayak di jawa juga ada pendekar warog, jaran kepang dan bantengan yg juga sering atraksi kebal.",0,0,0,0,0,in
1764175280149807170,1764435464398987490,Sun Mar 03 23:39:30 +0000 2024,Mitologikal,"@AL_Zakaria18 @kaleng_emping @itsukuyon @ungkpanrasa @neohistoria_id lho katanya SUKU PALING SANTUY?
di jawa aja gk berani demo sambil bawa senjata tajam secara terang""an, karena ada Undang"" terkait penyalahgunaan senjata.
orang suku jawa juga kalo demo gk pake pakaian perang juga lho, karena esensi demo itu mengutarakan pendapat bukan mengancam..",0,0,0,0,0,in
1764175280149807170,1764434805306147041,Sun Mar 03 23:36:53 +0000 2024,priyatersesat,"@neohistoria_id Kebanggaan dan harga diri bangsa ada di pemimpin yang bijaksana kepada rakyatnya. Urus persatuan rakyatnya dulu pak masih banyak yang kisruh, belum lagi pemerataan ekonomi, PR bapak banyak malah ngerjain yang lain",0,0,0,0,0,in
1764175280149807170,1764434729280078061,Sun Mar 03 23:36:35 +0000 2024,fahmifaham,@neohistoria_id Ya udah saran buat pak pres. Hilangkan aja status bagunan cagar budaya.,0,0,0,0,0,in
1764175280149807170,1764434096858767493,Sun Mar 03 23:34:04 +0000 2024,ShelbyNeutral,@akubukanako @prophetofzorck @neohistoria_id Fokus ke perubahan yg pro rakyat dulu aja. Ngerubah printilan sama aja kek Jokowi mau istana nya begini begitu. Ga ada ngaruh ke rakyat.,4,0,0,0,0,in
1764175280149807170,1764432522514186356,Sun Mar 03 23:27:49 +0000 2024,nurdinyanto18,@neohistoria_id Tapi Pemimpin nya watak nya kolonial,0,0,0,0,0,in
1764175280149807170,1764432359682937324,Sun Mar 03 23:27:10 +0000 2024,arifabduh,"@neohistoria_id Mending perbaiki sistem dan birokrasi cara-cara kolonial dulu, baru setelah itu bener baru menghancurkan semua gedung-gedung kolonial, robohkan semua sisa-sisa gedung kolonial diganti dengan pendopo, rumah gadang, honai atau rumah panggung yang coraknya lebih Indonesia banget",0,0,0,0,0,in
1764175280149807170,1764432254481428802,Sun Mar 03 23:26:45 +0000 2024,neoniganugu,"@romelolukanya @akubukanako @prophetofzorck @neohistoria_id Hak rakyat lah anjg mau protes kah, kritik kak. Tuh IKN juga dr duit pajak rakyat. Blok lo itu siapa?",1,1,1,0,0,in
1764175280149807170,1764431797151223943,Sun Mar 03 23:24:56 +0000 2024,PamTanjung,@000922_sclass @beda_genre @neohistoria_id Daan masyarakat yg sejahtera makmur melahirkan generasi jenius yg akan memajukan bangsa dan anda tau gimana negara maju lainnya bereaksi,0,0,0,0,0,in
1764175280149807170,1764431491281694917,Sun Mar 03 23:23:43 +0000 2024,PamTanjung,"@000922_sclass @beda_genre @neohistoria_id Masyarakat yg miskin membuat mereka gak mau mengkritisi pejabat dan pemerintah Krn setiap hari sibuk mengurus perut yg lapar
Namun jika masyarakat sejahtera habis pejabat d kritisi masyarakat
Hal ini BS kita liat d negara maju",3,0,0,0,0,in
1764175280149807170,1764431424990695773,Sun Mar 03 23:23:27 +0000 2024,anandya_ari,"@neohistoria_id Bukan peninggalan kolonial, tapi hasil ngutang, dan kuras APBN, naikin pajak dll",0,0,0,0,0,in
1764175280149807170,1764431341008179711,Sun Mar 03 23:23:07 +0000 2024,DadiNurFauzi1,"@neohistoria_id Istana yg hanya diisi oleh segelintir orang
Haruanya istana untuk rakyat
Rakyat merasa tenang dg penghidupannyq
Harusnya sering nongkrong di RS
Di kuburan, biar hatinya luluh",0,0,0,0,0,in
1764175280149807170,1764430683341250647,Sun Mar 03 23:20:31 +0000 2024,ScndNoise,"@czxtrem @BataviaRegion @Arwana_biru @RickyNSas @neohistoria_id Wkwkwk lu tau kan orang kalah main PS, ya kayak gt.",0,0,1,0,0,in
1764175280149807170,1764430100731486405,Sun Mar 03 23:18:12 +0000 2024,halimfuadi,"@prophetofzorck @neohistoria_id Dekolonialisme tapi membuat omnibuslaw, kocak",0,0,0,0,0,in
1764175280149807170,1764429645351735355,Sun Mar 03 23:16:23 +0000 2024,czxtrem,"@ScndNoise @BataviaRegion @Arwana_biru @RickyNSas @neohistoria_id Kena skak kan lu, berani gk lu jawab, yang lu bacotin freeport, krisis 98 itu bukan karena presiden jawa, gk berani kan lu badut jawa 🤡😝",0,0,0,0,0,in
1764175280149807170,1764429599348261358,Sun Mar 03 23:16:12 +0000 2024,heniadi91,"@neohistoria_id Dan TOLOLnya, demi hawa nafsunya mengorbankan rakyat kecil dan merepotkan rakyatnya sendiri dengan dinaiki pajaknya !!!",0,0,0,0,0,in
1764175280149807170,1764429221039153506,Sun Mar 03 23:14:42 +0000 2024,czxtrem,@ScndNoise @BataviaRegion @Arwana_biru @RickyNSas @neohistoria_id Lha kalah apa? Hubungannya apa? Gk ada otak tetap aja gk otak 🐵,0,0,1,0,0,in
1764175280149807170,1764427968086974716,Sun Mar 03 23:09:43 +0000 2024,asadboiiiiii,@neohistoria_id awikwok,0,0,0,0,0,tl
1764175280149807170,1764426925932490943,Sun Mar 03 23:05:35 +0000 2024,ponyowhaha,@neohistoria_id masia weh joko atur atur kusia,0,0,0,0,0,in
1764175280149807170,1764426481155944466,Sun Mar 03 23:03:49 +0000 2024,ScndNoise,@Arwana_biru @RickyNSas @neohistoria_id Kasian udah kalah jd gila,0,0,0,0,0,in
1764175280149807170,1764426242785259754,Sun Mar 03 23:02:52 +0000 2024,ScndNoise,@czxtrem @BataviaRegion @Arwana_biru @RickyNSas @neohistoria_id Kalah ya kalah aja,0,0,2,0,0,in
1764175280149807170,1764425339093012776,Sun Mar 03 22:59:16 +0000 2024,Alfa_Bimas,"@neohistoria_id Harga diri dinilai dr fisik. Pny RASA MALU pak, itu yg bikin manusia pny HARGA DIRI",0,0,0,0,0,in
1764175280149807170,1764425085501202541,Sun Mar 03 22:58:16 +0000 2024,TerongU72356816,"@cikapratiwi @dAsalbantani @neohistoria_id Warga sendiri nggak bisa masuk, harus punya akses, karena di batasi 2 juta 😁😁",0,0,0,0,0,in
1764175280149807170,1764424651101331584,Sun Mar 03 22:56:32 +0000 2024,Exalndra,@Justcallme_Je @neohistoria_id Bahkan tata kota warisan kolonial di acak2 jadi semerawut demi program mercusuar,0,0,0,0,0,in
1764175280149807170,1764424532389937550,Sun Mar 03 22:56:04 +0000 2024,geninousone,"@BataviaRegion @operatorcidro @neohistoria_id trs klo mau pake logika istana negara jd pninggaln kolonial cm krna dulu bekas kolonial ya  bakal munucl logika brpikir gini nanti utk knp negara Indonesia bisa masuk jg ke logika brpikir yg gitu.

ini kalo mau baca sejarah singkat ttg istana yg skrg
https://t.co/10INyXqP3T https://t.co/J8mVeq7UYA",0,0,0,0,0,in
1764175280149807170,1764424137945014382,Sun Mar 03 22:54:30 +0000 2024,Exalndra,@neohistoria_id Kolonial Tapi soal Bangunan Bener gak kaya proyek sekarang ngasal ngejar estetik,0,0,0,0,0,in
1764175280149807170,1764424099470999895,Sun Mar 03 22:54:21 +0000 2024,yuandayb,"@neohistoria_id Lagi buat 'bungker' untuk selamatkan diri &amp; kroninya dari amukan rakyat, saat udah ga menjabat. 'Bungker' berkedok IKaeN",0,0,0,0,0,in
1764175280149807170,1764422797202178472,Sun Mar 03 22:49:10 +0000 2024,geninousone,"@BataviaRegion @operatorcidro @neohistoria_id tapi waktu berdiri tiap kerajaan2 itu kn belum bersatu buat jd Indonesia bang jd ya masih jd kerajaan nusantara tpi belum jd negara Indonesia.

apalgi pas masuk era kolonial sempat ada pnyebutan Hindia Belanda. jd klo kita mau lihat pembahasan di sejarah jg bab era kerajaan beda. https://t.co/Nd2uoDJX09",0,0,1,0,0,in
1764175280149807170,1764422711135346930,Sun Mar 03 22:48:50 +0000 2024,SR16590795,"@neohistoria_id One piece ada marijoa, diwakanda ada IKN,
Mkmkmkmk",0,0,0,0,0,in
1764175280149807170,1764422480322511260,Sun Mar 03 22:47:55 +0000 2024,czxtrem,"@neohistoria_id Persis kayak zaman Soekarno, orang cuma tau Soekarno bangun ini itu, padahal duit nya bukan dari dia, rakyat makan aja susah, prinsipnya ""biar tekor asal tesohor, yang tersohor saya, yang tekor anda semua"" padahal zaman Soekarno, busuk banget, melalui PKI, membantai sana sini.",0,0,0,0,0,in
1764175280149807170,1764421647056945647,Sun Mar 03 22:44:36 +0000 2024,czxtrem,"@BataviaRegion @Arwana_biru @RickyNSas @neohistoria_id Tapi dari presiden jawa 😝 nah apa lu, kena lu kan.
Otak itu di pake monyet jawa 🐵",0,0,1,0,0,in
1764175280149807170,1764420988282790033,Sun Mar 03 22:41:59 +0000 2024,snvisnsnvismngl,@neohistoria_id kita maunya yang peninggalan keluarga,0,0,0,0,0,in
1764175280149807170,1764419812308992143,Sun Mar 03 22:37:19 +0000 2024,ahmad_nurohim1,"@neohistoria_id Kita, elu pak untuk anak lu",0,0,0,0,0,in
1764175280149807170,1764419480690540668,Sun Mar 03 22:36:00 +0000 2024,inshafteam,"@neohistoria_id Semua alasan bisa dicari demi apa?

Silakan lanjutkan...",16,0,0,0,0,in
1764175280149807170,1764419399786569798,Sun Mar 03 22:35:40 +0000 2024,ItuNakke,"@neohistoria_id Ero"" nu deh... beras nih mahal pak.. jogetin aja ya ?",0,0,0,0,0,in
1764175280149807170,1764419351053017113,Sun Mar 03 22:35:29 +0000 2024,Aam_basrie,"@Huglattecinno @Justcallme_Je @neohistoria_id betul, kusno mau nya di palangkaraya",0,0,0,0,0,in
1764175280149807170,1764419109108801815,Sun Mar 03 22:34:31 +0000 2024,FitriUnie24,@neohistoria_id Preettt,0,0,0,0,0,en
1764175280149807170,1764418723966796075,Sun Mar 03 22:32:59 +0000 2024,skuyyourlifeky,@neohistoria_id Negara demokrasi tapi istana ☺️,0,0,0,0,0,in
1764175280149807170,1764417677445972155,Sun Mar 03 22:28:50 +0000 2024,iyayaiyayaiya,@neohistoria_id Nepotismenya gimana gan,0,0,0,0,0,in
1764175280149807170,1764416711749677126,Sun Mar 03 22:25:00 +0000 2024,ninanenen,@neohistoria_id Kita??,0,0,0,0,0,in
1764175280149807170,1764416285146759273,Sun Mar 03 22:23:18 +0000 2024,ndolgeaffary,@neohistoria_id DEMI KOMISI,0,0,0,0,0,in
1764175280149807170,1764416129450254583,Sun Mar 03 22:22:41 +0000 2024,adinusai,"@neohistoria_id Atau mau Bangun istana sebagai  prasasti  kekuasaan otoriter, pos pelayanan intervensi asing atau sebagai aset pelanggengan kekuasaan?",0,0,0,0,0,in
1764175280149807170,1764415382415434079,Sun Mar 03 22:19:43 +0000 2024,wargayangsakit,@RickyNSas @neohistoria_id Kenapa jadi jawanya anying,0,0,0,0,0,in
1764175280149807170,1764415359111827670,Sun Mar 03 22:19:37 +0000 2024,BatamWish,@neohistoria_id Sederhana bunyinya. Tapi cara menuju kesana dengan cara bodoh menjual negara! .,0,0,0,0,0,in
1764175280149807170,1764415175162200162,Sun Mar 03 22:18:53 +0000 2024,gugel_ribe20482,"@neohistoria_id Lha wong Jokowi sj penjajah kok. Buta intelektual bgt.

Penjajahan adl pelanggaran trhdp hak2 pribumi.",0,0,0,0,0,in
1764175280149807170,1764414809511219626,Sun Mar 03 22:17:26 +0000 2024,gugel_ribe20482,"@neohistoria_id Istana bukan ttg gedung.
Istana itu lembaga.
Bedakan antara istana dan gedung istana.
Istana dpt menempati gedung bekas apapun, jk keadaan terpaksa.",0,0,0,0,0,in
1764175280149807170,1764414799679803588,Sun Mar 03 22:17:24 +0000 2024,upiloptimus,@_54vior @PakarINTELek @neohistoria_id LMAO 🤣,0,0,0,0,0,ht
1764175280149807170,1764410308645568896,Sun Mar 03 21:59:33 +0000 2024,KRumaysha,@neohistoria_id IKN itu keinginan bukan KEBUTUHAN... CMIIW,0,0,0,0,0,in
1764175280149807170,1764410028335984981,Sun Mar 03 21:58:26 +0000 2024,November_Skyyy,@kdini3751 @Justcallme_Je @neohistoria_id hadeuh basi.,0,0,0,0,0,in
1764175280149807170,1764409463828865276,Sun Mar 03 21:56:11 +0000 2024,November_Skyyy,"@willimore99 @melihatnyalemah @kdini3751 @Justcallme_Je @neohistoria_id merata? meratai?
IKN yang katanya ga bakal ambil dari apbn, ujung2nya pake apbn juga.

Mending lu cari tau apa aja janji kampanye jokowi dulu! Banyak yang cuman omon omon tapi hasilnya 0, rakyat sendiri di tipu.",0,0,0,0,0,in
1764175280149807170,1764406079591698633,Sun Mar 03 21:42:45 +0000 2024,PamTanjung,@beda_genre @neohistoria_id Sejahtera semua jd makin pintar nanti malah jadi susah membodohi masyarakat,2,1,2,0,0,in
1764175280149807170,1764405696576331853,Sun Mar 03 21:41:13 +0000 2024,zenstrive,@neohistoria_id Tapi buatnya pake skema kolonial baru:hutang cina,0,0,0,0,0,in
1764175280149807170,1764405293239431286,Sun Mar 03 21:39:37 +0000 2024,paruruuuuu48,@neohistoria_id Gengsimu menguras apbn,0,0,0,0,0,in
1764175280149807170,1764396800382021801,Sun Mar 03 21:05:52 +0000 2024,xannn08,"@evelpisto @palingteguh Lah, ini bukannya presentasi pemilu? Yang gak milih kan banyak 🤣",0,0,0,0,0,in
1764175280149807170,1764396240761180321,Sun Mar 03 21:03:39 +0000 2024,lelucone,@neohistoria_id Urgensinya apaaan sih,0,0,0,0,0,in
1764175280149807170,1764395046202384694,Sun Mar 03 20:58:54 +0000 2024,propagandreur,"@neohistoria_id Lebih baik pakai kata saya pakde, mas joko mas joko",0,0,0,0,0,in
1764175280149807170,1764393716624822381,Sun Mar 03 20:53:37 +0000 2024,Leo_sanny,@winwintriaditya @evanwongkar apaan sih thoooloolll gajelas,0,0,0,0,0,in
1764175280149807170,1764393337090654342,Sun Mar 03 20:52:07 +0000 2024,DaDesainer,"@dianto_rusdian @minggutetapbuka @rafiqi_28 @neohistoria_id Jadi ingat kata soekarno ""Sebenernya lawan terberat kita adalah bangsa kita sendiri. "" 🤷🏻‍♂️",3,0,0,0,0,in
1764175280149807170,1764387819265597576,Sun Mar 03 20:30:11 +0000 2024,pakeludah,@neohistoria_id Kita ingin punya gedung istana presiden yang diisi oleh presiden yang membunuh anak bangsanya sendiri,0,0,0,0,0,in
1764175280149807170,1764367604880466073,Sun Mar 03 19:09:52 +0000 2024,drittername,@wiwiz13 @neohistoria_id Jaman akhir era sukarno be like,0,0,0,0,0,in
1764175280149807170,1764365646870216721,Sun Mar 03 19:02:05 +0000 2024,Leo_sanny,"@winwintriaditya @evanwongkar oalah tholooollll² ternyata jembatan JIS,terus lu mau bandingin dg IKN dan KCIC?yg penting kan anis ga dobol kaya joko janji gapake apbn,oalah emang hebat pemikiran orang thoooolllollll,pantes udah nyebokin gadapet apa² orangnya aja thhooollllolll begini",0,0,0,0,0,in
1764175280149807170,1764361322186035501,Sun Mar 03 18:44:54 +0000 2024,ondishmil,@neohistoria_id Markas c...,0,0,0,0,0,in
1764175280149807170,1764361261104631843,Sun Mar 03 18:44:39 +0000 2024,Miminam77851624,@neohistoria_id miris.. https://t.co/o8uBZ2LCZ7,1,0,0,0,0,in
1764175280149807170,1764360973362905269,Sun Mar 03 18:43:30 +0000 2024,ondishmil,@neohistoria_id Ternyata markas nya...,0,0,1,0,0,in
1764175280149807170,1764358356922138795,Sun Mar 03 18:33:07 +0000 2024,GeorgeMarthin91,@neohistoria_id Sy juga gak pengen punya istana presiden peninggalan orang jawa,0,0,0,0,0,in
1764175280149807170,1764358154198913242,Sun Mar 03 18:32:18 +0000 2024,OnlyOnesia,@neohistoria_id Sekalian dong Anyer - Penarukan bikinkan yang baru.,0,0,0,0,0,in
1764175280149807170,1764356494378586205,Sun Mar 03 18:25:43 +0000 2024,kapallauwt,@neohistoria_id warga twitter knp pada goblok2 bgt dah? penyebab kenapa indo gamaju2 yaa krn ada manusia2 berotak monyet inii.,0,0,0,0,0,in
1764175280149807170,1764355555710152987,Sun Mar 03 18:21:59 +0000 2024,majapaheet,@neohistoria_id Kelakuannya bukannya warisan zaman kerajaan-kerajaan di Jawa?,0,0,0,0,0,in
1764175280149807170,1764348563968897406,Sun Mar 03 17:54:12 +0000 2024,jolelon,"@neohistoria_id Beras mahal, pajak naik. Itu semua untuk istana",0,0,0,0,0,in
1764175280149807170,1764345788782850473,Sun Mar 03 17:43:10 +0000 2024,Oct72_,@wiwiz13 @neohistoria_id lebay kau kenlap,1,0,0,0,0,in
1764175280149807170,1764343484540920089,Sun Mar 03 17:34:01 +0000 2024,grisha8902,"@catom_inside @RickyNSas @neohistoria_id Kalo bangunan pada zaman dulu umumnya dipengaruhi faktor iklim setempat, misal di negara eropa lebih tertutup untuk menjaga suhu hangat di dalam guna menghadapi musim dingin. Di negara tropis cenderung terbuka supaya nggak kepanasan, cmiiw.",0,0,0,0,0,in
1764175280149807170,1764342744628228546,Sun Mar 03 17:31:04 +0000 2024,im_hathaway,@neohistoria_id Ye sama aja kalo nindes saudaranya sendiri. Emang penjajah harus orang asing. Saudara sendiri juga bisa kali. Contohnya Amegakure di jaman Hanzhou si Salamander.,0,0,0,0,0,in
1764175280149807170,1764342439626821800,Sun Mar 03 17:29:52 +0000 2024,callmegendhiiis,"@neohistoria_id Keinginan yg egois, gak mikir, buang2 APBN yg harusnya bisa digunakan lebih baik untuk rakyat.",0,0,0,0,0,in
1764175280149807170,1764342062009536697,Sun Mar 03 17:28:22 +0000 2024,gedibalpit7803,"@neohistoria_id memangnya sudah ""merdeka"" ?",0,0,0,0,0,in
1764175280149807170,1764340643596509269,Sun Mar 03 17:22:43 +0000 2024,4mpas_tarigu,"@neohistoria_id ISTANA MINI BANDA NAIRA didirikan pada tahun 1622

https://t.co/ORtJER2w21",0,0,0,0,0,in
1764175280149807170,1764340372711612585,Sun Mar 03 17:21:39 +0000 2024,y4ntze,"@kopi_sianida_ @neohistoria_id Ahahaha..geus hopeless, cokot weh kabeh lah pak @jokowi",1,0,0,0,0,in
1764175280149807170,1764339064793407853,Sun Mar 03 17:16:27 +0000 2024,grisha8902,"@oreo_biskuitz @Justcallme_Je @neohistoria_id Inflasi akhir era Soekarno 650%
https://t.co/Gp5NLmcKsG",0,0,0,0,0,in
1764175280149807170,1764337960663896390,Sun Mar 03 17:12:04 +0000 2024,onlyfanzzz_,@neohistoria_id Yaudah bongkar juga tuh jalan anyer - panarukan. Kurang kolonial apa coba.,0,0,0,0,0,in
1764175280149807170,1764337504319410311,Sun Mar 03 17:10:15 +0000 2024,aconk1525,@neohistoria_id Atur aja suka suka anda pak.. Dulu kita mndukung.. Eh ternyata buatkan Istana untuk Anak sendiri.. Hadehhh..,0,0,0,0,0,in
1764175280149807170,1764336108543041697,Sun Mar 03 17:04:42 +0000 2024,seung12zhuo,"@neohistoria_id Anda bilang begitu karena kerja anda belum ada yang menonjolkan, iya lah makanya dibela2in buat diriin ikn biar keliatan kerjanya",0,0,0,0,0,in
1764175280149807170,1764336042562470157,Sun Mar 03 17:04:26 +0000 2024,mr_afy,@neohistoria_id Sak karepmu pak..,0,0,0,0,0,in
1764175280149807170,1764335271590690843,Sun Mar 03 17:01:23 +0000 2024,Joy51857842,"@wiwiz13 @neohistoria_id Yaelah pak, biasa jg menjelang puasa&amp;lebaran beras mmg harganya naik sm susah ketemu",21,0,0,0,0,in
1764175280149807170,1764334755531956586,Sun Mar 03 16:59:20 +0000 2024,iubberry,@neohistoria_id sesuatu yg ga penting2 amat tp dijadiin penting,0,0,0,0,0,in
1764175280149807170,1764333633933086823,Sun Mar 03 16:54:52 +0000 2024,burgersashimi,@neohistoria_id kita? lu kali jok,0,0,0,0,0,in
1764175280149807170,1764332790777348172,Sun Mar 03 16:51:31 +0000 2024,rifgasm,@neohistoria_id makasih admin udah sebut 'pasundan' instead of 'jawa barat',0,0,0,0,0,in
1764175280149807170,1764331967565513080,Sun Mar 03 16:48:15 +0000 2024,dwnvyntx,@neohistoria_id Lah bukannya kita masih dijajah bangsa sendiri?,0,0,0,0,0,in
1764175280149807170,1764331355138302272,Sun Mar 03 16:45:49 +0000 2024,momolisa28,@Kelar99383393 @Justcallme_Je @neohistoria_id kalo gaada bung Hatta mah gaada apa2nya tuh pelopor romusha,0,0,0,0,0,in
1764175280149807170,1764331116012638511,Sun Mar 03 16:44:52 +0000 2024,momolisa28,@Jak1070876384 @Justcallme_Je @neohistoria_id ga salah pak?,0,0,1,0,0,in
1764175280149807170,1764330884730372348,Sun Mar 03 16:43:57 +0000 2024,momolisa28,@oreo_biskuitz @Justcallme_Je @neohistoria_id tukang kawin,0,0,0,0,0,tl
1764175280149807170,1764327577513308198,Sun Mar 03 16:30:48 +0000 2024,Ssnapexy,"@neohistoria_id Aneh lu pak, bawa2 ""kita"". Bangga gue mah sm yg udah dibawa mereka (positifnya) ke Indonesia",0,0,0,0,0,in
1764175280149807170,1764327332574376186,Sun Mar 03 16:29:50 +0000 2024,AqulilaDarksoul,"@neohistoria_id Atur aja nerakamu sendiri bersama anak dan mantu. Gue mah yg menting nyoblos yg bukan 02. Urusan dicurangi, gue gak ada kuasa sepower itu, makanya biar hukum akhirat aja.",0,0,0,0,0,in
1764175280149807170,1764327193147240866,Sun Mar 03 16:29:17 +0000 2024,durelo_angelo,@ungkpanrasa @neohistoria_id Udah naik berkali-kali-kali..,0,0,0,0,0,in
1764175280149807170,1764325944591003675,Sun Mar 03 16:24:19 +0000 2024,bonang0202,"@neohistoria_id Bpk kan sama kek voc dolo memperbudak rakyat, klo skarang terselubung pk nama pajak",0,0,0,0,0,in
1764175280149807170,1764325258117742732,Sun Mar 03 16:21:35 +0000 2024,arvilhaleth,@neohistoria_id @uy16535,0,0,0,0,0,qam
1764175280149807170,1764319462759800896,Sun Mar 03 15:58:34 +0000 2024,roenall,"@RickyNSas @neohistoria_id supaya kliatan kerja. slogan kan kerja kerja kerja..
mikir entahlah
wong I dont read what I sign",0,0,0,0,0,in
1764175280149807170,1764317881607831618,Sun Mar 03 15:52:17 +0000 2024,ZenRp1000,@neohistoria_id Tapi pengen dari utang tsung tseng 😂😂😂,0,0,0,0,0,in
1764175280149807170,1764315656445689868,Sun Mar 03 15:43:26 +0000 2024,jajan_cipiran,"@neohistoria_id menikmati hasil pilpres 2014, sungguh di luar nalar",0,0,0,0,0,in
1764175280149807170,1764313665367625890,Sun Mar 03 15:35:31 +0000 2024,yongkyputrau,"@neohistoria_id Oke deh pakde 
Terserah Pakde
Mau ngomong juga emggk bakal didengar",96,1,0,0,0,in
1764175280149807170,1764312956651921454,Sun Mar 03 15:32:42 +0000 2024,aro_6ansi,@neohistoria_id sepertinya suhu jidat Jokowi sudah mencapai 100° c,1,0,0,0,0,in
1764175280149807170,1764312801886278118,Sun Mar 03 15:32:05 +0000 2024,KKoalahan,@neohistoria_id Kita?,0,0,0,0,0,in
1764175280149807170,1764312307763761318,Sun Mar 03 15:30:08 +0000 2024,up_cyclebychani,@honeynula @kdini3751 @Justcallme_Je @neohistoria_id AWOKWOKWOKWOK 🤣,0,0,0,0,0,in
1764175280149807170,1764310809759641718,Sun Mar 03 15:24:11 +0000 2024,raja_pasar,@neohistoria_id Kolonial .. maunya diganti dinasti aja,0,0,0,0,0,in
1764175280149807170,1764310681673969684,Sun Mar 03 15:23:40 +0000 2024,fuyukuuki,@proteinietorp @palingteguh @neohistoria_id Siapa yang bisa pastikan 74% itu murni memang memandang hal yang sama ke IKN??,0,0,1,0,0,in
1764175280149807170,1764310566141861929,Sun Mar 03 15:23:12 +0000 2024,mendoaja,"@palingteguh @neohistoria_id Itu mah jadi ""kami"" kalo cuman pakde, keluarga dan pejabat2 yg lain. Gimana sih bahasa indonesianya? ""Kita"" sama ""kami"" ga bisa bedain 😂",5,0,0,0,0,in
1764175280149807170,1764310465147261169,Sun Mar 03 15:22:48 +0000 2024,DavidOkke,"@neohistoria_id Nambah lagi alasannya..ada2 aja. Knp gak aja lgsg bilang agar ada jejak saya ""jokowi"" di IKN. Gak perlu malu2 lg kok pak.",0,0,0,0,0,in
1764175280149807170,1764309927718518971,Sun Mar 03 15:20:40 +0000 2024,gsppermai,@neohistoria_id Ya tapi bukan hasil dari ngutang juga !,0,0,0,0,0,in
1764175280149807170,1764307707971178901,Sun Mar 03 15:11:51 +0000 2024,seonho1993,@neohistoria_id Buset bikin istana nyaman buat kroninya. mana mikirin orang yang belom pada punya tempat tinggal layak.,0,0,0,0,0,in
1764175280149807170,1764307339937808502,Sun Mar 03 15:10:23 +0000 2024,minggutetapbuka,"@dianto_rusdian @rafiqi_28 @neohistoria_id Dulu ada istilah londho ireng, alias pribumi yang pegang kuasa
Belanda sebenarnya kasih gaji, soalnya banyak PT swasta juga aturan ""kasih mandat"" ke pimpinan lokal",4,0,1,0,0,in
1764175280149807170,1764306311452529106,Sun Mar 03 15:06:18 +0000 2024,kuy_bangg,@JgnJudiOnline @prophetofzorck @neohistoria_id tsunami fakta 🌊🌊,0,0,0,0,0,tr
1764175280149807170,1764306105113747771,Sun Mar 03 15:05:29 +0000 2024,4Sehat_5Scopus,"@hendra_bndol @wiwiz13 @neohistoria_id Iyo Mas… Cah kene omahe kono, gawene mangani tandurane tonggo wkwkwk",0,0,1,0,0,in
1764175280149807170,1764305983684374622,Sun Mar 03 15:05:00 +0000 2024,SeadanyaBarang,"@neohistoria_id 😭

https://t.co/PAQbMEIWjJ",0,0,0,0,0,qme
1764175280149807170,1764304850945544566,Sun Mar 03 15:00:30 +0000 2024,yeogiyafiya,"@neohistoria_id Atur dah atur, negara kan punya lu doang kan. Kita mah ngontrak doang",0,0,0,0,0,in
1764175280149807170,1764304583680250051,Sun Mar 03 14:59:26 +0000 2024,Alimisyahrul25,@neohistoria_id Mending punya istana dari hasil ngutang ya Pak?,0,0,0,0,0,in
1764175280149807170,1764304391312724075,Sun Mar 03 14:58:40 +0000 2024,orange_barbar,"@neohistoria_id Jaman kolonial rakyat miskin susah untuk mencari makan, karna dihantui oleh pasukan penjajah yang tidak segan-segan menyiksa bahkan membunuh.

Setelah merdeka rakyat miskin tetap susah mencari makan, karna dihantui oleh UU dan kebijakan Pemerintah demi  kepentingan kekuasaan!!!",0,0,0,0,0,in
1764175280149807170,1764303724036710401,Sun Mar 03 14:56:01 +0000 2024,new_mo_imron,@prophetofzorck @neohistoria_id Kemaren RKUHP ditolak,0,0,0,0,0,in
1764175280149807170,1764303092303204835,Sun Mar 03 14:53:31 +0000 2024,AfwanWH,@harukaUKAuka @prophetofzorck @neohistoria_id Maaf. Tidak tertarik bahas masalah bahasa dengan orang yang bahkan tidak bisa berbahasa dengan baik dan benar.,6,0,0,0,0,in
1764175280149807170,1764302692313354558,Sun Mar 03 14:51:55 +0000 2024,agnsku_,@neohistoria_id Istana Widodo,0,0,0,0,0,tl
1764175280149807170,1764302454714401024,Sun Mar 03 14:50:59 +0000 2024,paketpanas,@neohistoria_id Urgensi nya apaan punya istana yg bukan bekas kolonial ?,0,0,0,0,0,in
1764175280149807170,1764301387742183759,Sun Mar 03 14:46:44 +0000 2024,hendra_bndol,@4Sehat_5Scopus @wiwiz13 @neohistoria_id Kie mesti cah kene omahe kono wkwk,0,0,1,0,0,in
1764175280149807170,1764301013320892828,Sun Mar 03 14:45:15 +0000 2024,4Sehat_5Scopus,"@wiwiz13 @neohistoria_id Soyo rene, soyo rono, soyo ndodro wkwkwk",1,0,1,0,0,in
1764175280149807170,1764300385353970054,Sun Mar 03 14:42:45 +0000 2024,_ltsmine_,@idlelicates @neohistoria_id Pelan pelan kak 😂,0,0,0,0,0,in
1764175280149807170,1764299833723191510,Sun Mar 03 14:40:34 +0000 2024,Thirteenmine,"@neohistoria_id Saya memilih pak @jokowi 2 kali dalam pemilu 2014 dan 2019. Tapi untuk IKN ini saya tidak setuju pak, karena ada hal yg lebih sangat penting dibandingkan IKN",0,0,0,0,0,in
1764175280149807170,1764299175506915715,Sun Mar 03 14:37:57 +0000 2024,ypramudya,@pakhajizorororo @RickyNSas @neohistoria_id Some pun (the java user),2,0,0,0,0,en
1764175280149807170,1764299088840053098,Sun Mar 03 14:37:36 +0000 2024,ypramudya,"@Itis_PrimeTime @Axeno12 @RickyNSas @neohistoria_id Just kidding
No need coding",0,0,1,0,0,en
1764175280149807170,1764298961412837801,Sun Mar 03 14:37:06 +0000 2024,Ayong_,"@prophetofzorck @neohistoria_id Setuju, tapi sebaiknya Jangan ubah sekaligus. Harus ada uji publik dulu tiap perubahan pasal2nya.",0,0,0,0,0,in
1764175280149807170,1764298751869591737,Sun Mar 03 14:36:16 +0000 2024,ypramudya,@4kunk3po @RickyNSas @neohistoria_id R you sure?,0,0,0,0,0,en
1764175280149807170,1764298202986234262,Sun Mar 03 14:34:05 +0000 2024,harnumwd,@pypypyu @neohistoria_id akwkw tahan peh,0,0,0,0,0,in
1764175280149807170,1764295897738039744,Sun Mar 03 14:24:55 +0000 2024,_luqi_,@mochienyol @PakarINTELek @neohistoria_id knp pusing amat? kan yg bayar para konglomerat yg bayar pajaknya gila2an. klo mereka fine2 aja knp yg kontribusinya kecil dg segala macam cara mo menjegal IKN?,0,0,1,0,0,in
1764175280149807170,1764295699435581575,Sun Mar 03 14:24:08 +0000 2024,ThomaseAji,@neohistoria_id Betul nanti isi istana keluarga dan kroni kroninya...,0,0,0,0,0,in
1764175280149807170,1764295314197139653,Sun Mar 03 14:22:36 +0000 2024,AL_Zakaria18,"@Mitologikal @kaleng_emping @itsukuyon @ungkpanrasa @neohistoria_id Gimana gak demo ke prusahaan, lahan tanah adat dayak aja sering di sengketa sama perusahaan kelapa sawit. Cari aja beritanya banyakku 😏",1,0,1,0,0,in
1764175280149807170,1764295300934693119,Sun Mar 03 14:22:33 +0000 2024,njar_brahma,"@neohistoria_id Lebih bagus desain &amp; masterplan awal, lebih bersahaja @jokowi https://t.co/5X0qynOf2j",0,0,0,0,0,in
1764175280149807170,1764294910604460078,Sun Mar 03 14:21:00 +0000 2024,findiarko,"@neohistoria_id Impianku dr dulu presiden beristana gubuk reot, biar banyak merenung dan conflict of interest, beliau lwt bakal cium tangan, klo antitesis nya yah ngapain cium tangan, mending liat tiktod",0,0,0,0,0,in
1764175280149807170,1764294678730641816,Sun Mar 03 14:20:05 +0000 2024,RikyAbimanyu,@neohistoria_id Pak Jokowi ingin menjadi raja nya gantiin warisan kolonial,0,0,0,0,0,in
1764175280149807170,1764294272432656790,Sun Mar 03 14:18:28 +0000 2024,arsenalbali79,"@neohistoria_id Sekalian bongkar semua gedung belanda jangan lupa rel kereta api, jgn lupa lagi pelabuhannya... otak kok kayak setan...",0,0,0,0,0,in
1764175280149807170,1764293890679750752,Sun Mar 03 14:16:57 +0000 2024,apatheianism,"@BataviaRegion @neohistoria_id Tingkatkan kualitas pendidikan, sejahterakan guru, buat lapangan pekerjaan, terapkan UMR yang layak, hapus UU Cipta Kerja",1,0,0,0,0,in
1764175280149807170,1764292672544804955,Sun Mar 03 14:12:06 +0000 2024,uler_srengenge,@neohistoria_id alesan ra mutu,0,0,0,0,0,tr
1764175280149807170,1764291240798159304,Sun Mar 03 14:06:25 +0000 2024,mieownk,"@neohistoria_id luar biasa, bikin istana pas rakyat masih sengsara anjing wkwk",0,0,0,0,0,in
1764175280149807170,1764291187937255679,Sun Mar 03 14:06:12 +0000 2024,tfkurniawan,"@neohistoria_id Tanggalkan dulu nafsu dan perangai feodal para pejabat tinggi negara, yang nyata-nyata tinggalan kolonial, Pak @Presiden",0,0,0,0,0,in
1764175280149807170,1764291009587052675,Sun Mar 03 14:05:30 +0000 2024,nadland13,@neohistoria_id Tapi elu penjajah barunya,0,0,0,0,0,in
1764175280149807170,1764290918264586600,Sun Mar 03 14:05:08 +0000 2024,Manusia0iLspill,@neohistoria_id Kolonial oligarki eaaaa,0,0,0,0,0,eu
1764175280149807170,1764289826067726359,Sun Mar 03 14:00:48 +0000 2024,livinsanedream,@RickyNSas @neohistoria_id Pengen punya legacy keknya,0,0,0,0,0,in
1764175280149807170,1764288482577657978,Sun Mar 03 13:55:27 +0000 2024,HARUN1607,@neohistoria_id Gak penting gedungnya peninggalan kolonial asal penghuninya tdk berwatak kolonial.,0,1,0,0,0,in
1764175280149807170,1764288177106522266,Sun Mar 03 13:54:14 +0000 2024,Unoi_9,"@neohistoria_id Emploken wes, aku gak arep",0,0,0,0,0,in
1764175280149807170,1764285515501846581,Sun Mar 03 13:43:40 +0000 2024,sastraahmedzeyn,"@neohistoria_id Sebelas dua belas sama ceritanya Sultan Abdulmecid 1 yang pengen bangun Istana Dolmabahce sebagai ganti Istana Topkapı karena alasan ""wajah modernisasi"" Utsmaniyah. Tapi ternyata pembangunannya makan APBN Utsmaniyah bahkan berani ambil utang sehingga ekonomi negara jadi sekarat.",3,0,0,0,0,in
1764175280149807170,1764284468817502215,Sun Mar 03 13:39:30 +0000 2024,Leo_sanny,"@winwintriaditya @evanwongkar ngapain lu hapus komen lu tholllollll,joko udah kasih lu apa kok lu masi aja cebokin,percuma lu cebokin klo ga dapet komisaris atau minimal duit endors lah,padahal udah berkali kali omongan dia itu dobol,miris liat orang² tholllolll kek lu 😂",0,0,0,0,0,in
1764175280149807170,1764284279776055298,Sun Mar 03 13:38:45 +0000 2024,UPAN77,@neohistoria_id peninggalan dari mantan tukang kayu,0,0,0,0,0,in
1764175280149807170,1764283211558039875,Sun Mar 03 13:34:31 +0000 2024,Adhe25rachman,@neohistoria_id Istana kerajaan..setlh itu dinasti kepemimpinannya..skrg lg dpersiapkan putra mahkota untk mlnjutkan tampuk pimpinan..2029 - 2034 dst..smpe blg masa keemasan indonesia emas..,0,0,0,0,0,in
1764175280149807170,1764281547149226181,Sun Mar 03 13:27:54 +0000 2024,1hsan,@neohistoria_id Memang Presiden satu ini ga peka dengan keadaan rakyatnya...keren bgtlah👍👍👍,0,0,0,0,0,in
1764175280149807170,1764280325851754527,Sun Mar 03 13:23:03 +0000 2024,Leo_sanny,@winwintriaditya @evanwongkar lu ngomong apaan jembatan²?jembatan mana pake apbn tholllooll,0,0,0,0,0,in
1764175280149807170,1764280021429215390,Sun Mar 03 13:21:50 +0000 2024,prfromaga,@prophetofzorck @neohistoria_id Kan wktu itu udh tp banyak pro kontra juga,0,0,0,0,0,in
1764175280149807170,1764279495752814935,Sun Mar 03 13:19:45 +0000 2024,mochienyol,"@_luqi_ @PakarINTELek @neohistoria_id Gak ada urgensinya. Gue tim yg tidak setuju dg IKN. I just want to spit out the bitter, gimanapun juga bisa jadi pajak dari gue udah kepake disana 🤷‍♀️",1,0,1,0,0,in
1764175280149807170,1764279268463214764,Sun Mar 03 13:18:50 +0000 2024,burungmaleo,"@neohistoria_id "" saya lahir di istana "" pije jo.",0,0,0,0,0,in
1764175280149807170,1764279046903599367,Sun Mar 03 13:17:58 +0000 2024,gerindra_tw,@neohistoria_id Mau nyaingin 1MDB rupanya bapak ini,0,0,0,0,0,in
1764175280149807170,1764278937792966951,Sun Mar 03 13:17:32 +0000 2024,kuekukuslegit,"@neohistoria_id Ni orang suka nya bangun bangun bangun gunting pita ya. Kaga urus itu rakyat kek gimana
Yang penting gua keren bisa bangun ini itu, kata dia dalam hati gitu kali ya
Taik lah",1,0,0,0,0,in
1764175280149807170,1764278326469013884,Sun Mar 03 13:15:06 +0000 2024,nasikunin9,@neohistoria_id harga diri apaan... pret lahh,0,0,0,0,0,in
1764175280149807170,1764278285117329429,Sun Mar 03 13:14:56 +0000 2024,JNofrizon,@neohistoria_id Jokowi lagi bangun istana buat jan etes,0,0,0,0,0,in
1764175280149807170,1764277807222521937,Sun Mar 03 13:13:02 +0000 2024,Leo_sanny,"@winwintriaditya @evanwongkar hah?jembatan,jembuuutmu kuwi",0,0,0,0,0,in
1764175280149807170,1764277663127269416,Sun Mar 03 13:12:28 +0000 2024,Bitters51852082,"@HermawanadiCand @PakarINTELek @neohistoria_id Kenapa .. eneg ya... Gak apa2 kamu cuma 24% kok, yg lain gak eneg tuh, jgan bilang yg silent majority orang bodoh dan otak kopong lagi ya, kebanyakan yg 24% suka ngehina yg majority soalnya,krna yg pastinya sebagian besar mereka orang2 jenius semua dan sebagian kecil orang waras",0,0,1,0,0,in
1764175280149807170,1764277509561159882,Sun Mar 03 13:11:51 +0000 2024,diveyoo,"@neohistoria_id Bangsa yg Besar adalah yg Menghargai Sejarahnya dan Pahlawannya 
😷",0,0,0,0,0,in
1764175280149807170,1764276740334240255,Sun Mar 03 13:08:48 +0000 2024,romelolukanya,"@akubukanako @prophetofzorck @neohistoria_id Lo siapa?? Presiden mau bangun kok lo yg skeptis dan protes kiri kanan,, blok lu itu siapa??",1,0,2,0,0,in
1764175280149807170,1764276232982864158,Sun Mar 03 13:06:47 +0000 2024,hasnaftr,@riztrawk @RickyNSas @neohistoria_id Hehe thanks for your explanation https://t.co/htzypUu5UB,0,0,0,0,0,en
1764175280149807170,1764276080154951713,Sun Mar 03 13:06:10 +0000 2024,_luqi_,@mochienyol @PakarINTELek @neohistoria_id klo nambah 1 lg knp emangnya? negara bakal bangkrut? kita membangun jg ada kepentingannya. bkn pajangan doang.,0,0,1,0,0,in
1764175280149807170,1764275683503825065,Sun Mar 03 13:04:36 +0000 2024,tdynugroho,@SENDYYeah @neohistoria_id Oiya benar,0,0,0,0,0,in
1764175280149807170,1764275294234636326,Sun Mar 03 13:03:03 +0000 2024,puteraDjaya2000,"@neohistoria_id Belanda membangun seolah2 mau tinggal selamanya
Indonesia membangun seolah2 tinggal sementara",0,0,0,0,0,in
1764175280149807170,1764275224462393773,Sun Mar 03 13:02:46 +0000 2024,SENDYYeah,"@tdynugroho @neohistoria_id Kalau ada cara susah, kenapa pilih yang gampang?",0,0,1,0,0,in
1764175280149807170,1764274455747125751,Sun Mar 03 12:59:43 +0000 2024,mochienyol,@_luqi_ @PakarINTELek @neohistoria_id Udah jelas itu tulisannya Istana Kepresidenan ada 6,2,0,1,0,0,in
1764175280149807170,1764273631616803056,Sun Mar 03 12:56:27 +0000 2024,menglamoon,@neohistoria_id oke gas,0,0,0,0,0,en
1764175280149807170,1764273381132927161,Sun Mar 03 12:55:27 +0000 2024,Flashdllah,@kusmawan_11 @PakarINTELek @neohistoria_id ngeliat kekurangan mrk yg jadi bahan tawa akakakakak,0,0,1,0,0,in
1764175280149807170,1764273207316803791,Sun Mar 03 12:54:45 +0000 2024,_luqi_,@mochienyol @PakarINTELek @neohistoria_id jd maumu istana milik negara cukup 1 aja?,0,0,1,0,0,in
1764175280149807170,1764273054644048090,Sun Mar 03 12:54:09 +0000 2024,mylittlebossy,@neohistoria_id Ganti2 mulu alesannya,0,0,0,0,0,in
1764175280149807170,1764272738137764175,Sun Mar 03 12:52:54 +0000 2024,J0YCELLINE,@neohistoria_id Kaya negara punya bapa moyang lu aja! Atur dewek bae lah dah capek gua!,0,0,0,0,0,in
1764175280149807170,1764272671511261658,Sun Mar 03 12:52:38 +0000 2024,pinkueceri,"@neohistoria_id Kita kita, kita siapa bjir",0,0,0,0,0,in
1764175280149807170,1764271771832991805,Sun Mar 03 12:49:03 +0000 2024,mochienyol,"@_luqi_ @PakarINTELek @neohistoria_id Istana Negara kan udah ada, ngapain bikin lagi? Ya bener kalau ada yang bilang IKN buang2 duit",0,0,1,0,0,in
1764175280149807170,1764270901728854418,Sun Mar 03 12:45:36 +0000 2024,petrikorhujan,@neohistoria_id lomom ma,0,0,0,0,0,in
1764175280149807170,1764270546114724041,Sun Mar 03 12:44:11 +0000 2024,Jun__Dev,"@neohistoria_id Jokowi kan menjelaskan kalau dia membangun istana IKN sebagai peninggalan kolonial zamannnya.

Masa omongannya sesulit itu dipahami. Rumus sederhana kelas TK.",0,0,0,0,0,in
1764175280149807170,1764270523310379077,Sun Mar 03 12:44:05 +0000 2024,Tennycilegal7,@neohistoria_id Tapi istana yg dibangun oleh cina ya?,0,0,0,0,0,in
1764175280149807170,1764268831772725269,Sun Mar 03 12:37:22 +0000 2024,AhdiatMzm,"@rif_doel @RickyNSas @neohistoria_id Rata - rata orang Jawa hari ini sih, gue enggak tertarik begituan. Gak kuat sering kena penyakit mental kalau ikut - ikutan.",0,0,0,0,0,in
1764175280149807170,1764268315256709349,Sun Mar 03 12:35:19 +0000 2024,terthinking,@prophetofzorck @neohistoria_id Otw kuhperdata masih pake punya londo,0,0,0,0,0,in
1764175280149807170,1764268195643613229,Sun Mar 03 12:34:51 +0000 2024,sansaiclub,@neohistoria_id Jadi peninggalan beliau lebih baik?,0,0,0,0,0,in
1764175280149807170,1764268097882763500,Sun Mar 03 12:34:27 +0000 2024,mopi0817,@neohistoria_id Halah... Gak urgen buat rakyat.,0,0,0,0,0,in
1764175280149807170,1764267859499532474,Sun Mar 03 12:33:30 +0000 2024,geninousone,@rizapasha_ @neohistoria_id klo istana negara yg sekarang blm memenuhi kebutuhan?,0,0,0,0,0,in
1764175280149807170,1764267558558224854,Sun Mar 03 12:32:19 +0000 2024,dwi_setiawan27,"@neohistoria_id Presiden tinggal ditempat yg namanya istana aja udah aneh, secara bukan raja. Presiden tinggalnya dikantor karena punya seketaris. Dasar presiden mozambique.",0,0,0,0,0,in
1764175280149807170,1764267558256222330,Sun Mar 03 12:32:19 +0000 2024,geninousone,@rizapasha_ @neohistoria_id kira2 crowded over capacitnya krna apa?,0,0,0,0,0,in
1764175280149807170,1764267225815589376,Sun Mar 03 12:30:59 +0000 2024,RibaPastiNeraka,@Justcallme_Je @neohistoria_id Khas nya orang kiri,1,0,0,0,0,in
1764175280149807170,1764267114683421106,Sun Mar 03 12:30:33 +0000 2024,fuzzy3303sf,"@neohistoria_id Pengen bilang ""perbaikin hukum dulu"" eh tpi dia yg ngubah2 hukum demi tujuan pribadi. Jdi mustahil hukum berkeadilan dan tak pandang bulu",0,0,0,0,0,in
1764175280149807170,1764267017773916176,Sun Mar 03 12:30:10 +0000 2024,baligooner24,@prophetofzorck @neohistoria_id Cuwaaaksss,0,0,0,0,0,tl
1764175280149807170,1764266344403685613,Sun Mar 03 12:27:29 +0000 2024,Yourbae87,"@neohistoria_id norak ajg designnya, yg simple kyk gedung putih gitu aja bisa ga sih? yg penting tu kebijakan yg dibuat bukan tampak luar, kodok lah emang",0,0,0,0,0,in
1764175280149807170,1764266226568790062,Sun Mar 03 12:27:01 +0000 2024,watonsuloyo99,"@palingteguh @neohistoria_id Merujuk tagline kampanye dia dulu, sudah jelas siapa ""kita"" yang dimaksud. https://t.co/q8TzENniAz",6,0,0,0,0,in
1764175280149807170,1764266071874572621,Sun Mar 03 12:26:24 +0000 2024,AfwanWH,@harukaUKAuka @prophetofzorck @neohistoria_id diubah. Bukan di rubah.,1,0,3,0,0,in
1764175280149807170,1764265584269853032,Sun Mar 03 12:24:28 +0000 2024,negerilama,@neohistoria_id Harga diri bangsa ga melulu soal fisik bangunan,0,0,0,0,0,in
1764175280149807170,1764265383903867320,Sun Mar 03 12:23:40 +0000 2024,rexdxa,@pypypyu @neohistoria_id saya suka semangatnya,0,0,0,0,0,in
1764175280149807170,1764265347358814591,Sun Mar 03 12:23:31 +0000 2024,kalistecing,@a_robith_f @neohistoria_id Memang kosong,0,0,0,0,0,in
1764175280149807170,1764265104269627434,Sun Mar 03 12:22:33 +0000 2024,primelensee,@neohistoria_id Kok kepikiran aja ya,0,0,0,0,0,in
1764175280149807170,1764265020081471520,Sun Mar 03 12:22:13 +0000 2024,TheFaredan,@dewaruci1945 @neohistoria_id Atau seperti masjid demak,0,0,0,0,0,in
1764175280149807170,1764264958672691304,Sun Mar 03 12:21:59 +0000 2024,waseiwasena,"@_54vior @evanwongkar @neohistoria_id Kalinantan timur jg gempa, IKN juga kmrn sempet banjir, malah prediksi maret banjir lagi. Duitnya ga ada, hutang makin numpuk. Gak ada urgensi nya sama sekali.",0,0,0,0,0,in
1764175280149807170,1764264949524873667,Sun Mar 03 12:21:57 +0000 2024,Mvpivanaputra,@prophetofzorck @neohistoria_id Kita baru bisa buat UUPA,0,0,0,0,0,in
1764175280149807170,1764264885758898285,Sun Mar 03 12:21:41 +0000 2024,semestaui,"@RickyNSas @J_fransz @ZamroniTAkhmad @neohistoria_id Gak perlu maju untuk bisa bangun landmark
Tapi ""Bisa&amp;Mampu""",0,0,0,0,0,in
1764175280149807170,1764264811595272555,Sun Mar 03 12:21:24 +0000 2024,pordylr,"@BataviaRegion @operatorcidro @genin0us @neohistoria_id Aceh, Minangkabau gak ada sejarah dengan Majapahit",0,0,0,0,0,in
1764175280149807170,1764264767181721721,Sun Mar 03 12:21:13 +0000 2024,akuamakita,@neohistoria_id kok spele banget ya alesannya,0,0,0,0,0,in
1764175280149807170,1764264730833850633,Sun Mar 03 12:21:04 +0000 2024,riztrawk,"@RickyNSas @hasnaftr @neohistoria_id Transportasi publik di Kaltim itu sangat buruk. Jalan lintas sudah ada tapi tiap tahun ada aja rusaknya. Tiket pesawat mahal, lewat jalan darat jalannya rusak. Salah satu hal berguna yg tidak diperhatikan.",1,0,1,0,0,in
1764175280149807170,1764264504169570438,Sun Mar 03 12:20:10 +0000 2024,Flashdllah,@kusmawan_11 @PakarINTELek @neohistoria_id nitip 1 goreng kering bg 😁,0,0,1,0,0,in
1764175280149807170,1764264287101710615,Sun Mar 03 12:19:19 +0000 2024,fndltm_24,@x0ox346051 @prophetofzorck @neohistoria_id neo kuhp full karya anak bangsa. tinggal perdata ama dagang yg masih full plek ketiplek dari belanda,7,0,0,0,0,in
1764175280149807170,1764264229304205497,Sun Mar 03 12:19:05 +0000 2024,publikpisang,"@neohistoria_id Argumennya sangat melecehkan sbgian besar rakyat Indonesia. ""IKN"" itu agenda politik utk menguasai JAKARTA/ Jawa sbg pusat kendali negara. Jakarta/ Jawa jatuh, Indonesia bubar. 😜🤪😝",0,0,0,0,0,in
1764175280149807170,1764263860201205770,Sun Mar 03 12:17:37 +0000 2024,SleepyprinceO,@dAsalbantani @neohistoria_id Akun bot apa gimana si? Yang penting tweet teratas tiap postingan?,2,0,0,0,0,in
1764175280149807170,1764263810557473166,Sun Mar 03 12:17:25 +0000 2024,Ib27189947Arief,@neohistoria_id Bangsa maju dan ultra modern bukan di lihat dari istananya yang megah...di lihat dari produk-produknya dan jasanya yang berkelas dunia dengan harga yang kompentitive terjangkau....di buat oleh manusia unggulan dan cerdas....!,0,0,0,0,0,in
1764175280149807170,1764263569124897066,Sun Mar 03 12:16:27 +0000 2024,aswadin_dark,@neohistoria_id Harga diri vs etika,0,0,0,0,0,in
1764175280149807170,1764263537248272543,Sun Mar 03 12:16:20 +0000 2024,pypypyu,@neohistoria_id tapi hukum yang dipake masih dari peninggalan kolonial🫵🏻 idiot,0,0,2,0,0,in
1764175280149807170,1764263416800440728,Sun Mar 03 12:15:51 +0000 2024,felixputrinoble,"@sy39263 @RickyNSas @ZamroniTAkhmad @neohistoria_id Ada kemungkinan. Kalau pemenangnya orang Sumatra, ya mgkn budaya yg dominan ya budaya Sumatra (Melayu?).",0,0,1,0,0,in
1764175280149807170,1764262972577456409,Sun Mar 03 12:14:05 +0000 2024,akmalroots,@neohistoria_id bilang aja bangun ikn di kalimantan biar ga di demo KOCAK,0,0,0,0,0,in
1764175280149807170,1764262943989129386,Sun Mar 03 12:13:58 +0000 2024,wiwiz13,@neohistoria_id Rakyatnya kesusahan cari beras. Ini malah bangun istana. Anjing bener emang,376,9,26,0,0,in
1764175280149807170,1764262843459961172,Sun Mar 03 12:13:34 +0000 2024,akumadorobito,@kalistecing @neohistoria_id Doesn't make any sense,0,0,1,0,0,en
1764175280149807170,1764262160786694215,Sun Mar 03 12:10:52 +0000 2024,cincaiiin,"@prophetofzorck @neohistoria_id Kalau kuhp mungkin udh ada yg baru, cuma yg kuhpdt nya belomm",1,0,0,0,0,in
1764175280149807170,1764261859128123450,Sun Mar 03 12:09:40 +0000 2024,DaniRobusta,"@neohistoria_id sedikitpun tidak jadi masalah, mau membuat mega proyek sekelas apapun, minimal sejahterakan dulu rakyat secara berkeadilan,,,ekonomi, pendidikan, kesehatannya, masih banyak rakyat pagi makan sore belum tentu.....",0,0,0,0,0,in
1764175280149807170,1764261616407974388,Sun Mar 03 12:08:42 +0000 2024,nei14082,"@syamem_112 @ungkpanrasa @neohistoria_id Insyaallah ntar pasti stabil lgi harganya, krn dmna2 jg gagal panen mk nya agak mahal",1,0,0,0,0,in
1764175280149807170,1764261123749294182,Sun Mar 03 12:06:44 +0000 2024,Hafedzadam,@neohistoria_id Kenapa gak gedung lama aja yg diubah ?,0,0,0,0,0,in
1764175280149807170,1764260068076499255,Sun Mar 03 12:02:33 +0000 2024,bu_gapleh,@neohistoria_id “kita” di sini maksudnya bapack dan turunan bapack ya,0,0,0,0,0,in
1764175280149807170,1764259458371482038,Sun Mar 03 12:00:07 +0000 2024,a_rapik,@Justcallme_Je @neohistoria_id Waktu Asian games 1964 itu Indonesia udh siap secara fasilitas belum si ?,0,0,0,0,0,in
1764175280149807170,1764259287084507619,Sun Mar 03 11:59:27 +0000 2024,GunawanAB3,@dAsalbantani @neohistoria_id Heran sm komen2 mu kdg belain pemerintah kadang ikut nyindir jg,4,0,1,0,0,in
1764175280149807170,1764259259460784519,Sun Mar 03 11:59:20 +0000 2024,kucilpung,"@diminishism @RickyNSas @neohistoria_id indonesia dibandingin ama saudi arabia, uea, qatar, ya jauuhh bgt indonesia di belakang mereka 😭.",1,0,0,0,0,in
1764175280149807170,1764258877175185473,Sun Mar 03 11:57:49 +0000 2024,matursuxma,"@neohistoria_id Membangun negeri impiannya sendiri, atur aja pak, kan anda penguasa",0,0,0,0,0,in
1764175280149807170,1764258842781925738,Sun Mar 03 11:57:41 +0000 2024,kucilpung,@neohistoria_id tapi ganti dia ama kroni-kroninya yang cosplay jadi kolonial,0,0,0,0,0,in
1764175280149807170,1764258466515021919,Sun Mar 03 11:56:11 +0000 2024,yassudahla,@dAsalbantani @neohistoria_id Akun gaje,3,0,0,0,0,in
1764175280149807170,1764258444092321852,Sun Mar 03 11:56:06 +0000 2024,HaQi_00,"@neohistoria_id ""Harga diri"" gak bisa buat makan",0,0,0,0,0,in
1764175280149807170,1764258358327116086,Sun Mar 03 11:55:45 +0000 2024,yassudahla,@neohistoria_id Banyak alasan,0,0,0,0,0,in
1764175280149807170,1764257903387791769,Sun Mar 03 11:53:57 +0000 2024,janov20,"@_54vior @PakarINTELek @neohistoria_id Wkwkwk
Baca ulang baru komen

Awalnya sempet kebaca Israel juga, agak tengleng apa hubungannya.
Baca ulang dunk... Eaalaa vanke... Isreal 🤣🤣🤣",1,0,0,0,0,in
1764175280149807170,1764257860647858525,Sun Mar 03 11:53:46 +0000 2024,ddulkhab,@neohistoria_id yg di bali termasuk peninggalan kolonial?,0,0,0,0,0,in
1764175280149807170,1764257857506275765,Sun Mar 03 11:53:46 +0000 2024,Aromatica,"@neohistoria_id Hmm, terus nanti disalahartikan oleh pemangku kebijakan di daerah. Bangunan2 peninggalan jaman Belanda dibongkar2in.. 🤦‍♂️",0,0,0,0,0,in
1764175280149807170,1764257834337005743,Sun Mar 03 11:53:40 +0000 2024,Penaluka1,"@neohistoria_id Negara demokrasi, tapi kantor presiden namanya istana 😂",0,0,0,0,0,in
1764175280149807170,1764257354454032803,Sun Mar 03 11:51:46 +0000 2024,000someoneelse,@neohistoria_id Utang numpuk kebanyakan polah,0,0,0,0,0,in
1764175280149807170,1764257199147327659,Sun Mar 03 11:51:09 +0000 2024,kkimkayii,@neohistoria_id iyah siap pak yg membangun istana di atas kemiskinan dan kebobrokan lingkungan 🛐🛐🛐,0,0,0,0,0,in
1764175280149807170,1764256642500358165,Sun Mar 03 11:48:56 +0000 2024,Safrudin_09,"@neohistoria_id Peninggalan kolonial bnyk min...
Infrastruktur kereta, jalan Anyer - panarukan, pelabuhan2, mesium. 
Istana peninggalan kolonial juga bnyk, bukan satu.",0,0,0,0,0,in
1764175280149807170,1764255707598328267,Sun Mar 03 11:45:13 +0000 2024,BuangMursalim,"@neohistoria_id Lho .. negara ini BEKAS JAJAHAN KOLONIAL. Mau cari bagian negara yg tak pernah dijajah kolonial? Mana coba,?",1,0,0,0,0,in
1764175280149807170,1764255364147810318,Sun Mar 03 11:43:51 +0000 2024,triiiaaano,@prophetofzorck @neohistoria_id Nah bener ini,0,0,0,0,0,in
1764175280149807170,1764254675849912369,Sun Mar 03 11:41:07 +0000 2024,geninousone,@rizapasha_ @neohistoria_id trs soal narasi anda yg berasumsi membanggakn dan cinta sm bangunan kolonial? apa mksdnya? selama ini apa ada yg merendahkan Indonesia cm krna istana negara bangunan peninggalan kolonial? sayang2 duitnya cm buat bangunan baru. saya jg lihat eksistensi ttp sbg istana negara aja,0,0,1,0,0,in
1764175280149807170,1764254362128511222,Sun Mar 03 11:39:52 +0000 2024,Asr_Aji,@neohistoria_id sakkarepe jokowii 🫵🏼😂,0,0,0,0,0,in
1764175280149807170,1764254269132488814,Sun Mar 03 11:39:30 +0000 2024,suyutirifai,"@neohistoria_id hukum agraria itu benahi 50% saja, banyak yg sudah tidak relevan dengan perkembangan zaman sekarang.

undang- undang HAM dan Korupsi lebih ditegaskan lagi hukuman dan sanksi. Perdata dan pidana dikontruksi lagi.

ini baru dekolonisasi 👌💯 bukan gedungnya. Tapi core nya dulu.",6,0,0,0,0,in
1764175280149807170,1764254264497758259,Sun Mar 03 11:39:29 +0000 2024,PilihanSatria,@neohistoria_id 👍 https://t.co/n4qVTdlALL,0,0,0,0,0,qme
1764175280149807170,1764254156712538241,Sun Mar 03 11:39:03 +0000 2024,RonggurSimanju2,"@neohistoria_id jika anda miskinyalahkan org kaya,Kerja keras.kalau bodoh menyalahkan org pintar,belajar yg giat.
kalah menyalahkan yg menang Curang,padahal sama2 curang.

sakit hati karena yg berkuasa di cintai kebanyakan rakyat,jangan menipu rakyat tapi membela rakyat.",0,0,0,0,0,in
1764175280149807170,1764254144687390865,Sun Mar 03 11:39:01 +0000 2024,hudacahjurang,"@neohistoria_id Di ikn sekalian bikin patung  pak

https://t.co/vvmY14NyHR",0,0,0,0,0,in
1764175280149807170,1764253932522717531,Sun Mar 03 11:38:10 +0000 2024,Cantikbangettau,@neohistoria_id Biar ada tandatangan bapak ya di peresmiannya??,0,0,0,0,0,in
1764175280149807170,1764253630339965054,Sun Mar 03 11:36:58 +0000 2024,pasoepri,@neohistoria_id Istana Warisan (Legacy) Dinasti Jokowi untuk Indonesia....🤔,0,0,0,0,0,in
1764175280149807170,1764253124418822162,Sun Mar 03 11:34:57 +0000 2024,geninousone,"@rizapasha_ @neohistoria_id oalah anda kontra IKN, ya trs knp statementnya seolah mendukung krna ngelihat istana negara yg skrg sbg pninggalan kolonial? lagian ya org luar Jakarta jg lebih takjub sm monas sih yg jd icon Jakarta. maaf2 saya kira anda pro td. bah wkwkw",0,0,2,0,0,in
1764175280149807170,1764252987747422651,Sun Mar 03 11:34:25 +0000 2024,Mitologikal,"@dewaruci1945 @neohistoria_id takut di demo suku lokal, nanti dikatain jawasentris.
padahal yg membangun kalimantan itu mayoritas pekerja dari pulau jawa🤣",0,0,0,0,0,in
1764175280149807170,1764252587396911549,Sun Mar 03 11:32:49 +0000 2024,Mitologikal,"@zerryantro @neohistoria_id jangan bawa"" orang minang.
orang minang aja males berurusan ama beliau🤣",0,0,0,0,0,in
1764175280149807170,1764252371713229253,Sun Mar 03 11:31:58 +0000 2024,OdeOman,@neohistoria_id Ketika orang yang ngacak-ngacak MK bicara tentang harga diri bangsa. Gw si ngakak.,3,0,0,0,0,in
1764175280149807170,1764252361957224779,Sun Mar 03 11:31:55 +0000 2024,Mitologikal,"@ramadanti1212 @neohistoria_id beliau hanya mengikuti jejak raja"" mesir. https://t.co/SWQkuC7Htr",0,0,0,0,0,in
1764175280149807170,1764252322010722651,Sun Mar 03 11:31:46 +0000 2024,MrSeikaro,"@neohistoria_id Soekarno : perjuanganku lebih mudah karena melawan penjajah, tapi perjuangan kalian akan lebih sulit karena melawan J",0,0,0,0,0,in
1764175280149807170,1764252160362254514,Sun Mar 03 11:31:07 +0000 2024,Mitologikal,@BangHasan866 @neohistoria_id beliau hanya ingin merasakan gimana serunya revolusi perancis.,0,0,0,0,0,in
1764175280149807170,1764251957466984575,Sun Mar 03 11:30:19 +0000 2024,Mitologikal,"@loopseey @neohistoria_id beliau hanya ingin memiliki monumen peninggalan agar tidak kalah dengan raja"" mesir. https://t.co/OHmeS6DTfo",0,0,0,0,0,in
1764175280149807170,1764251793687756992,Sun Mar 03 11:29:40 +0000 2024,beomhwaa__,@neohistoria_id is it just me or his smile in that photo looks so evil? 🙃,0,0,0,0,0,en
1764175280149807170,1764251528876237243,Sun Mar 03 11:28:37 +0000 2024,Penjahat09,"@neohistoria_id Bangun istana apa piramida ya?
Koq mirip jalan ceritanya?",0,0,0,0,0,in
1764175280149807170,1764251275498258722,Sun Mar 03 11:27:36 +0000 2024,Mitologikal,"@mase_aga @astroharis @neohistoria_id Genre Fantasy terlalu luas karena itu butuh sub Genre baru
contohnya gini
-Mahouka : cerita di bumi tapi berlatar belakang sihir(pure Fantasi) sama seperti Harry Potter
-Frieren : cerita penduduk dunia lain tanpa ada MC dari bumi (Native Isekai) sama seperti The Lord of The Rings",4,0,1,0,0,in
1764175280149807170,1764250834735620232,Sun Mar 03 11:25:51 +0000 2024,sapput_,@neohistoria_id https://t.co/8QxxM9WTm9,0,0,0,0,0,qme
1764175280149807170,1764250622357115262,Sun Mar 03 11:25:01 +0000 2024,F15TY,"@zuerein @pakyuselebeww @evanwongkar @neohistoria_id Jangankan jajan, hadiah aja kena pajak sampe geleng2 asli 😅

Dapet hadiah masker dan gantungan kartu emoney dr KBS, kena pajak 68k, gw cuma geleng2, padahal ini hadiah. 

semenjak itu ga ikut2 kuis lagi, males bayar biaya pajak dan cukainya 😅",0,0,1,0,0,in
1764175280149807170,1764250608230621614,Sun Mar 03 11:24:57 +0000 2024,rizalawaludinm,@neohistoria_id Lah skrg emg udh bukan jaman kolonial ya?,0,0,0,0,0,in
1764175280149807170,1764250106206072840,Sun Mar 03 11:22:58 +0000 2024,kidsakhirzaman,@neohistoria_id Mending KUHPnya dulu di ganti pake asli hukum Nusantara. Jangan pake istilah2 belanda,0,0,0,0,0,in
1764175280149807170,1764249966875467940,Sun Mar 03 11:22:24 +0000 2024,syhr_poetra,"@neohistoria_id Ini udah gua rasaain dr dulu, tiap liat upacara kemerdekaan, Istananya bekas rumah Gubernur Belanda,

Dalam hati bertanya, Kapan lah negeri yang bernama Indonesia ini membuat identitas peradapan bangsanya dengan membuat sebuah Istana hasil karya manusianya sendiri?
Makasih PakDe",0,0,0,0,0,in
1764175280149807170,1764249955596951574,Sun Mar 03 11:22:22 +0000 2024,ibaladi,@neohistoria_id Kebanggaan dan harga diri bangsa ga bisa dimakan,0,0,0,0,0,in
1764175280149807170,1764249603145388420,Sun Mar 03 11:20:58 +0000 2024,gilangdwmny,@neohistoria_id Yaudah coba bikin jalur rel kereta baru yang bukan buatan aseng,0,0,0,0,0,in
1764175280149807170,1764249545951879517,Sun Mar 03 11:20:44 +0000 2024,Mitologikal,"@GMN0606 @ziloBois @neohistoria_id sepertinya beliau ingin merasakan menjadi keluarga kerajaan perancis di era revolusi perancis.
beliau hanya ingin melihat sampai dimana batas kesabaran rakyat.
beliau hanya ingin seluruh keluarganya bersama"" sampai akhir hayatnya. https://t.co/kCNAyeyFg8",0,0,0,0,0,in
1764175280149807170,1764249341878034604,Sun Mar 03 11:19:55 +0000 2024,yhogigustianto,"@neohistoria_id Banyak mau, noh pikirin warga lu pada banyak kesusahan",0,0,0,0,0,in
1764175280149807170,1764249268205040102,Sun Mar 03 11:19:38 +0000 2024,VladisVya,@neohistoria_id Kita?!!! 🙄,0,0,0,0,0,in
1764175280149807170,1764248668818001960,Sun Mar 03 11:17:15 +0000 2024,inisial31839874,"@neohistoria_id Pemimpin yang baik adalah mengutamakan kesejahteraan rakyat nya.. Bukan istana nya. 
 Tpi itu terserah Anda.. Orang kami cuma numpang hidup. 😊",3,0,0,0,0,in
1764175280149807170,1764248667060592715,Sun Mar 03 11:17:15 +0000 2024,AgoesSies,"@Justcallme_Je @neohistoria_id Berbeda, pda saat itu Ir. Soekarno terlalu visioner untuk jamannya maka seakan pembangunan yg dia lakukan ga berdampak tapi berdampaknya malah pda saat ini, contohnya jalan yg dianggap terlalu besar saat itu tapi pda saat lebih berfungsi karena volume kendaraan yg mkin bnyak, dll",3,0,0,0,0,in
1764175280149807170,1764248114012250266,Sun Mar 03 11:15:03 +0000 2024,Mitologikal,"@dianto_rusdian @rafiqi_28 @neohistoria_id gimana gk modar, para adipati lokal korupsi duit gaji dari pemerintah hindia belanda. apalagi centeng"" lokal yg kelakuannya lebih kejam dari tentara kerajaan belanda.",7,0,2,0,0,in
1764175280149807170,1764248061197566189,Sun Mar 03 11:14:50 +0000 2024,achmadii93,"@neohistoria_id Yang nikmatin situ yang bayar rakyat 
Bener² pemimpin merakyat 🙃",0,0,0,0,0,in
1764175280149807170,1764247805131104304,Sun Mar 03 11:13:49 +0000 2024,KtbRizman,"@neohistoria_id Lebih baik dr sitaan hal kemerdekaan, drpd hal hutang sm tiongkok",0,0,0,0,0,in
1764175280149807170,1764247722960589231,Sun Mar 03 11:13:29 +0000 2024,azp__,@1310pjm_ @Justcallme_Je @neohistoria_id Soalnya punya darah timur bang,0,0,0,0,0,in
1764175280149807170,1764247712516739387,Sun Mar 03 11:13:27 +0000 2024,AlexiusPambudi,@neohistoria_id Cara kerja dia aja sudah meniru kolonial.. Awokwokwok,0,0,0,0,0,in
1764175280149807170,1764247676831559949,Sun Mar 03 11:13:18 +0000 2024,achmadii93,@_54vior @PakarINTELek @neohistoria_id Gampang banget mancing jokowers 🤣,1,0,0,0,0,in
1764175280149807170,1764247003230617638,Sun Mar 03 11:10:38 +0000 2024,be_nawaa,@neohistoria_id Saya sih nggak terlalu butuh ya. 😄,1,0,0,0,0,in
1764175280149807170,1764246922154713311,Sun Mar 03 11:10:19 +0000 2024,ffrhmnnnn,@neohistoria_id Hukum pidana lu masih jaman Belanda,0,0,0,0,0,in
1764175280149807170,1764246819004137946,Sun Mar 03 11:09:54 +0000 2024,Mitologikal,"@AL_Zakaria18 @kaleng_emping @itsukuyon @ungkpanrasa @neohistoria_id iya bukan demo ke pemerintah tapi hobi demo perusahaan tambang ama perkebunan, hobi ngeblokir jalur truk pake batang pohon &amp; batu
kalo demo pake pakaian perang ditambah bawa"" sajam lalu bikin atraksi kebal ada juga yg sampai kesurupan roh nenek moyang &amp; tingkahnya di luar nalar🤣",1,0,2,0,0,in
1764175280149807170,1764246738146370023,Sun Mar 03 11:09:35 +0000 2024,mas_maskae,"@prophetofzorck @neohistoria_id Kalo hanya ""mulai"", tentu sudah",0,0,0,0,0,in
1764175280149807170,1764246259941146909,Sun Mar 03 11:07:41 +0000 2024,SadamRevenge,@neohistoria_id Istana baru dibangun cina,0,0,0,0,0,in
1764175280149807170,1764246226567082076,Sun Mar 03 11:07:33 +0000 2024,rahdanim,@neohistoria_id Alasan si owi doang itu mah!,0,0,0,0,0,in
1764175280149807170,1764246140512555144,Sun Mar 03 11:07:12 +0000 2024,syamem_112,@nei14082 @ungkpanrasa @neohistoria_id Mudah-mudahan setelah hari raya segera turun harganya,0,0,1,0,0,in
1764175280149807170,1764245373663711502,Sun Mar 03 11:04:09 +0000 2024,royzaboet1994,"@afathngantuk @RickyNSas @neohistoria_id Soal na lain ciri urang sunda mun hoyong kapandang teh kudu boga prasasti, tapi nu utama teh nya eta bukti padamelan alus, akhir na seungit nami na. Contoh, siliwangi..",0,0,0,0,0,in
1764175280149807170,1764245297868525815,Sun Mar 03 11:03:51 +0000 2024,RickyNSas,@hasnaftr @neohistoria_id Ah kamu mah kayak yang baru maen twitter aja🤣,1,0,0,0,0,in
1764175280149807170,1764245136253518272,Sun Mar 03 11:03:13 +0000 2024,geninousone,"@rizapasha_ @neohistoria_id ya anda salah lapak dong, ini kan lapak saya ttp menyoroti makna ""ya knp sm bangunan peninggalan kolonial? toh dulu ok2 aja. jd ya buat apa bangun ulang istana baru cm krna alasan peninggalan kolonial"". scara trsirat ya masih IKN, krna saya pihak yg kontra IKN wkwkw.",0,0,1,0,0,in
1764175280149807170,1764245097976316080,Sun Mar 03 11:03:04 +0000 2024,RickyNSas,"@diminishism @neohistoria_id Negara² Timur Tengah itu makmur Bos. Coba liat UAE, Saudi, Yordania...",8,0,1,0,0,in
1764175280149807170,1764245088081960972,Sun Mar 03 11:03:01 +0000 2024,7052demon,@catom_inside @Justcallme_Je @neohistoria_id jokowi juga sama,0,0,0,0,0,in
1764175280149807170,1764245076388270319,Sun Mar 03 11:02:58 +0000 2024,hasnaftr,@RickyNSas @neohistoria_id Gatau A. Aku asal aja nulisnya tadi. Wakakakaka takut ih kalo ditanggepin serius🤪,0,0,1,0,0,in
1764175280149807170,1764244905885589791,Sun Mar 03 11:02:18 +0000 2024,bayamwijen,@_54vior @PakarINTELek @neohistoria_id Lucu banget membaca aja gk tuntas,1,0,0,0,0,in
1764175280149807170,1764244774729715713,Sun Mar 03 11:01:47 +0000 2024,anggaimaginer,"@neohistoria_id Sak karepmu, wes ra ngurus aku, arep mbok ganti dadi Kekaisaran Widodo  yo oleh!!!",0,0,0,0,0,in
1764175280149807170,1764244774473892068,Sun Mar 03 11:01:46 +0000 2024,akubukanako,"Di negara pada masih barat2an.
Kereta ""whoosh"" misalnya. Noh namanya jelas sosoan inglis meski mereka alibinya itu singkatan. Pdhl ada singkatan2 lain yg pas. Yg indonesia. 

Yg aktif indonesia-isasi malah pemda di daerah. Macem pak anies yg kemaren serba menamai ala indonesia",3,0,3,0,0,in
1764175280149807170,1764244318771085533,Sun Mar 03 10:59:58 +0000 2024,jigglitummy,@neohistoria_id Istana yang di Bali keren banget tauuu… bagus pol dan banyak ornamen Bali yang khas.,0,0,0,0,0,in
1764175280149807170,1764244096313679893,Sun Mar 03 10:59:05 +0000 2024,yusup_kamaludin,"@neohistoria_id Jokowi yg pengen, kita-kita yg kena getahnya hehe",0,0,0,0,0,in
1764175280149807170,1764243970941714693,Sun Mar 03 10:58:35 +0000 2024,helmi75,"@neohistoria_id Habis bangun, dikejar hutang. Ga merdeka2 tu istana",0,0,0,0,0,in
1764175280149807170,1764243630146080943,Sun Mar 03 10:57:14 +0000 2024,Endy_prayudi,@neohistoria_id Jokowi salah lagi dimata buzzer😌😌😌,0,0,0,0,0,in
1764175280149807170,1764243412558176700,Sun Mar 03 10:56:22 +0000 2024,ZakyFachru,@astroharis @neohistoria_id 😲 Nemu di fb udah lama https://t.co/yLdcDsnFQ7,8,0,0,0,0,in
1764175280149807170,1764243259088687589,Sun Mar 03 10:55:45 +0000 2024,akubukanako,"@prophetofzorck @neohistoria_id Yup. Otak/pola pikir nya dulu yg diubah. Penampilan fisik mah bisa nanti nanti.

Hukum, tata pembangunan negara, gaya berbahasa negara, itu semua harus didekolonisasi dulu.

Jgn sosoan bikin gedung ginian, tpi hukum msih belanda. Masih berbahasa serba english. Dll.",92,4,7,0,0,in
1764175280149807170,1764243131011359194,Sun Mar 03 10:55:15 +0000 2024,bintang_fdjar,@neohistoria_id Biasanya bentuk arsitektur aneh2 markas villain,0,0,0,0,0,in
1764175280149807170,1764242418344534214,Sun Mar 03 10:52:25 +0000 2024,geninousone,"@rizapasha_ @neohistoria_id tp kan kita lagi rep di akun neo yg bahas IKN jg, di lain rep ya kan anda mention soal bangunan baru. emg bangunan baru apa yg buat gantiin fungsi istana negara yg jd peninggalan kolonial klo bkn IKN?",0,0,1,0,0,in
1764175280149807170,1764241786216841512,Sun Mar 03 10:49:54 +0000 2024,ichitanthaitea,@neohistoria_id Oke.,0,0,0,0,0,und
1764175280149807170,1764241731783164367,Sun Mar 03 10:49:41 +0000 2024,ichitanthaitea,@_54vior @PakarINTELek @neohistoria_id WKWKWKWKWKWK LUCU BANGET LAGI.,0,0,0,0,0,in
1764175280149807170,1764241299761406434,Sun Mar 03 10:47:58 +0000 2024,JackyFAlex1,@prophetofzorck @neohistoria_id Bukannya sdh dibuat dan disahkan ya...cm belum berlaku. Tuh pun msh ada yg pro dan kontra.,0,0,0,0,0,in
1764175280149807170,1764241221210570924,Sun Mar 03 10:47:39 +0000 2024,KulubLondok,@neohistoria_id Dari peninggalan kolonial berganti mjd peninggalan kolocinal 😆,0,0,0,0,0,in
1764175280149807170,1764241162716807289,Sun Mar 03 10:47:25 +0000 2024,tdynugroho,@neohistoria_id Lha klo gitu jadiin Gianyar jd IKN aja kok susah,0,0,1,0,0,in
1764175280149807170,1764241033758740503,Sun Mar 03 10:46:55 +0000 2024,uappilion,@neohistoria_id Iyalah orng mau bikin dinasti sendiri,0,0,0,0,0,in
1764175280149807170,1764239768769196219,Sun Mar 03 10:41:53 +0000 2024,PastiNgibul,"@neohistoria_id meninggalkan kolonial Belanda, mendatangkan kolonial cina, bangke Lu Juki 🤣🤣",0,0,0,0,0,in
1764175280149807170,1764239562224861364,Sun Mar 03 10:41:04 +0000 2024,norvlezz,@neohistoria_id Ini perasaan aku aja atau gimana kekny nih org mau namanya tercatat di sejarah pembangunan indo pdhl pembangunan yg dia lakukan melahirkan bnyk hutang,0,0,0,0,0,in
1764175280149807170,1764239376765333718,Sun Mar 03 10:40:20 +0000 2024,bukandeng,"@neohistoria_id di sumatera barat ada, Istana Pagaruyung min. asli buatan lokal.",0,0,0,0,0,in
1764175280149807170,1764239360332021981,Sun Mar 03 10:40:16 +0000 2024,Fauziah01398513,@_54vior @PakarINTELek @neohistoria_id Kalo gue mah mending apus dah rep lu 🤣,2,0,0,0,0,in
1764175280149807170,1764239317449482424,Sun Mar 03 10:40:05 +0000 2024,diminishism,@RickyNSas @neohistoria_id lah ente bisa rebahan di kasur sambil nyemil terus ngetik gini apa nggak makmur itu namanya? bandingkan sama negara2 timur tengah atau negara amerika latin,0,0,4,0,0,in
1764175280149807170,1764239093498802523,Sun Mar 03 10:39:12 +0000 2024,nei14082,@Arwana_biru @RickyNSas @neohistoria_id Lu doang kek nya disini kagak tuh jgn bawa2 jawa smua rusak gitu.,0,0,0,0,0,in
1764175280149807170,1764239049714503930,Sun Mar 03 10:39:02 +0000 2024,taktumbang17968,@neohistoria_id Semoga bapak ini kena hukuman yg setimpal,0,0,0,0,0,in
1764175280149807170,1764239038364708967,Sun Mar 03 10:38:59 +0000 2024,Fauziah01398513,@_54vior @PakarINTELek @neohistoria_id NGAKAK WOI HAHHHAAHAHA,0,0,0,0,0,tl
1764175280149807170,1764238562596405740,Sun Mar 03 10:37:05 +0000 2024,nei14082,@syamem_112 @ungkpanrasa @neohistoria_id Beras dan sembako naek tiap hari raya jg gitu pak,0,0,1,0,0,in
1764175280149807170,1764238433365741903,Sun Mar 03 10:36:35 +0000 2024,doer_AlX,"@neohistoria_id Ga sembada sama yang beliau dengung² kan tiap pidato: All seeing, all knowing.

Yang esensial kaya gitu malah luput 😁
Dugaan saya statemen tersebut bukan intensi sebenarnya.",0,0,0,0,0,in
1764175280149807170,1764237977084129707,Sun Mar 03 10:34:46 +0000 2024,1310pjm_,@azp__ @Justcallme_Je @neohistoria_id Tapi presiden yg ini kegelapan 🥹🥹,0,0,1,0,0,in
1764175280149807170,1764237938010051012,Sun Mar 03 10:34:37 +0000 2024,RickyNSas,@yanajus96045391 @neohistoria_id Maksudnya gimana? 👀,0,0,0,0,0,in
1764175280149807170,1764237736024961308,Sun Mar 03 10:33:48 +0000 2024,RickyNSas,@hasnaftr @neohistoria_id Yang berguna itu misalnya?,0,0,2,0,0,in
1764175280149807170,1764237726298390638,Sun Mar 03 10:33:46 +0000 2024,wachmoon,"@neohistoria_id Gimana baiknya aja lah asal sembako jangan naik, penguasa.",0,0,0,0,0,in
1764175280149807170,1764237012490666434,Sun Mar 03 10:30:56 +0000 2024,sternritterzz,"@AfwanWH @prophetofzorck @neohistoria_id KUHAP nya juga harusnya menyusul, begitu pula dengan KUHPer, KUHD dll",9,0,1,0,0,in
1764175280149807170,1764236529818587325,Sun Mar 03 10:29:01 +0000 2024,hasnaftr,"@RickyNSas @neohistoria_id 🥲

Kalo tujuan berpolitiknya untuk menegakkan keadilan dan mensejahterakan rakyat, sebenarnya ini gak akan terjadi. Karena duitnya mending dialokasikan untuk hal yang lebih berguna🥲",9,0,1,0,0,in
1764175280149807170,1764236445336932467,Sun Mar 03 10:28:41 +0000 2024,KamNur78,"@neohistoria_id Ada bangunan seperti istana begini, justru semakin menjauhkan pemimpin dengan rakyatnya. Boleh membangun tapi apakah bersedia jika rakyat ingin bertemu menyampaikan problem rakyat, yang didalam istana mau bertemu &amp; mendengarkannya?",0,0,0,0,0,in
1764175280149807170,1764236368690208894,Sun Mar 03 10:28:22 +0000 2024,sakim270987,@neohistoria_id KUHP warisan siapa yah?? 😂,0,0,0,0,0,in
1764175280149807170,1764236104323256548,Sun Mar 03 10:27:19 +0000 2024,ianh1403,"@neohistoria_id Bebas, kan ini negara punya bapak kau",0,0,0,0,0,in
1764175280149807170,1764235780069675265,Sun Mar 03 10:26:02 +0000 2024,masbro958,"@neohistoria_id Boleh aja pak kalau gak dari duit ngutang, kalau dah gak ada rakyatnya yg mati kelaparan…please ngerti prioritas",0,0,0,0,0,in
1764175280149807170,1764235354981482505,Sun Mar 03 10:24:21 +0000 2024,gus_pur11,@neohistoria_id Sesama kolonial,0,0,0,0,0,in
1764175280149807170,1764235312337944652,Sun Mar 03 10:24:11 +0000 2024,mrwonk99,@neohistoria_id Tapi dibuat oleh koloni baru..,1,0,0,0,0,in
1764175280149807170,1764234862096159017,Sun Mar 03 10:22:23 +0000 2024,albatroayuki,"@neohistoria_id Toh yg make juga keluarga bapak, jadi terserah bapak deh mo gimana, biar kami yang menanggung semuanya sampe beli beras aja kaga mampu, kan kita cinta bapak",0,0,0,0,0,in
1764175280149807170,1764234425200713749,Sun Mar 03 10:20:39 +0000 2024,yanajus96045391,@RickyNSas @neohistoria_id nah klo org jawa/luar jawa berkuasa dan ga membangun hal yg boombastis gimana ??,0,0,1,0,0,in
1764175280149807170,1764234159663542545,Sun Mar 03 10:19:36 +0000 2024,Azzam_azhar13,"@mahani0706 @_54vior @PakarINTELek @neohistoria_id Lebih penasaran sama orang yang membaca itu jadi israel. 3 periode Israel? Yang bener...

Btw gaya penulisan tanpa spasi itu bisa dipakai di percakapan informal. Tidak perlu terlalu baku kalau cuman ngomong sama orang asing asal lawan bicara bisa paham",6,0,1,0,0,in
1764175280149807170,1764233740958781494,Sun Mar 03 10:17:56 +0000 2024,noisechoic,@rezaspn @neohistoria_id Biar byur,1,0,0,0,0,in
1764175280149807170,1764233737959792849,Sun Mar 03 10:17:55 +0000 2024,F15TY,"@pakyuselebeww @zuerein @evanwongkar @neohistoria_id Klo punya Penghasilan, rumah, kendaraan bermotor, harusnya bayar pajak sih. 

Aturan normalnya spt itu.",0,0,1,0,0,in
1764175280149807170,1764233734226939920,Sun Mar 03 10:17:54 +0000 2024,TejaAru05798875,"@neohistoria_id Menyala pak de, atur aja atur",0,0,0,0,0,in
1764175280149807170,1764233606850109949,Sun Mar 03 10:17:24 +0000 2024,fikri_pra,@neohistoria_id Ahh elah duit bangun nya aja kan minjem dari china juga,0,0,0,0,0,in
1764175280149807170,1764233447726571975,Sun Mar 03 10:16:46 +0000 2024,dhania_ode,@neohistoria_id Kita???,0,0,0,0,0,in
1764175280149807170,1764233352620695816,Sun Mar 03 10:16:23 +0000 2024,MawasDir,@neohistoria_id Gimmick,0,0,0,0,0,en
1764175280149807170,1764233178330677459,Sun Mar 03 10:15:42 +0000 2024,Aldihfd,@neohistoria_id https://t.co/K9wIRBUgIH,0,0,0,0,0,qme
1764175280149807170,1764233093542805902,Sun Mar 03 10:15:22 +0000 2024,RaihaanRmadhan_,@neohistoria_id Tapi kan yg banyak ditanyakan kenapa harus kalimantan?,0,0,0,0,0,in
1764175280149807170,1764233089268830516,Sun Mar 03 10:15:21 +0000 2024,F15TY,"@_54vior @PakarINTELek @neohistoria_id Maklumin lah typo Nder, jangan langsung gas, jangan su'udzon dulu... 

Kan jadi rame",2,0,0,0,0,in
1764175280149807170,1764233080158744685,Sun Mar 03 10:15:18 +0000 2024,LovingSYAM1,"@prophetofzorck @neohistoria_id Loh, kan sudah mas. Walopun bukan jd lebih baik yg penting diubah aja...",1,0,0,0,0,in
1764175280149807170,1764232679309082754,Sun Mar 03 10:13:43 +0000 2024,adhitamabader,@_54vior @PakarINTELek @neohistoria_id minat membaca agak rendah kayaknya,0,0,0,0,0,in
1764175280149807170,1764232346956640412,Sun Mar 03 10:12:24 +0000 2024,hoomanolaf,@neohistoria_id owi empire🔥🔥🔥,0,0,0,0,0,in
1764175280149807170,1764232289498828999,Sun Mar 03 10:12:10 +0000 2024,rahulvenya,"@neohistoria_id 'Kita' di sini merujuk ke masyarakat Indonesia keseluruhan atau ke beliau, keluarga dan para pejabat yg sejalan dgn beliau?",1730,76,15,0,0,in
1764175280149807170,1764232008606298449,Sun Mar 03 10:11:03 +0000 2024,Leo_sanny,"@winwintriaditya @evanwongkar ""jokowi berjanji KCIC tidak memakai APBN""",1,0,0,0,0,in
1764175280149807170,1764231761377313275,Sun Mar 03 10:10:04 +0000 2024,bong_tan9,"@neohistoria_id Ditunggu bangun istana presiden di planet mars, biar gk ngeluh banjir trus pak 🫡",0,0,0,0,0,in
1764175280149807170,1764231674509082983,Sun Mar 03 10:09:43 +0000 2024,allev_m,@neohistoria_id liat. muka presiden nih slalu inget seringaian pennywise njirrr.. maap pak 🙏,0,0,0,0,0,in
1764175280149807170,1764231549892153547,Sun Mar 03 10:09:13 +0000 2024,will_of_J,@RickyNSas @ZamroniTAkhmad @neohistoria_id O iya. Belum,0,0,0,0,0,in
1764175280149807170,1764231467885031733,Sun Mar 03 10:08:54 +0000 2024,RickyNSas,@J_fransz @ZamroniTAkhmad @neohistoria_id Udah maju belum? Itu pertanyaannya,0,0,1,0,0,in
1764175280149807170,1764230618416857521,Sun Mar 03 10:05:31 +0000 2024,JgnJudiOnline,@prophetofzorck @neohistoria_id Hukum mau dibagusin era jokowi? Mimpi 🤣🤣 KPK aja dilemahkan era dia bos. Kenapa? Ya takut kegaruk 🤣🤣🤣,2,1,1,0,0,in
1764175280149807170,1764230604894445905,Sun Mar 03 10:05:28 +0000 2024,will_of_J,"@RickyNSas @ZamroniTAkhmad @neohistoria_id Tergantung keluarannya gimana. Kalo memang monumennya kental dengan nilai kejawaan ya berarti Jawa nya yang ditonjolkan. Tapi kalo hanya monumental secara umum, ya berarti mewakili kemajuan bangsa",0,0,1,0,0,in
1764175280149807170,1764230577446879366,Sun Mar 03 10:05:22 +0000 2024,haltabubagimu,"@neohistoria_id jika perilaku kolonialisme masih menjadi pedoman bagi penguasa utk bertindak, maka utk apa istana dijadikan simbol kebebasan dari penjajahan kolonial? sekedar jadi simbol saja?
mending bangun tugu patung jokowi ajalah. bisa dipake sbg jejak keberadaan neotirani di negeri ini.",0,0,0,0,0,in
1764175280149807170,1764230003284414914,Sun Mar 03 10:03:05 +0000 2024,RickyNSas,@J_fransz @ZamroniTAkhmad @neohistoria_id Iya bangun monumen tanda kemajuan. Makanya saya tanya Indonesia (bangun IKN) tanda kemajuan atau kejawaan?,0,0,1,0,0,in
1764175280149807170,1764229906236645384,Sun Mar 03 10:02:42 +0000 2024,will_of_J,"@RickyNSas @ZamroniTAkhmad @neohistoria_id Berkembang, pak. Saya ga pernah bilang maju.",0,0,0,0,0,in
1764175280149807170,1764229745275699233,Sun Mar 03 10:02:03 +0000 2024,geninousone,@operatorcidro @neohistoria_id pdhal dulu knp tiap daerah mau bersatu jd Indonesia ya krna ngerasa senasib sm2 jajahan kolonial jg. apa ganti negara jg kah kita? trs bunga bangkai yg punya nama raflessia arnoldi itu jg jd peninggalan kolonial kah?😩,2,0,0,0,0,in
1764175280149807170,1764229707841876316,Sun Mar 03 10:01:54 +0000 2024,will_of_J,"@RickyNSas @ZamroniTAkhmad @neohistoria_id Maksud saya ""ga eksklusif orang Jawa"", bukan lalu membatasi opsi jawaban buat dalam Indonesia aja kak 😑 masyarakat di negara lain di dunia juga punya kecenderungan bangun monumen",0,0,1,0,0,in
1764175280149807170,1764229351732809970,Sun Mar 03 10:00:29 +0000 2024,RickyNSas,"@J_fransz @ZamroniTAkhmad @neohistoria_id https://t.co/sZ5f9qBxM9
TANDA KEMAJUAN konteksna ke mana?",0,0,2,0,0,in
1764175280149807170,1764229068998967690,Sun Mar 03 09:59:22 +0000 2024,loopseey,"@neohistoria_id Alesan aja, buang2 duit, udah jelas utang numpuk malah pemborosan.",1,0,1,0,0,in
1764175280149807170,1764228897326190892,Sun Mar 03 09:58:41 +0000 2024,TatangSalman,@neohistoria_id https://t.co/z8PRhJrCSR,0,0,0,0,0,qme
1764175280149807170,1764228875855515901,Sun Mar 03 09:58:36 +0000 2024,will_of_J,"@RickyNSas @ZamroniTAkhmad @neohistoria_id In that case, saya ga pernah bilang negara maju di cuitan saya. Berkembang, iya. Dan Indonesia bisa dikategorikan negara berkembang kan? Masih dalam proses kan?",0,0,1,0,0,in
1764175280149807170,1764228842850509188,Sun Mar 03 09:58:28 +0000 2024,RickyNSas,@J_fransz @ZamroniTAkhmad @neohistoria_id Orang  mana lagi di Indonesia sejak merdeka yang seperti itu?,0,0,1,0,0,in
1764175280149807170,1764228783509586325,Sun Mar 03 09:58:14 +0000 2024,ZamroniTAkhmad,"@RickyNSas @J_fransz @neohistoria_id Wajarsih ada yg mikir gitu
Wong realitanya dikampung2 banyak kog orang yg memaksakan diri membangun rumah mewah, meski hidupnya paspasan
.
Makanya gampang terbuai dg pemimpin yg rajin buat bangunan monumental",0,0,0,0,0,in
1764175280149807170,1764228598498795850,Sun Mar 03 09:57:30 +0000 2024,rainerpoillot,@neohistoria_id Menciptakan kolonialisme untuk bangsa sendiri,2,0,0,0,0,in
1764175280149807170,1764228567364419683,Sun Mar 03 09:57:22 +0000 2024,TatangSalman,@neohistoria_id https://t.co/rtfjg4hZzL,0,0,0,0,0,qme
1764175280149807170,1764228512200991206,Sun Mar 03 09:57:09 +0000 2024,TatangSalman,@neohistoria_id https://t.co/IEHQ7hth3i,0,0,0,0,0,qme
1764175280149807170,1764228457784111144,Sun Mar 03 09:56:56 +0000 2024,TatangSalman,@neohistoria_id https://t.co/cPwNQA0poE,1,0,0,0,0,qme
1764175280149807170,1764228388938809692,Sun Mar 03 09:56:40 +0000 2024,Aominexoxo,@neohistoria_id Emang Bapa ini kalau bikin statement suka diluar nalar 😂,0,0,0,0,0,in
1764175280149807170,1764227978882613601,Sun Mar 03 09:55:02 +0000 2024,RickyNSas,@J_fransz @ZamroniTAkhmad @neohistoria_id Kan saya ngambil pertanyaan dari cuitan anda....,0,0,1,0,0,in
1764175280149807170,1764227904937095484,Sun Mar 03 09:54:44 +0000 2024,will_of_J,@RickyNSas @ZamroniTAkhmad @neohistoria_id O iya sekalian mo menjawab pertanyaan kakak di atas : karakteristik ini juga bukan eksklusif orang Jawa,0,0,1,0,0,in
1764175280149807170,1764227607258861744,Sun Mar 03 09:53:33 +0000 2024,p_widyanto,@DSagha @neohistoria_id Wkwkwkwkwk bangkeee,0,0,0,0,0,in
1764175280149807170,1764227543543206281,Sun Mar 03 09:53:18 +0000 2024,Fortaane,"@neohistoria_id Bikin dah sono pake gaji lo sendiri jingan, jgn pake APBN.",0,0,0,0,0,in
1764175280149807170,1764227333819625980,Sun Mar 03 09:52:28 +0000 2024,will_of_J,"@RickyNSas @ZamroniTAkhmad @neohistoria_id Kebetulan saya sedang ga menjawab dari segi itu kak. Saya cuma mo menegaskan kalo kecenderungan ini bukan sekedar ""watak umum di Indonesia"". Ini mah sikap manusia secara global. Dari jaman prasejarah juga mungkin 😁",0,0,1,0,0,in
1764175280149807170,1764227307395510710,Sun Mar 03 09:52:22 +0000 2024,p_widyanto,@neohistoria_id Pemikiran sesat apa lagi ini??? Hanya demi pengakuan bsa bangun istana sendiri??? Eh tapi ya g apa2 deng wong bangunnya pake duit joko...bukan duit rakyat,0,0,0,0,0,in
1764175280149807170,1764226836740161775,Sun Mar 03 09:50:30 +0000 2024,nana_n1n1_nunu,@neohistoria_id Rada mirip politik mercusuar ya 🤔,0,0,0,0,0,in
1764175280149807170,1764226582510764052,Sun Mar 03 09:49:29 +0000 2024,ilhmvnati,@neohistoria_id tapi saya juga gamau punya presiden keturunan kolonial juga pak,0,0,0,0,0,in
1764175280149807170,1764226580400963686,Sun Mar 03 09:49:29 +0000 2024,dos135790,"@neohistoria_id Di akhir jabatan mu,, buat lah kenangan yg bikin rakyat/pedukungmu Bangga,bukan malah sibuk dengan Nafsu-Nafsumu..
""BUAT KEPRES KORUPSI D HUKUM MATI"".
itulah keinginan pendukungmu dari akar paling Bawah.",0,0,0,0,0,in
1764175280149807170,1764226511534764141,Sun Mar 03 09:49:12 +0000 2024,RickyNSas,@J_fransz @ZamroniTAkhmad @neohistoria_id Pertanyaannya: Indonesia saat ini sudah maju?,0,0,4,0,0,in
1764175280149807170,1764226416613495071,Sun Mar 03 09:48:50 +0000 2024,rzlksm,@neohistoria_id Selera arsitektur Jokowi emang ga ada apa apanya dibanding Kusno,1,0,0,0,0,in
1764175280149807170,1764226405410418913,Sun Mar 03 09:48:47 +0000 2024,ambiIhikmahnya,@neohistoria_id Kaya kastil penyihir,0,0,0,0,0,in
1764175280149807170,1764226350108627275,Sun Mar 03 09:48:34 +0000 2024,AhaKeren,@neohistoria_id kita? elo aja kali . gw mah enggak pengen.,0,0,0,0,0,in
1764175280149807170,1764226345821970845,Sun Mar 03 09:48:33 +0000 2024,rintuul,"@neohistoria_id pola pikirnya gmn ya jokowi ini wkwk, kalo istana presidennya bagus tapi negaranya bobrok dilanda kemiskinan, cacat hukum, korupsi, dan urgent matters lainnya apa yang harus dibanggakan?",1,0,0,0,0,in
1764175280149807170,1764226280759890350,Sun Mar 03 09:48:17 +0000 2024,will_of_J,"@ZamroniTAkhmad @RickyNSas @neohistoria_id Bukan cuma Indonesia, pak. Sudah umumnya suatu komunitas/masyarakat yang berkembang ingin membangun landmark besar sebagai tanda kemajuan yang bisa dikenal dan dibanggakan di dunia.
Ini bukan karakter eksklusif negara kita, seperti yang bapak siratkan 😑",0,0,1,0,0,in
1764175280149807170,1764226260644024694,Sun Mar 03 09:48:12 +0000 2024,qim_ruh,@neohistoria_id Problem bukan pada gedung peninggalan penjajah Belanda tetapi hukum hukum kolonial yg masih bercokol di Indonesia.,0,0,0,0,0,in
1764175280149807170,1764226256193913219,Sun Mar 03 09:48:11 +0000 2024,yudsky,"@neohistoria_id Bangun istana saja sih gpp, murah. Masalahnya ini bangun kotanya lengkap beserta segala fasilitasnya 👀",0,0,0,0,0,in
1764175280149807170,1764226241845141930,Sun Mar 03 09:48:08 +0000 2024,djaranmati,@neohistoria_id Kita juga tidak ingin punya rezim yg mirip kolonial,0,0,0,0,0,in
1764175280149807170,1764226172492358054,Sun Mar 03 09:47:51 +0000 2024,itstimehan,@neohistoria_id jauh sekali dengan konsep kepemimpinan umar bin khattab,2,0,0,0,0,in
1764175280149807170,1764225992267284559,Sun Mar 03 09:47:08 +0000 2024,dianadamarsri,@dAsalbantani @neohistoria_id Ga harus pakai ngabisin APBN ratusan trilyun jg kalii,9,0,0,0,0,in
1764175280149807170,1764225976295477558,Sun Mar 03 09:47:05 +0000 2024,geninousone,@rizapasha_ @maulidina17 @neohistoria_id ato buat ngbantu perbaikan dan menunjang fasilitas2 lain tiap daerah. jdnya manfaatnya lebih cepat dirasakan dan lebih byk org yg bisa nikmatin.,0,0,0,0,0,in
1764175280149807170,1764225744912478480,Sun Mar 03 09:46:09 +0000 2024,kyukks,"@neohistoria_id Kita2, lu aja kali jok.",0,0,0,0,0,in
1764175280149807170,1764225691762200955,Sun Mar 03 09:45:57 +0000 2024,dwidias01,@rif_doel @RickyNSas @neohistoria_id Rumah bagus tapi anak-anak pendidikan nya gak bagus#maaf,0,0,0,0,0,in
1764175280149807170,1764225609235100137,Sun Mar 03 09:45:37 +0000 2024,geninousone,"@rizapasha_ @maulidina17 @neohistoria_id emg mau dirombak jd apa bang? kn di IKN dibangun gedung ulang. dripd bangun ulang yg cm ngabisin duit, mending dgn duit yg sama dibuat utk dana pendidikan, buat naikin gaji guru2, nakes, buat bantu supplay petani, buat ngasih fasilitas2 kesehatan biar ga prlu rujuk kesana kemari",0,0,1,0,0,in
1764175280149807170,1764225478356005255,Sun Mar 03 09:45:06 +0000 2024,_____oatbanana,@neohistoria_id Bbbbivmm,0,0,0,0,0,nl
1764175280149807170,1764225434647216306,Sun Mar 03 09:44:56 +0000 2024,Flashdllah,@ypramudya @RickyNSas @neohistoria_id kirain Python bg 🗿,1,0,0,0,0,fr
1764175280149807170,1764225279353127265,Sun Mar 03 09:44:18 +0000 2024,Raranana24,@neohistoria_id Ganti kolonial aja sih ini... IKn nanti jd peninggalan kolonial dinasty jokowi,0,0,0,0,0,in
1764175280149807170,1764225203717189871,Sun Mar 03 09:44:00 +0000 2024,Flashdllah,@PakarINTELek @neohistoria_id dpt ikan banyak bagi bagi bg akaksk,1,0,1,0,0,in
1764175280149807170,1764224663616659469,Sun Mar 03 09:41:52 +0000 2024,real0xmaam,@neohistoria_id Lebih baik hukumnya dulu diperbaiki.,142,1,0,0,0,in
1764175280149807170,1764224660848402620,Sun Mar 03 09:41:51 +0000 2024,geninousone,"@rizapasha_ @neohistoria_id ya bkn pcinta jg bang, mksdnya emg berefek apa cm sm bangunan pninggaln kolonial? toh udh di ubah jd istana presiden dan yg nempatin jg presiden Indo. brdiri di tanah Indo dan di urus oleh org Indo. kira2 klo israel tiba2 nyerang istana ngara yg bngunan kolonial itu senang/marah?",0,0,1,0,0,in
1764175280149807170,1764224635921629525,Sun Mar 03 09:41:45 +0000 2024,daniairwansyah,@neohistoria_id Kita ingin memiliki negara yg bukan peninggalan kolonial??,0,0,0,0,0,in
1764175280149807170,1764224566002692536,Sun Mar 03 09:41:28 +0000 2024,lonelypersonism,@neohistoria_id HUKUM NYA BENERJN DULU PAKDE,0,0,0,0,0,in
1764175280149807170,1764224264964898905,Sun Mar 03 09:40:17 +0000 2024,brkskbnn,@prophetofzorck @neohistoria_id Masalah nya @jokowi paham gak soal hukum itu dulu kudu di jawab,18,1,1,0,0,in
1764175280149807170,1764223890593878140,Sun Mar 03 09:38:47 +0000 2024,bareda,"@neohistoria_id Seambisius Hitler.
https://t.co/7aNjBhbdiO",0,0,0,0,0,in
1764175280149807170,1764223764429152365,Sun Mar 03 09:38:17 +0000 2024,AGN3ZONE,@neohistoria_id Emang penyokong nya darimana pak??,0,0,0,0,0,in
1764175280149807170,1764223747073126423,Sun Mar 03 09:38:13 +0000 2024,IdarDot,@adewantor @RickyNSas @neohistoria_id Oalah mas... Mas.... https://t.co/MAOenjEh9y,0,0,0,0,0,in
1764175280149807170,1764223746926321720,Sun Mar 03 09:38:13 +0000 2024,leonzio123,"@neohistoria_id Peninggalan... Warisan... Legacy 

Pada dasarnya manusia ingin abadi... Tapi kematian adalah kepastian. Sehingga manusia ingin meninggalkan sesuatu agar ia abadi.",0,0,0,0,0,in
1764175280149807170,1764223689871249763,Sun Mar 03 09:38:00 +0000 2024,menitnotcom,@neohistoria_id Hehehe... Otaknya sekalian pak..,0,0,0,0,0,in
1764175280149807170,1764223357560750370,Sun Mar 03 09:36:40 +0000 2024,BudiStr2,"@neohistoria_id Min ajuin ke staff @jokowi Setelah lambang IKN di perlombakan sekarang perlombakan nama gedung2 dan komplek2nya
Kalau saya ngasih nama untuk nama istana saya kasih nama Istana Hindia Pasifik alasannya supaya orang terutama orang luar negeri tidak merasa asing mendengarnya",0,0,0,0,0,in
1764175280149807170,1764223344612872572,Sun Mar 03 09:36:37 +0000 2024,sriusanlu,@neohistoria_id iya.,0,0,0,0,0,und
1764175280149807170,1764223128396616003,Sun Mar 03 09:35:46 +0000 2024,sunnydae01,"@silmuwu @neohistoria_id btul, dari awal memang sudah banyak huru haranya mba. Kalau ada barang yang rusak, harusnya mah dicoba perbaiki dulu ya (apalagi kalau duitnya dikit). Ini malah bikin (masalah) baru lagi.",0,0,0,0,0,in
1764175280149807170,1764223076999524453,Sun Mar 03 09:35:33 +0000 2024,aymluckyy,"@neohistoria_id Betul Pak, sangat urgensi membangun Istana Presiden yang bukan peninggalan kolonial. Lebih penting dari segala permasalahan ekonomi, hukum, atau HAM di Indonesia saat ini. Lanjutkan Pak👍",0,0,0,0,0,in
1764175280149807170,1764222671552966871,Sun Mar 03 09:33:57 +0000 2024,itseem33,"@neohistoria_id Bolehlah ga peninggalan kolonial, tp seenggaknya gedungnya vernakular/ berdasar tradisional lah, bukannya sculptural yg penting ada unsur garuda🗿",0,0,0,0,0,in
1764175280149807170,1764222128579387821,Sun Mar 03 09:31:47 +0000 2024,itsmesiska_,@neohistoria_id gmna bapak aja,0,0,0,0,0,in
1764175280149807170,1764222069636772175,Sun Mar 03 09:31:33 +0000 2024,rif_doel,"@ziloBois @neohistoria_id Lama renungin masalah nama istana. Kalo pake nama istana, kesannya monarki dan sistem feodal.
Lebih cocok pake ""rumah negara"" atau apalah biar ga songong pemimpinnya.",9,0,0,0,0,in
1764175280149807170,1764222047033708577,Sun Mar 03 09:31:28 +0000 2024,AL_Zakaria18,"@kaleng_emping @itsukuyon @ungkpanrasa @neohistoria_id Yahh gimana mau demo, warga kalimantan aja pada santuy santuy kalo harga naik gak kek pulau sebelah heheheh🙏. Sbb slogan warga kalimantan ""yang penting barang ada""",1,0,1,0,0,in
1764175280149807170,1764221966054203395,Sun Mar 03 09:31:09 +0000 2024,zerryantro,"@neohistoria_id Sepintas kayak rumah adat Minang, rumah gadang https://t.co/uKnZvm3SzY",0,0,2,0,0,in
1764175280149807170,1764221892054093933,Sun Mar 03 09:30:51 +0000 2024,Fatihputera12,@4kunk3po @RickyNSas @ypramudya @neohistoria_id Terlalu modern. Mending C dulu.,1,0,0,0,0,in
1764175280149807170,1764221532438716878,Sun Mar 03 09:29:25 +0000 2024,flownthorn,@_54vior @PakarINTELek @neohistoria_id Membaca aja kamu sulit..,0,0,0,0,0,in
1764175280149807170,1764221446451269655,Sun Mar 03 09:29:05 +0000 2024,mahani0706,@_54vior @PakarINTELek @neohistoria_id Lo pada yang tolol sejak kapan kata isreal di gabung?,0,0,1,0,0,in
1764175280149807170,1764221229320544385,Sun Mar 03 09:28:13 +0000 2024,FikriRahman_19,@neohistoria_id Silahkan pak terserah mau diapain🙏,0,0,0,0,0,in
1764175280149807170,1764220781452501265,Sun Mar 03 09:26:26 +0000 2024,_54vior,"@evanwongkar @neohistoria_id emang urgent untuk saat ini? Gk. Bisa pake Jakarta. Tapi sampe kapan? Nunggu Jakarta collapse dlu baru bikin kota baru? Kondisi dijakarta aja udah parah, populasi banyak banjir dimana² belum lagi gempa.",3,0,5,0,0,in
1764175280149807170,1764220499876540479,Sun Mar 03 09:25:19 +0000 2024,hamnyaong,@neohistoria_id atur ajalah pak negara punya bapak,0,0,0,0,0,in
1764175280149807170,1764220441609289952,Sun Mar 03 09:25:05 +0000 2024,cottonkapass,"@_54vior @PakarINTELek @neohistoria_id ya allah lucu banget🤣🤣🤣 is real kaa bukan israel, beda loh😭",22,0,0,0,0,in
1764175280149807170,1764220345119305777,Sun Mar 03 09:24:42 +0000 2024,RickyNSas,@sy39263 @neohistoria_id Padahal beda,0,0,1,0,0,in
1764175280149807170,1764220220401709364,Sun Mar 03 09:24:12 +0000 2024,ramadanti1212,@neohistoria_id Mengapa tidak ingin meninggalkan legacy senagai presiden yang menjadikan Indonesia swasembada pangan selama masa pemerintahannya. Atau zero pengangguran atau meningkatkan UMR 300% selama masa pemerintahannya. Pokoknya yang impact-nya ke kesejahteraan rakyat,9,0,3,0,0,in
1764175280149807170,1764219978839101460,Sun Mar 03 09:23:15 +0000 2024,gambloes1,@neohistoria_id Terserah bapak aja lah.bapak yg berkuasa saat ini.wong rakyat juga nggak mikir mau tinggalan belanda apa jepang.yang menikmati juga penguasa doang.rakyat dapet kenaikan pajaknya doang.,1,0,0,0,0,in
1764175280149807170,1764219900791579122,Sun Mar 03 09:22:56 +0000 2024,loopseey,@RickyNSas @diminishism @neohistoria_id Makan Semur,0,0,0,0,0,in
1764175280149807170,1764219756448747880,Sun Mar 03 09:22:22 +0000 2024,pratama42452,@_54vior @PakarINTELek @neohistoria_id bodoh,0,0,0,0,0,in
1764175280149807170,1764219693773250994,Sun Mar 03 09:22:07 +0000 2024,anamseL_A,"@neohistoria_id Iya kalau rakyatnya udah makmur, negara ga ada utang sih oke.",3,0,0,0,0,in
1764175280149807170,1764219678271082630,Sun Mar 03 09:22:03 +0000 2024,manganduls,"@_54vior @PakarINTELek @neohistoria_id MAKANYA BACA LOL, ISREAL WOI ISREAL, BUTA KAH?",9,0,0,0,0,in
1764175280149807170,1764219673279938909,Sun Mar 03 09:22:02 +0000 2024,callmeHIRAETH,"@neohistoria_id Siaaaap atur aja pak, apa itu skala prioritas..??!
Yang penting obsesi terlaksana 🫡",0,0,0,0,0,in
1764175280149807170,1764219665050669292,Sun Mar 03 09:22:00 +0000 2024,rif_doel,"@RickyNSas @neohistoria_id Walaupun makan nasi cuma lauk tempe dan tahu tiap hari yg penting rumah mewah, perabotan mengkilap, dan ada isi garasi. Perkara dapur hanya seisi rumah yg tahu, yg penting ""nih aku!""",2,0,2,0,0,in
1764175280149807170,1764219566283162063,Sun Mar 03 09:21:36 +0000 2024,lluvianeiva,"@_54vior @PakarINTELek @neohistoria_id Kok israel?????? Baca yg bener dong  tulisannya aja isreal, is-real aka nyata.",0,0,0,0,0,in
1764175280149807170,1764219488650875069,Sun Mar 03 09:21:18 +0000 2024,Ariasaputra1120,"@neohistoria_id lanjutkan pak , nanti juga toh makin lama pertanggung jawaban nyaa di akhirat",0,0,0,0,0,in
1764175280149807170,1764219420740911389,Sun Mar 03 09:21:02 +0000 2024,syamem_112,"@ungkpanrasa @neohistoria_id Udah naik pak 😭😭😭

Bahkan bukan hanya BBM yang naik, beras dan bahan sembako lainnya juga naik 😭😭😭

Rakyat udah susah tambah susah",14,1,4,0,0,in
1764175280149807170,1764219345079881965,Sun Mar 03 09:20:44 +0000 2024,saru_mind,"@ungkpanrasa @neohistoria_id Trs suruh ngutang lg? Sama aja, masuk jebakan betmen wkwkkw",0,0,0,0,0,in
1764175280149807170,1764219320970985774,Sun Mar 03 09:20:38 +0000 2024,lluvianeiva,@neohistoria_id Cok lah gengsi doang digedein,0,0,0,0,0,in
1764175280149807170,1764218951947755734,Sun Mar 03 09:19:10 +0000 2024,azp__,"@neohistoria_id Padahal itu heritage lho, malah pengen bangun baru.
Biasanya yg kek gini itu pengen nunjukij sebuah kuasa mutlak atas daerah yg dia kuasai.",0,0,0,0,0,in
1764175280149807170,1764218651434209646,Sun Mar 03 09:17:58 +0000 2024,SebutAriSaja,@neohistoria_id Kita? 😅,0,0,0,0,0,in
1764175280149807170,1764218618672456165,Sun Mar 03 09:17:50 +0000 2024,RickyNSas,@sy39263 @neohistoria_id Jaman itu penulisan sejarah tidak semasif sekarang. Kamu bedain babad sama naskah aja gak bisa,0,0,1,0,0,in
1764175280149807170,1764218385351819511,Sun Mar 03 09:16:55 +0000 2024,catlover17081,"@DepenSten @neohistoria_id menit 1:25 seragam sepatu tentara polisi...

lha bukankah keduanya anak asuh baginda yg mulia ya ?

lupa kalau having imported goods is our habit... https://t.co/ygLPaixVpU",1,0,0,0,0,in
1764175280149807170,1764218272856338586,Sun Mar 03 09:16:28 +0000 2024,azp__,"@Justcallme_Je @neohistoria_id Tiap presiden itu bakalan punya sisi gelap, apalagi yang tipikal ambisius kita lihat saja yang sok sederhana, dia berambisi melanjutkan pemerintahan yang dia bangun. Pres pertama juga berambisi seumur hidup, pres kedua berambisi memiliki kekuasaan Masih, cucu pres pertama dahlah.",11,0,1,0,0,in
1764175280149807170,1764218067930984690,Sun Mar 03 09:15:39 +0000 2024,MentalAyam,@adewantor @RickyNSas @neohistoria_id hah ?,0,0,0,0,0,und
1764175280149807170,1764217940428386693,Sun Mar 03 09:15:09 +0000 2024,fyi_uie,@neohistoria_id Buat istana,0,0,0,0,0,in
1764175280149807170,1764217458020487520,Sun Mar 03 09:13:14 +0000 2024,binlatif,@neohistoria_id https://t.co/b7MrJzoHXX,0,0,0,0,0,qme
1764175280149807170,1764217445773164903,Sun Mar 03 09:13:11 +0000 2024,degatarif,"@neohistoria_id Ada yg berpikiran gak sih kalau IKN itu agar menjauhi para mahasiswa dan pendemo di jawa.
Jadi suatu saat ada kebijakan nyeleneh mereka tak bisa di demo. Jauh kudu nyebrang pulau.
Mirip mesir",21,1,1,0,0,in
1764175280149807170,1764217043480703306,Sun Mar 03 09:11:35 +0000 2024,Halfmoonphase,@neohistoria_id Kita? Kita siapa? Kalian mereun,0,0,0,0,0,in
1764175280149807170,1764216988275294481,Sun Mar 03 09:11:22 +0000 2024,pak_marmut,"@neohistoria_id Atur2 aja deh pak.
Rakyat rela kok kesusahan beli sembako nambah mahal gpp yg penting bapak bisa mewujudkan istana impiannya ❤️",0,0,0,0,0,in
1764175280149807170,1764216914786873584,Sun Mar 03 09:11:04 +0000 2024,pakhajizorororo,@ypramudya @RickyNSas @neohistoria_id nice pun 😁,1,0,1,0,0,en
1764175280149807170,1764216906561761410,Sun Mar 03 09:11:02 +0000 2024,wijatmoko4,@neohistoria_id kita..???,0,0,0,0,0,in
1764175280149807170,1764216849565380764,Sun Mar 03 09:10:49 +0000 2024,AfwanWH,"@prophetofzorck @neohistoria_id Jika statement “mulai dari hukumnya dulu” merujuk KUHP, KUHP baru sudah disahkan dan akan berlaku di tahun 2026. CMIIW ya.",32,1,5,0,0,in
1764175280149807170,1764216636297658497,Sun Mar 03 09:09:58 +0000 2024,Luksskywalkers,"@neohistoria_id Alaahhh, 

IKN GA URGENT!!!",0,0,0,0,0,in
1764175280149807170,1764216554877808911,Sun Mar 03 09:09:38 +0000 2024,gemblongbenyek,"@neohistoria_id Perjuanganku lebih mudah karena melawan penjajah, namun perjuangan kalian akan lebih sulit karena melawan bangsa sendiri. -Ir.soekarno",0,0,0,0,0,in
1764175280149807170,1764216311595610279,Sun Mar 03 09:08:40 +0000 2024,spylacopa,@neohistoria_id demi kenyamanan keluargaku,0,0,0,0,0,in
1764175280149807170,1764216007437013290,Sun Mar 03 09:07:28 +0000 2024,RickyNSas,@sy39263 @neohistoria_id lemah karena ada penyangkalan... coba sangkal pararaton atau kidung sundayana,0,0,1,0,0,in
1764175280149807170,1764216006086734275,Sun Mar 03 09:07:28 +0000 2024,CrazyLemonTea,"@Axeno12 @ypramudya @RickyNSas @neohistoria_id Bahasa pemrograman, bukan bahasa sejarah(alias bahasa &amp; sejarah jg bisa)

Anehnya meskipun aku gak pernah mendalami dunia pemrograman, tapi langsung dong sama leluconnya 😅",1,0,1,0,0,in
1764175280149807170,1764215986037952937,Sun Mar 03 09:07:23 +0000 2024,IdApaajah,"@neohistoria_id Artinya @jokowi ga tau sejarah tah, bilang ingin punya gedung istana presiden yg bukan merupakan peninggalan kolonial.

Padahal Istana Tampaksiring kan buatan era Sukarno",1,0,0,0,0,in
1764175280149807170,1764215201954767298,Sun Mar 03 09:04:16 +0000 2024,_luqi_,"@PakarINTELek @neohistoria_id bangun bagus disindir2 (ngabisin duit lah, bikin keenakan presiden selanjutnya lah, dll)
sebaliknya klo bikin gedung kepresidenan super sederhana kayak downing street pasti dikata2in 10x lipat (kayak ruko lah, menghina presiden berikutnya lah, dll)",12,0,1,0,0,in
1764175280149807170,1764215091996864777,Sun Mar 03 09:03:50 +0000 2024,oneeonsky,@Bang_Bidji @neohistoria_id Kurang zuma,0,0,0,0,0,tl
1764175280149807170,1764215009188647330,Sun Mar 03 09:03:30 +0000 2024,komisarisbokep,"@neohistoria_id MENDING IKN JADI NEGARA AJA DILUAR INDONESIA,. TOH YANG MENIKMATI MEREKA2 AJA.... RAKYAT INDONESIA AKAN TETEP MISKIN KOK",0,0,0,0,0,in
1764175280149807170,1764214974254305415,Sun Mar 03 09:03:22 +0000 2024,arrrrrrrudin,"@neohistoria_id Jiwa selebgram itu bs menjangkit siapa saja, kalo kata bang beny, ""biar tekor asal kesohor""",0,0,0,0,0,in
1764175280149807170,1764214779818999870,Sun Mar 03 09:02:35 +0000 2024,Dededede015,@neohistoria_id Kita??? Kitaaa???!!!? https://t.co/ZeU0ixjKrM,0,0,0,0,0,in
1764175280149807170,1764214596423090266,Sun Mar 03 09:01:51 +0000 2024,ar_ief2,"@neohistoria_id Atur aja pak
Duit kami kan adi dompet anda",0,0,0,0,0,in
1764175280149807170,1764214384430342455,Sun Mar 03 09:01:01 +0000 2024,littleninong,"@neohistoria_id Lho Pak, bukannya bisa jadi bukti bahwa kita berhasil menduduki bangunan Belanda?? Apa masalahnya?",0,0,0,0,0,in
1764175280149807170,1764214361814708327,Sun Mar 03 09:00:56 +0000 2024,melihatnyalemah,"@kdini3751 @Justcallme_Je @neohistoria_id Klo ngurus negara itu ga gampang, kenapa beliau2 rebutan pengen jadi presiden?",7,0,0,0,0,in
1764175280149807170,1764214176615182599,Sun Mar 03 09:00:11 +0000 2024,wismangan_turu,@neohistoria_id Ttttaapii kan pak NKRI terbentuk hasil KMB dengan belanda 🫣🤭 masi peninggalan kolonial juga wkwkwkwkwk 😂,0,0,0,0,0,in
1764175280149807170,1764214171590332603,Sun Mar 03 09:00:10 +0000 2024,silmuwu,"@sunnydae01 @neohistoria_id dulu aku pernah mikir, 
misal nanti pejabat bilang 'mau ngurus nusantara dulu', tapi yg dimaksud ya kota baru tersebut, bukan nusantara dalam artian se-indonesia... mnurutku dari pemilihan nama aja sebenernya agak maruk.. hikz",0,0,1,0,0,in
1764175280149807170,1764214076421656907,Sun Mar 03 08:59:47 +0000 2024,Telur___,@adewantor @RickyNSas @neohistoria_id ?,0,0,0,0,0,qam
1764175280149807170,1764214000248865207,Sun Mar 03 08:59:29 +0000 2024,mvtahfrd9,@neohistoria_id Biar gk didemo barangkali. Soalnya biaya mendemo bakalan mahal utk kesana,0,0,0,0,0,in
1764175280149807170,1764213226487869839,Sun Mar 03 08:56:25 +0000 2024,notrobyrothen,"@neohistoria_id mantap saya siap sumbang dananya pak, ayo naikin harga",0,0,0,0,0,in
1764175280149807170,1764213164856774758,Sun Mar 03 08:56:10 +0000 2024,Lunariasea,@neohistoria_id mending peninggalan kolonial dripda peninggalan raja terakhir,0,0,0,0,0,in
1764175280149807170,1764213099719205077,Sun Mar 03 08:55:55 +0000 2024,lxvxlyly,@neohistoria_id tp lu penjajah kelas halus licik mendingan Belanda,0,0,0,0,0,in
1764175280149807170,1764213099509457318,Sun Mar 03 08:55:55 +0000 2024,matulaya_,"@neohistoria_id Sak karep2 jenengan mawon lah pak, silakan diatur sama anak bapak aja lah.",0,0,0,0,0,in
1764175280149807170,1764213015875084719,Sun Mar 03 08:55:35 +0000 2024,noth1n2hide,"@neohistoria_id Ws karepmu, mana makan siang",0,0,0,0,0,in
1764175280149807170,1764212952989921547,Sun Mar 03 08:55:20 +0000 2024,faridism,"@neohistoria_id Istana Tampaksiring peninggalan pak sukarno.
Masak dibilang peninggalan kolonial.",0,0,0,0,0,in
1764175280149807170,1764212813223104604,Sun Mar 03 08:54:46 +0000 2024,rifkymoch_,@neohistoria_id atur aja deh,0,0,0,0,0,in
1764175280149807170,1764212735376761224,Sun Mar 03 08:54:28 +0000 2024,penemusedotan,@neohistoria_id Tapi bukan dari hutang juga kali pak,0,0,0,0,0,in
1764175280149807170,1764212497656193188,Sun Mar 03 08:53:31 +0000 2024,DrJam_Man,@neohistoria_id Tp yg bangun china wkwk rahasia negara padahal,0,0,0,0,0,in
1764175280149807170,1764212092746567740,Sun Mar 03 08:51:55 +0000 2024,alif_rakhman,@neohistoria_id ero’-ero’nu  ok gas ok gas tambah 2 torang gas..,0,0,0,0,0,in
1764175280149807170,1764211691280331187,Sun Mar 03 08:50:19 +0000 2024,prophetofzorck,"@neohistoria_id Kalau mau dekolonisasi, sebaiknya dimulai dari hukumnya dulu.",3990,257,43,0,0,in
1764175280149807170,1764211221342064763,Sun Mar 03 08:48:27 +0000 2024,tubidubidurafa,@neohistoria_id Bilang aja istana IKN dibuat untuk rumah abadi dia sekeluarga. Kan nanti next pemilu anak2 dia juga yg nyalonin kalo udh nnti cucunya sampe nnti cicitnya juga dia calonin,0,0,0,0,0,in
1764175280149807170,1764211111744680082,Sun Mar 03 08:48:01 +0000 2024,RickyNSas,@sy39263 @neohistoria_id ya udah biasa orang jawa selalu denial,0,0,1,0,0,in
1764175280149807170,1764211082502312009,Sun Mar 03 08:47:54 +0000 2024,Ind4hMaharani,@neohistoria_id Mantap pakde @jokowi 😄,0,0,0,0,0,in
1764175280149807170,1764211050545889605,Sun Mar 03 08:47:46 +0000 2024,Alfarizi_INC,@neohistoria_id Nye nye nye,0,0,0,0,0,no
1764175280149807170,1764210959789543568,Sun Mar 03 08:47:24 +0000 2024,tatakae3x,@neohistoria_id Yang di Bali gambarnya ada gak min?,0,0,0,0,0,in
1764175280149807170,1764210949324468405,Sun Mar 03 08:47:22 +0000 2024,RickyNSas,"@felixputrinoble @ZamroniTAkhmad @neohistoria_id gak perlu setuju, emang faktanya seperti itu kok. yang berkuasa di Indonesia sejak merdeka ya suku Jawa dengan berbagai mitosnya dan upaya-upaya monumental yang sejalan dengan kosmologi jawa",0,0,1,0,0,in
1764175280149807170,1764210915652813247,Sun Mar 03 08:47:14 +0000 2024,RNHerdiansyah,@neohistoria_id Padahal gak ada yang salah dengan Istana Presiden yang di sebut peninggalan kolonial itu ☺️,0,0,0,0,0,in
1764175280149807170,1764210809910202490,Sun Mar 03 08:46:49 +0000 2024,itsukuyon,"@ungkpanrasa @neohistoria_id ...
Jir susah pak kalo BBM naek kita demonya ke kalimantan",4,0,0,0,0,in
1764175280149807170,1764210785474253089,Sun Mar 03 08:46:43 +0000 2024,sunnydae01,"@neohistoria_id Ngurus kesejahteraan warganya dulu kenapa sih, mbok ya yg urgent dulu. Tapi, ga salah sih kan keluarganya juga warga Indonesia, kepentingan dia juga urgent (menurutnya). Angel wess.",6,0,1,0,0,in
1764175280149807170,1764210595027706196,Sun Mar 03 08:45:57 +0000 2024,ozonmild,"@neohistoria_id Kalo tujuannya cuma ingin bangun istana kenapa sampai pindah ibukota, kan bisa bikin di Jakarta istana yg baru pake arsitek WNI",0,0,0,0,0,in
1764175280149807170,1764210481110368477,Sun Mar 03 08:45:30 +0000 2024,okesipgitu,@RickyNSas @neohistoria_id Di wilayah lain pada jaman dahulu berkembang juga agama Hindu Budha tapi coba telisik ada gak peninggalan di daerah lain sebesar peninggalan di jawa?,0,0,0,0,0,in
1764175280149807170,1764210443621662986,Sun Mar 03 08:45:21 +0000 2024,jgnkepogwbilang,@neohistoria_id kalau Pesanggrahan Tenjoresmi di Plabuhanratu termasuk istana kepresidenan bukan si? @neohistoria_id,0,0,0,0,0,in
1764175280149807170,1764210386683986336,Sun Mar 03 08:45:08 +0000 2024,felixputrinoble,@RickyNSas @ZamroniTAkhmad @neohistoria_id I was not agreeing with you. If that's what you wanna know.,0,0,1,0,0,en
1764175280149807170,1764210232946028849,Sun Mar 03 08:44:31 +0000 2024,agustinawidii,"@neohistoria_id ""Keinginan""",0,0,0,0,0,in
1764175280149807170,1764210193121067353,Sun Mar 03 08:44:22 +0000 2024,daraja_amron,@RickyNSas @neohistoria_id Ga cuma jawa om. Sumatera bahkan seantero dunia juga gitu. Maka ad 7 keajaiban dunia dlsb.,0,0,0,0,0,in
1764175280149807170,1764209950577115598,Sun Mar 03 08:43:24 +0000 2024,shlln_,@neohistoria_id Who is we,0,0,0,0,0,en
1764175280149807170,1764209914556407903,Sun Mar 03 08:43:15 +0000 2024,felixputrinoble,@ZamroniTAkhmad @RickyNSas @neohistoria_id Woyyy itu saya setuju dgn Anda. Ini bukan cuma soal orang Jawa ya. Cc: siapa tuh td yg bilang ini watak orang Jawa. 😏,0,0,0,0,0,in
1764175280149807170,1764209773548065105,Sun Mar 03 08:42:42 +0000 2024,maulidina17,"@rizapasha_ @genin0us @neohistoria_id Tanpa mengesampingkan soal candi, ada beberapa hal baik yg bisa kita pelajari dari bangunan kolonial karna bangunan mereka lbh fungsional ketimbang candi yg ""hanya"" sbg tmpt ibadah. Kebanyakan bangunan kolonial kan bangunan kantor/hunian",0,0,1,0,0,in
1764175280149807170,1764209661048479788,Sun Mar 03 08:42:15 +0000 2024,_hotpiccolo,"@neohistoria_id Udah tau gitu tuh mbok ya bikin yang bagus, ga ngikutin seleranya doang",0,0,0,0,0,in
1764175280149807170,1764209638336327894,Sun Mar 03 08:42:09 +0000 2024,purplemagenta98,@neohistoria_id Lama2 sistem pemerintahan kita diubah JD kerajaan,0,0,0,0,0,in
1764175280149807170,1764209599358685564,Sun Mar 03 08:42:00 +0000 2024,arvand90,"@Justcallme_Je @neohistoria_id Dasar anak Tiktok, ga paham sejarah !",1,0,0,0,0,in
1764175280149807170,1764209528332042735,Sun Mar 03 08:41:43 +0000 2024,RickyNSas,@felixputrinoble @ZamroniTAkhmad @neohistoria_id padahal dua pernyataan ini masih beririsan dan mengandung kebenaran,0,0,1,0,0,in
1764175280149807170,1764209272727208171,Sun Mar 03 08:40:42 +0000 2024,ZamroniTAkhmad,"@felixputrinoble @RickyNSas @neohistoria_id Apaan sih?
Saran saya: suara kentut itu jangan ditulis, apalagi di medsos
Sesederhana itu",0,0,1,0,0,in
1764175280149807170,1764209108155314433,Sun Mar 03 08:40:03 +0000 2024,Archonbatu,"@catom_inside @Justcallme_Je @neohistoria_id negara tetangga mau merdeka,""ganyang malaysia""",0,0,0,0,0,in
1764175280149807170,1764209070079348899,Sun Mar 03 08:39:54 +0000 2024,luksioman,@neohistoria_id Atur2 aja lah pak. Pke APBN jg. Tapi awas klo BBM naik.,410,6,17,0,0,in
1764175280149807170,1764209062974230818,Sun Mar 03 08:39:52 +0000 2024,akmdpmtg,"@neohistoria_id pak jokowi udah bener pindah ibu kota ke IKN, dari pada tetep dikota tai",0,0,0,0,0,in
1764175280149807170,1764208928731369729,Sun Mar 03 08:39:20 +0000 2024,LebaranCeria,"@neohistoria_id apa hubungannya kocak,belanda bikin rumah singgah juga pake bhan lokal, tenaga lokal, darah&amp;keringat lokal. kalo takut ma hantu belanda baru masuk akal",0,0,0,0,0,in
1764175280149807170,1764208827543822384,Sun Mar 03 08:38:56 +0000 2024,Archonbatu,"@THardinats @oreo_biskuitz @Justcallme_Je @neohistoria_id Kusno ""kemerdekaan hak segala bangsa"" trus nguap...""ganyang malaysia""",5,0,1,0,0,in
1764175280149807170,1764208797005066277,Sun Mar 03 08:38:49 +0000 2024,kick_n_rusuh,@neohistoria_id Karepmu wi @jokowi 👍👍👍,0,0,0,0,0,in
1764175280149807170,1764208590330663030,Sun Mar 03 08:38:00 +0000 2024,AssegafAlbar,"@neohistoria_id kalo alasan cuma mau bangun istana hasil rancang bangun negara indonesia ngapain jauh2 ke kalimantan, bangun aja di jakarta atau di bogor atau wilayah sekitar jakarta, kok ribet banget jauh2 ke kalimantan dan malah mengacaukan ibu kota negara yg sarat dgn sejarah kemerdekaan..",0,0,0,0,0,in
1764175280149807170,1764208453386440957,Sun Mar 03 08:37:27 +0000 2024,RickyNSas,@sy39263 @neohistoria_id beda dong,0,0,1,0,0,in
1764175280149807170,1764208377717211354,Sun Mar 03 08:37:09 +0000 2024,cegidot,@ZamroniTAkhmad @RickyNSas @neohistoria_id Yup,0,0,0,0,0,und
1764175280149807170,1764208107734122654,Sun Mar 03 08:36:04 +0000 2024,greenblube,"@neohistoria_id Utang indonesia bayar dulu jirrr, selevel kepala negara gabisa bedain mana yg urgent mana yg ngga. 
Haduhh mbohh wess mngknya nilai rupiah semakin melemah fakk kata gue.",0,0,0,0,0,in
1764175280149807170,1764208091518972032,Sun Mar 03 08:36:01 +0000 2024,lasio88,@RickyNSas @neohistoria_id Sejauh ininpresidennya dari jawa semua semoga kedepannya ada dari pulau lain,0,0,1,0,0,in
1764175280149807170,1764208011206402332,Sun Mar 03 08:35:41 +0000 2024,muiii8888,@Justcallme_Je @neohistoria_id bedany soekarna akademisi + pahlawan lah dia🤣🤣,2,0,1,0,0,in
1764175280149807170,1764207978981319127,Sun Mar 03 08:35:34 +0000 2024,RickyNSas,@sy39263 @neohistoria_id Carita Parahiangan bukan babad,0,0,1,0,0,in
1764175280149807170,1764207892478210279,Sun Mar 03 08:35:13 +0000 2024,Syaszoo,@neohistoria_id Okee tapi urgensinya dibangun di tengah rakyat yang kelaparan apaa?,0,0,0,0,0,in
1764175280149807170,1764207749733499142,Sun Mar 03 08:34:39 +0000 2024,muiii8888,@neohistoria_id emng dia msih presiden🤣🤣🤣,0,0,0,0,0,in
1764175280149807170,1764207622448955639,Sun Mar 03 08:34:09 +0000 2024,Bekan_Kutoanyar,@neohistoria_id Banyak istana manfaatnya untuk rakyat apa?,0,0,0,0,0,in
1764175280149807170,1764207493121753493,Sun Mar 03 08:33:38 +0000 2024,MFI1803,@neohistoria_id Kwkwkw padahal kelakuan bangsanya sendiri pun masih terbawa sama sifat VOC,0,0,0,0,0,in
1764175280149807170,1764207446904508637,Sun Mar 03 08:33:27 +0000 2024,RickyNSas,@MRamdhoni @neohistoria_id ieu https://t.co/d6iaHZcVF9,3,1,0,0,0,und
1764175280149807170,1764207268017668371,Sun Mar 03 08:32:44 +0000 2024,felixputrinoble,"@ZamroniTAkhmad @RickyNSas @neohistoria_id Watak umum penguasa di seluruh dunia. Kok kita fine-fine saja Kerajaan Inggris segitu berkuasanya di dunia? Protes dong, jangan mau pakai bahasa Inggris.",1,0,2,0,0,in
1764175280149807170,1764207265538838782,Sun Mar 03 08:32:44 +0000 2024,SohibCamp4,"@neohistoria_id Kerajaan = Istana, kalau Republik harusnya Rumah. Jadi nama Rumah Kepresidenan rasanya lebih baik, kecuali mau mimpin Republik dengan citarasa Dinasti.,",0,0,0,0,0,in
1764175280149807170,1764207176263127400,Sun Mar 03 08:32:22 +0000 2024,bkandewipersik,"@neohistoria_id Biar apa? ...percuma punya ibukota dengan istana megah tpi rakyatnya susah .... , tolol!",3,0,0,0,0,in
1764175280149807170,1764207173414908130,Sun Mar 03 08:32:22 +0000 2024,RickyNSas,"@sy39263 @neohistoria_id Perang Bubat itu fakta. Ditulis dalam naskah kuno Carita Parahyangan tahun 1580. Dicatat dalam Pararaton, dicatan dalan Kidung Sundayana (Bali). Fakta yang dianggap fiksi karena ada yang merasa malu dengan kejahatan leluhurnya",0,0,1,0,0,in
1764175280149807170,1764207130687742335,Sun Mar 03 08:32:11 +0000 2024,anggashf,@neohistoria_id Rel kereta juga pak kalo bisa jgn dipake lgi tuh lintas jawa peninggalan kolonial 🤣,0,0,0,0,0,in
1764175280149807170,1764206923455574212,Sun Mar 03 08:31:22 +0000 2024,Khang_Chuan46,"@neohistoria_id org jawa emang berbakat soal pembangunan, dari bangun candi sampai bangun dinasti.",0,0,0,0,0,in
1764175280149807170,1764206803322101958,Sun Mar 03 08:30:53 +0000 2024,pakradensiahaan,"@neohistoria_id Yg komen seperti biasa, kaum kalah pilpres",0,0,0,0,0,in
1764175280149807170,1764206623302770893,Sun Mar 03 08:30:11 +0000 2024,ZamroniTAkhmad,"@cegidot @RickyNSas @neohistoria_id Bangunan monumental kadang memang dibutuhkan, tapi kalau pemimpin rajin bener membuat bangunan monumental, fix!, dia sedang membangun monumen dirinya sendiri",0,0,1,0,0,in
1764175280149807170,1764206530654843061,Sun Mar 03 08:29:48 +0000 2024,MRamdhoni,"@RickyNSas @neohistoria_id Haus legacy, hayang asa pang aingna",7,0,1,0,0,tl
1764175280149807170,1764206471846490577,Sun Mar 03 08:29:34 +0000 2024,Cocopandan212,"@ypramudya @RickyNSas @neohistoria_id Nge-lag bentar, kirain naskah perjanjian jawa kuno🗿",2,0,1,0,0,in
1764175280149807170,1764206286978339100,Sun Mar 03 08:28:50 +0000 2024,MohAgus2008,@neohistoria_id Baru tahu instana Tanpak Siring adalah peninggalan kolonial,0,0,0,0,0,in
1764175280149807170,1764206221081604116,Sun Mar 03 08:28:35 +0000 2024,Cocopandan212,"@RickyNSas @neohistoria_id Ya gk masalah kalau cuma bangun istana, yg jadi masalah kalau dibangun sama ibukota nya",0,0,0,0,0,in
1764175280149807170,1764206059152187642,Sun Mar 03 08:27:56 +0000 2024,hestipwr,@neohistoria_id terserah lah,0,0,0,0,0,in
1764175280149807170,1764206035366187108,Sun Mar 03 08:27:50 +0000 2024,gau_1st,@neohistoria_id Bentukannya kayak istana raja terakhir.,0,0,0,0,0,in
1764175280149807170,1764206032170143863,Sun Mar 03 08:27:50 +0000 2024,gaksukaseblakk,@neohistoria_id hutang negara makin Gilak woy,0,0,0,0,0,in
1764175280149807170,1764205814800396778,Sun Mar 03 08:26:58 +0000 2024,cegidot,@ZamroniTAkhmad @RickyNSas @neohistoria_id Mentalnya penguasa pengen kelihatan yang dikerjakan. Mentalnya rakyat pengen di lihat apa yang dikerjakan. Ujung ujungnya sama sama liat monumen sebagai tolak ukur keberhasilan seseorang,6,0,1,0,0,in
1764175280149807170,1764205777089392989,Sun Mar 03 08:26:49 +0000 2024,Merukomochi,"@raditya_Killua @RickyNSas @neohistoria_id Untuk referensi buku, kami melihat dan meneliti sejarah dari pola kekuasaan dari raja-raja kerajaan Jawa, bang",1,0,0,0,0,in
1764175280149807170,1764205605336817667,Sun Mar 03 08:26:08 +0000 2024,alcacoq,"@neohistoria_id Sudah saatnya kuntilanak, genderuwo dan hantu lokal lainnya bersinar.",0,0,0,0,0,in
1764175280149807170,1764205348058259485,Sun Mar 03 08:25:06 +0000 2024,xyj4098_,"@neohistoria_id Nggeh, terserah Bapak aja",0,0,0,0,0,in
1764175280149807170,1764205306949816659,Sun Mar 03 08:24:57 +0000 2024,r_mbull,"@neohistoria_id Yah mau dikata apa, warganya pun ingin liat indonesia punya bangunan2 itu. Masalah sengketa lahan, dampak lingkungan, biaya yg membengkak, itu dipikir belakangan. Semua bisa dilalui walau rakyat sengsara. 
Rakyat mngkin bangga dgn bangunan itu tp pejabat yg menikmati.",4,2,0,0,0,in
1764175280149807170,1764205227153240172,Sun Mar 03 08:24:38 +0000 2024,AbelDiara,@RickyNSas @neohistoria_id Biasanya juga ngaku ngaku masih turunan atau masih ada darah  raja anu....,0,0,0,0,0,in
1764175280149807170,1764205141681672459,Sun Mar 03 08:24:17 +0000 2024,agungbudia2,@neohistoria_id sak karepmu....!!,1,0,0,0,0,in
1764175280149807170,1764204885401379146,Sun Mar 03 08:23:16 +0000 2024,_niermala1990,"@neohistoria_id Wkwkwk berasa mimpin negara maju kali priornya udah istana negara 😂 kaga peduli dah yg laen mah ""ntar dulu""",4,2,0,0,0,in
1764175280149807170,1764204202790953350,Sun Mar 03 08:20:33 +0000 2024,bossman122020,@RickyNSas @neohistoria_id Utang di banyakin mubazir,1,0,0,0,0,in
1764175280149807170,1764204195782262922,Sun Mar 03 08:20:32 +0000 2024,HermawanadiCand,"@PakarINTELek @neohistoria_id 3 periode? Ngimpiii.. bs 10 periode sampai Jan Esthes berkuasa! 

Why? Krn ""silent majority"" sdh berbicara!

Me: 🤮",54,0,2,0,0,in
1764175280149807170,1764203976994730110,Sun Mar 03 08:19:40 +0000 2024,ficrey,@neohistoria_id keinginan yang membebani keuangan negara.,0,0,0,0,0,in
1764175280149807170,1764203919457304840,Sun Mar 03 08:19:26 +0000 2024,copotan_ori,@neohistoria_id https://t.co/GA2AEg5olD,0,0,0,0,0,qme
1764175280149807170,1764203852512075855,Sun Mar 03 08:19:10 +0000 2024,jadenyayellow,@RickyNSas @neohistoria_id https://t.co/WqiN4ub4cE,12,1,0,0,0,qme
1764175280149807170,1764203759813697711,Sun Mar 03 08:18:48 +0000 2024,stafsuss,@neohistoria_id iuh banget desain burung garuda 😭,0,0,0,0,0,in
1764175280149807170,1764203681875202294,Sun Mar 03 08:18:29 +0000 2024,apatheianism,@neohistoria_id Yang harus ditinggalkan itu bukan bangunan kolonial tapi mental kolonial. Buat apa bikin bangunan baru sementara masih banyak rakyat yang gak sejahtera?,29,3,1,0,0,in
1764175280149807170,1764203473585991955,Sun Mar 03 08:17:40 +0000 2024,kurdiyAttubany,"@neohistoria_id Mabok infrastruktur,
Mabok validasi..",0,0,0,0,0,no
1764175280149807170,1764203301237923871,Sun Mar 03 08:16:58 +0000 2024,rhalvx,@rafiqi_28 @neohistoria_id demi investor masuk ke IKN smp dikasih 190 tahun🗿,11,0,0,0,0,in
1764175280149807170,1764203146111537274,Sun Mar 03 08:16:21 +0000 2024,elisedya1,"@neohistoria_id Mau pinter tp ketauan gak ngerti, kan ada istana Tampaksiring.",0,0,0,0,0,in
1764175280149807170,1764203049776804256,Sun Mar 03 08:15:59 +0000 2024,maasichan,"@neohistoria_id Biasanya kalo orang dg uang pas pasan tp malah mengutamakan keinginan daripada kebutuhan, akhirnya berujung pada hutang. Gitu gak sih?",0,0,0,0,0,in
1764175280149807170,1764202981623570770,Sun Mar 03 08:15:42 +0000 2024,Daeng_LeoMks,@neohistoria_id Semua ingin punya legacy agar bisa jadi kenangan utk orang banyak. Poin penting dari legacy tersebut adalah kesan positif orang-orang bila mengingatnya.,5,0,1,0,0,in
1764175280149807170,1764202978641322137,Sun Mar 03 08:15:42 +0000 2024,bbrrsshhkk,@neohistoria_id Gua sih jasmerah ya jdi #tolakikn,0,0,0,0,0,in
1764175280149807170,1764202868939407579,Sun Mar 03 08:15:15 +0000 2024,IskandarFarouk1,"@neohistoria_id Harga diri bangsa kok disandarkan pd istana presiden. Puncak noh... Gimana caranya jablay lokal harganya beda tipis dgn jablay luar, ntu baru demi kebanggaan dan harga diri bangsa. Timbang koar2 ga ada fakta nyata, lha wong mobil Esemka aja ternyata gimmick politik doang..😁",0,0,0,0,0,in
1764175280149807170,1764202781144166754,Sun Mar 03 08:14:54 +0000 2024,tokkidanren,@neohistoria_id Dia ingin meninggalkan gedung kolonial versi dirinya sendiri,0,0,0,0,0,in
1764175280149807170,1764202336774426726,Sun Mar 03 08:13:09 +0000 2024,samsudann,@neohistoria_id Tapi Indonesia disatukan oleh kolonial 🙂,0,0,0,0,0,in
1764175280149807170,1764202248954061272,Sun Mar 03 08:12:48 +0000 2024,dhoelity,"@neohistoria_id Oke silakan urus istana kalian, kami generasi muda yang kesulitan untuk memiliki tempat tinggal sendiri masih akan tetap berusaha sendiri",0,0,0,0,0,in
1764175280149807170,1764201841628508307,Sun Mar 03 08:11:10 +0000 2024,suryadarma939,@neohistoria_id Atur aja pak gmna anda kan anda presidennya sya bisa apa,0,0,0,0,0,in
1764175280149807170,1764201705858871380,Sun Mar 03 08:10:38 +0000 2024,GMN0606,"@ziloBois @neohistoria_id Kayanya emang mau dibikin jadi kerajaan deh sama jkw, makanya butuh bangunan buat legitimasi dinasti yg mau dibangun",1,0,1,0,0,in
1764175280149807170,1764201300965859422,Sun Mar 03 08:09:02 +0000 2024,GMN0606,@nova77294710 @neohistoria_id Demi harga diri bangsa ceunah,2,0,0,0,0,in
1764175280149807170,1764201243738869920,Sun Mar 03 08:08:48 +0000 2024,SastroJoyo1,@kakanyanakedua @RickyNSas @neohistoria_id Yang mbangun tetep juga penguasa masa itu.,0,0,0,0,0,in
1764175280149807170,1764201193449066609,Sun Mar 03 08:08:36 +0000 2024,flaerind,@genin0us @neohistoria_id Wilayah Indonesia ini juga peninggalan kolonial kan yaa,4,0,1,0,0,in
1764175280149807170,1764201101778354256,Sun Mar 03 08:08:14 +0000 2024,SastroJoyo1,"@kakanyanakedua @RickyNSas @neohistoria_id Ya memang itu tempat ibadah, tapi untuk ukuran jaman itu sudah sangat monumental/bombastis bahkan sampai sekarang.",0,0,0,0,0,in
1764175280149807170,1764200980344881504,Sun Mar 03 08:07:45 +0000 2024,LANDREVEN,@neohistoria_id Ok gas ok gas,0,0,0,0,0,nl
1764175280149807170,1764200273000726976,Sun Mar 03 08:04:56 +0000 2024,bukanijang,@neohistoria_id 👀,0,0,0,0,0,qme
1764175280149807170,1764200249239949754,Sun Mar 03 08:04:51 +0000 2024,mas_aro,@RickyNSas @neohistoria_id karena Djawa adalah koentji https://t.co/0dMxfEv6IF,1,0,0,0,0,in
1764175280149807170,1764200131220627578,Sun Mar 03 08:04:23 +0000 2024,alfeeii,@RickyNSas @neohistoria_id Kalo ga gede ga keliatan mata,1,0,0,0,0,in
1764175280149807170,1764199704911569166,Sun Mar 03 08:02:41 +0000 2024,setyawantaufik,@neohistoria_id memang hebat pakde 👍,0,0,0,0,0,in
1764175280149807170,1764199518952890728,Sun Mar 03 08:01:57 +0000 2024,alvinxal,@neohistoria_id kek penting banget pak..,0,0,0,0,0,in
1764175280149807170,1764199310705438917,Sun Mar 03 08:01:07 +0000 2024,RickyNSas,"@sy39263 @neohistoria_id Teu ngarti basa jawa, sori",0,0,1,0,0,in
1764175280149807170,1764198876653949195,Sun Mar 03 07:59:24 +0000 2024,Dewi56692290,@neohistoria_id https://t.co/m0SSjqR4Tm,0,0,0,0,0,qme
1764175280149807170,1764198792067449150,Sun Mar 03 07:59:03 +0000 2024,SastroJoyo1,"@RickyNSas @neohistoria_id Ya gimana ya, udah dari sononya orang Jawa seneng bangun-membangun 😂 Ya Candi Borobudur &amp; Candi Prambanan contohnya.",0,0,1,0,0,in
1764175280149807170,1764198568758550706,Sun Mar 03 07:58:10 +0000 2024,PakarINTELek,"@neohistoria_id Atur aja gimana enaknya pak..
Selagi masih bisa berkuasa toh..
3 periode isreal..",1243,14,6,0,0,in
1764175280149807170,1764198097834615122,Sun Mar 03 07:56:18 +0000 2024,RickyNSas,@sy39263 @neohistoria_id Majapahit itu lahir dari pengkhianatan Wijaya terhadap Jayakatong dan Kublai Khan,0,0,1,0,0,in
1764175280149807170,1764197804967375012,Sun Mar 03 07:55:08 +0000 2024,geninousone,"@rotiebakarr @XBA2454 @neohistoria_id udh sampe sana, beliau itu presiden yg dikelilingi org2 hebat jg. cm ya kita gatau ada kepentingan ato apa ya, jd ngbawa narasi yg seolah olah bisa diterima. tpi ya klo dipikir lebih jauh sbnrnya ya keknya mending uangnya buat mesejahterakn rakyat dripd buat bangunan baru.",0,0,0,0,0,in
1764175280149807170,1764197532677410996,Sun Mar 03 07:54:03 +0000 2024,Radian_naega,@neohistoria_id Gas trs istana keluarga jg gpp,0,0,0,0,0,in
1764175280149807170,1764197194956230998,Sun Mar 03 07:52:43 +0000 2024,PoekMang,@RickyNSas @neohistoria_id Yang penting kesohor walaupun tekor 🤭,0,0,0,0,0,in
1764175280149807170,1764197170666942955,Sun Mar 03 07:52:37 +0000 2024,inikucingya,"@neohistoria_id Alah istana istana, pangan nih pada mahal!!",0,0,0,0,0,in
1764175280149807170,1764196980664991827,Sun Mar 03 07:51:52 +0000 2024,amertaism,@neohistoria_id bagus ini.,0,0,0,0,0,in
1764175280149807170,1764196824490140146,Sun Mar 03 07:51:14 +0000 2024,RockyAlvarez10,@neohistoria_id dia pengen masang landmark dia aja aslinya🤣,0,0,0,0,0,in
1764175280149807170,1764196816550248537,Sun Mar 03 07:51:12 +0000 2024,afathngantuk,@RickyNSas @neohistoria_id Bendd. Karajaan sunda mah nu umurna leuwih lila ti karajaan jawa. Teu nyesakeun nanaon,0,0,1,0,0,in
1764175280149807170,1764196661084225850,Sun Mar 03 07:50:35 +0000 2024,waganjarbageur,@RickyNSas @neohistoria_id Bukan jawa nya. Tapi Watak penguasa rakus. Bikin mercusuar. Kelihatan wah. Di belakang keruk kekayaan negeri.,2,0,0,0,0,in
1764175280149807170,1764196257688617074,Sun Mar 03 07:48:59 +0000 2024,ubatciret,@RickyNSas @neohistoria_id gegara jawa model jokowi rusak jawa se indonesia.,9,0,2,0,0,in
1764175280149807170,1764196083360727055,Sun Mar 03 07:48:18 +0000 2024,enengkabupaten,@neohistoria_id ya silahkan aja. tapi minimal kalo pengen bergaya bisa makan dulu lah minimal,0,0,0,0,0,in
1764175280149807170,1764196050469069053,Sun Mar 03 07:48:10 +0000 2024,cowokberkemeja,@neohistoria_id UU aja masih njiplak penjajah,0,0,0,0,0,in
1764175280149807170,1764195937537478866,Sun Mar 03 07:47:43 +0000 2024,RickyNSas,@ypramudya @neohistoria_id Kirain HTML,14,0,1,0,0,en
1764175280149807170,1764195782524276871,Sun Mar 03 07:47:06 +0000 2024,ypramudya,"@RickyNSas @neohistoria_id Mungkin memang naskahnya begitu, Java Script",112,5,4,0,0,in
1764175280149807170,1764195646662488320,Sun Mar 03 07:46:33 +0000 2024,ahsanihafizhu,@RickyNSas @neohistoria_id Kayaknya dulu pak sby kan enggak,1,0,1,0,0,in
1764175280149807170,1764195234647527632,Sun Mar 03 07:44:55 +0000 2024,oreo_biskuitz,"@neohistoria_id Itu mh cuma buat alasan aja ,ujung²nya mh ttp cuan",2,0,0,0,0,in
1764175280149807170,1764195168436232579,Sun Mar 03 07:44:39 +0000 2024,RickyNSas,@sy39263 @neohistoria_id Yang berkuasa di Indonesia suku apa?,0,0,1,0,0,in
1764175280149807170,1764195137297793373,Sun Mar 03 07:44:32 +0000 2024,ApapunJadie,"@neohistoria_id Beliau adalah utusan sabdo palkon yg akan membawa soebat rahayuk menuju kejayaan seperti majapahit yang mampu menaklukan asean dan berambisi menaklukan eropa.
Setidaknya ini yg difikirkan para soebat rahayuk",1,0,0,0,0,in
1764175280149807170,1764194991654736067,Sun Mar 03 07:43:57 +0000 2024,RickyNSas,@diminishism @neohistoria_id Memang peradaban Indonesia sekarang udah makmur?,73,0,4,0,0,in
1764175280149807170,1764194945332862997,Sun Mar 03 07:43:46 +0000 2024,oreo_biskuitz,"@Justcallme_Je @neohistoria_id Tpi sukarno gk cupu ,dia mampu bawa indonesia masuk dlm percaturan dunia",49,1,4,0,0,in
1764175280149807170,1764194683662819826,Sun Mar 03 07:42:44 +0000 2024,bimasoy,@RickyNSas @neohistoria_id Ehh iya juga ya.,0,0,0,0,0,in
1764175280149807170,1764194665971208365,Sun Mar 03 07:42:40 +0000 2024,ApapunJadie,"@catom_inside @Justcallme_Je @neohistoria_id Tapi sama² ga berani ngadepin kalo ada yg mau rembuk alias demo.
Wong rakyat kelaparan ae ri 1 malah ngadain pesta dansa",13,0,0,0,0,in
1764175280149807170,1764194654600495412,Sun Mar 03 07:42:37 +0000 2024,LampuTeplokDalu,"@neohistoria_id Heran aja, presiden² terdahulu tidak pernah ada masalah. Lagian kebanggaan dan harga diri bangsa bukan diliat dari istana koq, tp dari kemakmuran dan kestabilan poleksosbud suatu negara. 
Swasembada pangan, anak bangsa bisa bikin produk yang mendunia, seperti itu aja.",42,0,0,0,0,in
1764175280149807170,1764194647755407639,Sun Mar 03 07:42:35 +0000 2024,himawanrz,"@neohistoria_id padahal uangnya bisa buat kesehatan,pendidikan,transportasi dll daripada bangun istana megah",0,0,0,0,0,in
1764175280149807170,1764194395648409958,Sun Mar 03 07:41:35 +0000 2024,mengadudomvva,@neohistoria_id Gedung doang? Sistem pemerintahaannya juga? Oiya mau diganti kerajaan kan? Turun temurun gitu?,0,0,0,0,0,in
1764175280149807170,1764194382415356096,Sun Mar 03 07:41:32 +0000 2024,yaldi4,@neohistoria_id Saya juga mau bangun ...,0,0,0,0,0,in
1764175280149807170,1764194141268021411,Sun Mar 03 07:40:35 +0000 2024,gitink_11,@catom_inside @Justcallme_Je @neohistoria_id Kayaknya yang ini sukaknya bagi² sembako sama warlok.,4,0,0,0,0,in
1764175280149807170,1764193958165672221,Sun Mar 03 07:39:51 +0000 2024,olik1991,@neohistoria_id Sakarepmu pak,1,0,0,0,0,in
1764175280149807170,1764193895913767120,Sun Mar 03 07:39:36 +0000 2024,oreo_biskuitz,@RickyNSas @neohistoria_id Jokowi emang  jawa tpi jawa bukan jokowi,7,0,0,0,0,in
1764175280149807170,1764193519324074083,Sun Mar 03 07:38:06 +0000 2024,YosefEngineer,@neohistoria_id Menegakkan kolonialisme gaya baru..,0,0,0,0,0,in
1764175280149807170,1764193450357047403,Sun Mar 03 07:37:50 +0000 2024,MbahAjab,"@neohistoria_id Jakarta mau tenggelam, makanya dibuat istana baru 🤣",0,0,0,0,0,in
1764175280149807170,1764193327665299836,Sun Mar 03 07:37:21 +0000 2024,r_laplace,"@neohistoria_id Pengen di kenang sebagai ""Presiden yang mengubah ibu kota negara"" Di buku buku keknya ini. Sekalian biar ada julukan seperti presiden"" Sebelumnya",1,0,0,0,0,in
1764175280149807170,1764192618634997923,Sun Mar 03 07:34:32 +0000 2024,DeanApri21,@neohistoria_id proyek mercusuar 2.0,0,0,0,0,0,in
1764175280149807170,1764192456248328390,Sun Mar 03 07:33:53 +0000 2024,iniinainuin,"@neohistoria_id Istana dengan biaya 1,3 T tapi modelnya kaya rumah penyihir di film2 disney",0,0,0,0,0,in
1764175280149807170,1764192253323702757,Sun Mar 03 07:33:04 +0000 2024,chang_abuih,@genin0us @neohistoria_id mungkin itu istana istana tua ada hantu nya dan sering gangguin jokowi😅😅,4,0,0,0,0,in
1764175280149807170,1764191369093070862,Sun Mar 03 07:29:34 +0000 2024,Gerronim,"@RickyNSas @neohistoria_id tidak ada hubungan dgn suku, kebanggaan dan ambisi tiap orang berbeda",10,0,0,0,0,in
1764175280149807170,1764191226813968541,Sun Mar 03 07:29:00 +0000 2024,dualogdua,@neohistoria_id Anggaran buat perawatan tu 7 istana berapa?,0,0,0,0,0,in
1764175280149807170,1764190948882546855,Sun Mar 03 07:27:53 +0000 2024,catom_inside,@Justcallme_Je @neohistoria_id Tapi soekarno berani tampil di sidang2 atau rapat2 dunia,48,0,5,0,0,in
1764175280149807170,1764190615494123974,Sun Mar 03 07:26:34 +0000 2024,KIrrua_R1,@MeruKokumuri @RickyNSas @neohistoria_id Ada rekomendasi buku ttg hal ini gak bang,0,0,1,0,0,in
1764175280149807170,1764190500368838857,Sun Mar 03 07:26:07 +0000 2024,catom_inside,@RickyNSas @neohistoria_id Gak jg bagkan istana2 org jawa itu merendah (joglo) bukan meninggi kayak kastil atau istana2 lain,1,0,1,0,0,in
1764175280149807170,1764190081374662670,Sun Mar 03 07:24:27 +0000 2024,unsStrelitzia,"@neohistoria_id Bahasa lainnya, dia mau istana baru",0,0,0,0,0,in
1764175280149807170,1764189544503714168,Sun Mar 03 07:22:19 +0000 2024,flaminul,@neohistoria_id iya bgus jg maksudnya. tp nggak habis segitu jg,0,0,0,0,0,in
1764175280149807170,1764189528430973189,Sun Mar 03 07:22:15 +0000 2024,gagahprasc,"@neohistoria_id Istana peninggalan kolonial no, ide kolonial yes",0,0,0,0,0,in
1764175280149807170,1764189391701045751,Sun Mar 03 07:21:42 +0000 2024,bekasemkepayang,@neohistoria_id Proyek mercusuar jilid ll kah? Tp jalur hutang,0,0,0,0,0,in
1764175280149807170,1764189253792313659,Sun Mar 03 07:21:09 +0000 2024,bekasemkepayang,@RickyNSas @neohistoria_id Warisan feodal?,0,0,0,0,0,in
1764175280149807170,1764189241171738881,Sun Mar 03 07:21:06 +0000 2024,rotiebakarr,@XBA2454 @genin0us @neohistoria_id Iya tp pemikiran bpk presiden gak sampe situ😔😔,3,0,1,0,0,in
1764175280149807170,1764189116667932754,Sun Mar 03 07:20:37 +0000 2024,JustFrascher,"@neohistoria_id Perasaan Istana Merdeka apalagi Istana Bogor masih bagus2 aja 😭 Istana Bogor kyknya enak adem, ada Arboretum ama Rusa-rusa lgi",4,0,0,0,0,in
1764175280149807170,1764188928909951140,Sun Mar 03 07:19:52 +0000 2024,berlarian,@neohistoria_id Atur aja pak... Kalo bapak meninggal mau sekalian dibawa istananya juga silahkan,0,0,0,0,0,in
1764175280149807170,1764188701176066537,Sun Mar 03 07:18:58 +0000 2024,3hazell3,@neohistoria_id ya Allah,0,0,0,0,0,in
1764175280149807170,1764188473450492179,Sun Mar 03 07:18:03 +0000 2024,salwac_,@neohistoria_id proyek mercusuar part 2,0,0,0,0,0,in
1764175280149807170,1764188461089833233,Sun Mar 03 07:18:00 +0000 2024,zoyamatcha,@neohistoria_id rakyat mu masih banyak yang miskin pak! masih banyak yang tidak merasakan pendidikan yang layak! masih banyak pengangguran! masih banyak guru honorer!,0,0,0,0,0,in
1764175280149807170,1764188289479950802,Sun Mar 03 07:17:19 +0000 2024,berlarian,@Leo_sanny @evanwongkar @neohistoria_id Dia juga janji atasi banjir jakarta kalo jadi presiden,12,2,0,0,0,in
1764175280149807170,1764187903318773887,Sun Mar 03 07:15:47 +0000 2024,Hati_bungamulia,@neohistoria_id God dammit... Another projek mercusuar,0,0,0,0,0,en
1764175280149807170,1764187413675651579,Sun Mar 03 07:13:51 +0000 2024,moscow_hahaha,"@teh_puer @neohistoria_id Tanyakan ke pemerintah daerah jangan apa apa ditanyakan ke pusat.

Apbd didaerah mu gubernurnya siap",0,0,0,0,0,in
1764175280149807170,1764187399989670004,Sun Mar 03 07:13:47 +0000 2024,idnnetizen,"@neohistoria_id Sangat diharapkan sekali kehadiran istana ini oleh rakyat kecil, yang mungkin seumur-umur tak bisa pergi ke IKN. Ini lebih penting dari beras! Sayangnya kemarin si miskin sudah terkena jebakan betmen, eh bansos.. #sigh",0,0,0,0,0,in
1764175280149807170,1764187320989917204,Sun Mar 03 07:13:28 +0000 2024,bangmaha_art,@neohistoria_id Tapi dia sendiri menjajah rakyatnya,0,0,0,0,0,in
1764175280149807170,1764186411971052031,Sun Mar 03 07:09:52 +0000 2024,ahangkara,"@neohistoria_id Apa yg salah dengan istana peninggalan kolonial? Kalo mau ngabis2in anggaran itu haknya dia, tapi gosah berlindung di balik alasan BS kek gini.",0,0,0,0,0,in
1764175280149807170,1764186240809902106,Sun Mar 03 07:09:11 +0000 2024,diminishism,@RickyNSas @neohistoria_id bukan org jawa aja. sejarah membuktikan klo peradaban makmur mereka bakal bangun hal-hal bombastis dan megah,7,0,1,0,0,in
1764175280149807170,1764186189609976126,Sun Mar 03 07:08:59 +0000 2024,fariznugro,"@neohistoria_id sampain ke bapakmu @gibran_tweet , kebanggan bukan tentang istana mewah tapi rakyat yg terisi perunya.",1,0,0,0,0,in
1764175280149807170,1764186058227626404,Sun Mar 03 07:08:27 +0000 2024,daremo00,@neohistoria_id Omdo doang sebener butuh proyek buat korupsi kan 💀,0,0,0,0,0,in
1764175280149807170,1764185392105103598,Sun Mar 03 07:05:49 +0000 2024,yourbaymax11,@Leo_sanny @evanwongkar @neohistoria_id Dan kenyataannya?,0,0,0,0,0,in
1764175280149807170,1764185316070773013,Sun Mar 03 07:05:30 +0000 2024,flonoviadinda,@neohistoria_id Sakkarepmu ae wes Jok Jok,0,0,0,0,0,in
1764175280149807170,1764184772044296528,Sun Mar 03 07:03:21 +0000 2024,ziloBois,"@neohistoria_id harusnya namanya kantor kerja presiden 🤭 biar inget kerja, klo istana seolah olah raja. wkwk",114,6,3,0,0,in
1764175280149807170,1764184257558446311,Sun Mar 03 07:01:18 +0000 2024,thehot_man,@neohistoria_id tpi gue akui peninggalan belanda masih kokoh dan kuat banget sampai sekarang cuma itu g dibagi aj ilmunya,0,0,0,0,0,in
1764175280149807170,1764184015576473639,Sun Mar 03 07:00:20 +0000 2024,YooStoleMaHeart,"@neohistoria_id Oalah, jadi maunya punya istana presiden peninggalan Jokowi ya?? Kerenn. Kebusukan Soeharto aja cuma butuh 25 tahun buat dilupain, kalo ini paling 15 tahun juga orang udh pada lupa soal politik dinasti, yg diinget istana presiden &amp; IKN doang. Mantapp",27,1,0,0,0,in
1764175280149807170,1764183880687575441,Sun Mar 03 06:59:48 +0000 2024,udinulis,@neohistoria_id lu aja yang pengen,0,1,0,0,0,in
1764175280149807170,1764183704631734337,Sun Mar 03 06:59:06 +0000 2024,rezaspn,@neohistoria_id Biar apa?,0,0,3,0,0,in
1764175280149807170,1764183654404853778,Sun Mar 03 06:58:54 +0000 2024,XBA2454,@neohistoria_id Si raja iblis bikin istana buat nyambut pahlawan yg mau naklukin dia sambil duduk di singgasananya https://t.co/qgnmuJAlQM,0,0,0,0,0,in
1764175280149807170,1764183418181693668,Sun Mar 03 06:57:58 +0000 2024,maymarmas,@neohistoria_id Gitu... https://t.co/Xop1LSIAjK,39,5,0,0,0,eu
1764175280149807170,1764183321406496790,Sun Mar 03 06:57:35 +0000 2024,trunotittari,@Justcallme_Je @neohistoria_id proyek mercusuar pt. 2,1,0,0,0,0,in
1764175280149807170,1764183196617601324,Sun Mar 03 06:57:05 +0000 2024,haisayahaisa,"@neohistoria_id Urgensinya apa bzir
Proyek mercusuar aj msh ad fungsiny utk menarik mata dunia ke indo walopun gjls

Owh ada deng, ikn ini buat konser klo ga slh",0,0,0,0,0,in
1764175280149807170,1764183150916452619,Sun Mar 03 06:56:54 +0000 2024,Afrianova,@neohistoria_id Infrastruktur megah tapi rakyatnya kelaparan buat apa pak?,0,0,0,0,0,in
1764175280149807170,1764183108184854760,Sun Mar 03 06:56:44 +0000 2024,muawmeow,@neohistoria_id yakin kebanggaan bangsa? atau kebanggaan pribadi 🤭 bangsa udah berhasil merdeka kenapa masih mikir dijajah lewat peninggalan kolonial,0,1,0,0,0,in
1764175280149807170,1764182876109918218,Sun Mar 03 06:55:49 +0000 2024,Bebe_Rider,"@neohistoria_id Percuma aja kalau mental pejabatnya masih mental kolonial pada rakyatnya. Ini kalau ya, kalau. Jangan salah paham dulu.",0,0,0,0,0,in
1764175280149807170,1764182488975552892,Sun Mar 03 06:54:16 +0000 2024,MRidwanPane1,@neohistoria_id Alibi mu..tunggu di audit,0,0,0,0,0,in
1764175280149807170,1764182289997857213,Sun Mar 03 06:53:29 +0000 2024,ariwyo_,@neohistoria_id Serem juga yaa,0,0,0,0,0,in
1764175280149807170,1764182222373019884,Sun Mar 03 06:53:13 +0000 2024,IOS_GrizlyWolf,@neohistoria_id Kasih paham 01 dan 03😏 https://t.co/KvJnYFvKkr,7,1,0,0,0,in
1764175280149807170,1764182149085929751,Sun Mar 03 06:52:55 +0000 2024,MatHasanaja,@neohistoria_id Kayaknya dia punya ambisi pengin membangun kerajaan sendiri dah 😀,0,0,1,0,0,in
1764175280149807170,1764182043234299912,Sun Mar 03 06:52:30 +0000 2024,kalistecing,@neohistoria_id Serius sesederhana itu?,0,0,1,0,0,in
1764175280149807170,1764181970920280561,Sun Mar 03 06:52:13 +0000 2024,sayurpedas,@neohistoria_id siap king 🙏🙏,0,0,0,0,0,in
1764175280149807170,1764181888032542908,Sun Mar 03 06:51:53 +0000 2024,XBA2454,@genin0us @neohistoria_id Ya. Justru itu bukti indonesia sudah menaklukan penjajah kolonial,3,0,1,0,0,in
1764175280149807170,1764181846387290579,Sun Mar 03 06:51:43 +0000 2024,ZamroniTAkhmad,"@RickyNSas @neohistoria_id Kayaknya watak umum di indonesia sih
Ya intinya mereka ingin dikenang sja
Biar kelak orang2 pada bertanya ""ini yg membangun siapa?""
Sesederhana itu",37,1,3,0,0,in
1764175280149807170,1764181754691326132,Sun Mar 03 06:51:21 +0000 2024,teh_puer,@Redgerbil5 @neohistoria_id Mungkin presiden selama menjabat belum pernah ke bali makany ga tau,0,0,0,0,0,in
1764175280149807170,1764181593667874944,Sun Mar 03 06:50:43 +0000 2024,Leo_sanny,"@evanwongkar @neohistoria_id ""jokowi berjanji IKN tidak akan memakai APBN""",1,0,4,0,0,in
1764175280149807170,1764181405255586061,Sun Mar 03 06:49:58 +0000 2024,teh_puer,@neohistoria_id Kenapa ga benerin fasilitas atau transport umum ya? Mksdny klo semua udh ad danany kenapa ad eskalator 100 hari? Apa ngurus administrasiny lama makany hrs nunggu dlu?,1,0,1,0,0,in
1764175280149807170,1764181134718664923,Sun Mar 03 06:48:54 +0000 2024,Anakrepubl1k,@RickyNSas @neohistoria_id Anggaran dan Fee...,0,0,0,0,0,in
1764175280149807170,1764181023989043524,Sun Mar 03 06:48:27 +0000 2024,Anakrepubl1k,@evanwongkar @neohistoria_id Untuk Anak ku toh...,0,0,0,0,0,in
1764175280149807170,1764180965369520549,Sun Mar 03 06:48:13 +0000 2024,rama7dani,"@neohistoria_id Benar pak, kita tidak perlu peninggalan kolonial. Yang diperlukan adalah peninggalan Jokowi",0,0,0,0,0,in
1764175280149807170,1764180755377463580,Sun Mar 03 06:47:23 +0000 2024,nytrijel,"@neohistoria_id yaudh lah atur aje, kn negara punya bapak",0,0,0,0,0,in
1764175280149807170,1764180682933407840,Sun Mar 03 06:47:06 +0000 2024,Merukomochi,"@RickyNSas @neohistoria_id Kalau dari yg diajarkan dosen saya do sejarah politik, udah ciri khas kekuasaan jawa ""beda dari Rakyatnya"".",14,3,1,0,0,in
1764175280149807170,1764180364510290370,Sun Mar 03 06:45:50 +0000 2024,winwj,@neohistoria_id editannya wkwkw,0,0,0,0,0,in
1764175280149807170,1764179931083513915,Sun Mar 03 06:44:07 +0000 2024,alexsatriahill,@neohistoria_id Terserah anda lah baginda,0,0,0,0,0,in
1764175280149807170,1764179582457098452,Sun Mar 03 06:42:43 +0000 2024,astrowibu,@neohistoria_id Desain kayak gitu kalo di anime native isekai itu istananya raja iblis,76,3,8,0,0,in
1764175280149807170,1764179550249042267,Sun Mar 03 06:42:36 +0000 2024,Bumster_,"@neohistoria_id Infras dibangun maju tapi rakyat nya nggak, baguss👍👍",0,0,0,0,0,in
1764175280149807170,1764179416220127601,Sun Mar 03 06:42:04 +0000 2024,Jingga_____,@neohistoria_id Kl istana Bali bentuknya gimana sich min ? Sekilas sbg org awam liatnya kek rumah gadang ? 😄,0,0,0,0,0,in
1764175280149807170,1764179322800345112,Sun Mar 03 06:41:42 +0000 2024,nova77294710,@neohistoria_id Jadi bikin istana di ikn itu ternyata ‘keinginan’ bukan ‘kebutuhan’. Uang negara dihambur hamburkan.,209,11,2,0,0,in
1764175280149807170,1764179285949227177,Sun Mar 03 06:41:33 +0000 2024,jhonjoseph_ina,@RickyNSas @neohistoria_id Orang jawa? Diktator kali. Ie candi borobudur,6,0,0,0,0,in
1764175280149807170,1764179260955324782,Sun Mar 03 06:41:27 +0000 2024,ryoutaichika,@neohistoria_id Saatnya kita memiliki istana yang lebih bombastis dari Versailles ataupun Louvre,0,0,0,0,0,in
1764175280149807170,1764179224913666449,Sun Mar 03 06:41:18 +0000 2024,MunggaranInsan,@neohistoria_id Kita? Perasaan saya tidak,0,0,0,0,0,in
1764175280149807170,1764178891944710633,Sun Mar 03 06:39:59 +0000 2024,Redgerbil5,@neohistoria_id Jarang ke Istana Bali atau jarang kroscek fakta sebelum berkata?,3,0,2,0,0,in
1764175280149807170,1764178673132016052,Sun Mar 03 06:39:07 +0000 2024,ChameliaBlooms,"@neohistoria_id Ok kaisar, lanjutkan pembuatan istananya 😍",7,0,1,0,0,in
1764175280149807170,1764178305551679699,Sun Mar 03 06:37:39 +0000 2024,wsmy30,@neohistoria_id Hari2 ngomongin harga diri bangsa,0,0,0,0,0,in
1764175280149807170,1764177930052424093,Sun Mar 03 06:36:10 +0000 2024,gulambaks,@neohistoria_id Banyak anak-anak abah yang nyinyir,0,0,0,0,0,in
1764175280149807170,1764177627622031859,Sun Mar 03 06:34:57 +0000 2024,hewwooww,@DSagha @neohistoria_id WOY..... https://t.co/in0L8SDLJk,3,0,0,0,0,und
1764175280149807170,1764177617346068858,Sun Mar 03 06:34:55 +0000 2024,Erutjipto,"@neohistoria_id Lagi ada pendgradasian perang bunh karno, sampe istana yg diinksiasi bk aja dilupain wkwk",0,0,0,0,0,in
1764175280149807170,1764177539751428281,Sun Mar 03 06:34:36 +0000 2024,geninousone,"@neohistoria_id tapi dari dulu jg ga ada masalah, knp dgn peninggalan kolonial? itu sekaligus bukti perjuangan pahlawan dan dipake jg sm presiden2 sebelumnya. bukti berhasil merebut kemerdekaan smpe ada bangunan utk presiden Indonesia, bukan utk presiden penjajah.",127,9,6,0,0,in
1764175280149807170,1764177407421055324,Sun Mar 03 06:34:05 +0000 2024,yvdi_X,"@neohistoria_id Min, bahas dong rencana awal Bung Karno bangun Palangkaraya itu utk jadi future capital city..",4,0,0,0,0,in
1764175280149807170,1764177315083522079,Sun Mar 03 06:33:43 +0000 2024,bayualf1412,@RickyNSas @neohistoria_id Lah... Diakan tukang mebel.. pintu kamar mandinya aja mungkin overkill gebyok🤷,8,0,0,0,0,in
1764175280149807170,1764177234334781554,Sun Mar 03 06:33:24 +0000 2024,amalyusup,@neohistoria_id terserah lo aja kang,0,0,0,0,0,in
1764175280149807170,1764176767504515351,Sun Mar 03 06:31:32 +0000 2024,shenhzu,@neohistoria_id kalau kata warga tiktok rencana itu dibuat karna jokowi bapak pembangunan bg itu pasti bakal di blg karya nya wiwi 🤣🤣😂,5,0,0,0,0,in
1764175280149807170,1764176291497181256,Sun Mar 03 06:29:39 +0000 2024,Todd_Bahlul,"@RickyNSas @neohistoria_id Auk, ogut aja org Jawa bingung",1,0,0,0,0,in
1764175280149807170,1764176184378851497,Sun Mar 03 06:29:13 +0000 2024,lilimon008,"@RickyNSas @neohistoria_id Orang2 kebanyakan, klo punya duit yg dibeli mobil untuk jalan2. 
Beberapa suku yg kuat darah dagangnya yg dibeli mobil pickup",35,0,0,0,0,in
1764175280149807170,1764176180968919134,Sun Mar 03 06:29:13 +0000 2024,evanwongkar,"@neohistoria_id Ide bagus tapi apa urgensinya sampe harus membebani APBN, pak?",339,10,7,0,0,in
1764175280149807170,1764176128850485422,Sun Mar 03 06:29:00 +0000 2024,Todd_Bahlul,@neohistoria_id Dia ngomongin harga diri. Awokwokwok,0,0,0,0,0,in
1764175280149807170,1764175938026369157,Sun Mar 03 06:28:15 +0000 2024,lilimon008,"@neohistoria_id Berarti istana pertama yg dibangun setelah kemerdekaan adalah Istana Tampak Siring di Gianyar, ya
Bukan istana di IKN",75,2,2,0,0,in
1764175280149807170,1764175759097167970,Sun Mar 03 06:27:32 +0000 2024,RickyNSas,@neohistoria_id mengapa orang jawa kalo berkuasa selalu ingin membangun hal-hal bombastis?,460,21,122,0,0,in
1764175280149807170,1764175700167442433,Sun Mar 03 06:27:18 +0000 2024,zona_ventura,@neohistoria_id iyain aja apa kata kaisar,2,1,0,0,0,in
1764175280149807170,1764175280149807170,Sun Mar 03 06:25:38 +0000 2024,neohistoria_id,"Ave Neohistorian!

Belum lama ini, Presiden Joko Widodo mengatakan pembangunan Istana Presiden di Ibu Kota Nusantara (IKN) dilakukan karena beliau ingin Indonesia mempunyai gedung Istana Presiden yang bukan merupakan peninggalan kolonial demi kebanggaan dan harga diri bangsa.

Saat ini kurang lebih Indonesia sudah memiliki 6 bangunan Istana Kepresidenan. Istana Negara yang dahulu bernama Istana Rijswijck pada mulanya adalah rumah peristirahatan luar kota milik pengusaha Belanda, J A Van Braam yang dibangun pada 1796 di Era VOC. Istana Kedua di Batavia yang terletak di Selatan Rijswijck adalah Istana Merdeka alias Paleis te Koningsplein yang dibangun oleh Gubernur Jenderal keturunan Inggris, James Loudon pada 1873.

Di Pasundan, terdapat dua buah Istana yakni Istana Bogor dan Istana Cipanas. Keduanya dibangun atas prakarsa Gubernur Jenderal keturunan Jerman, Gustaf Wilhelm von Imhoff (1705-1750) dan berusia lebih tua dari Istana di Batavia.

Di Yogyakarta terdapat satu buah Istana yakni Gedung Agung yang dibangun oleh Anthony Hendriks Smissaerat, Residen Yogyakarta ke-18. Istana ini menjadi pusat aktifitas pemerintahan ketika Republik Indonesia beribukota di Yogyakarta dari 1946-1949.

Adapun di Bali terdapat satu satunya Istana yang dibangun setelah Indonesia merdeka yakni Istana Tampaksiring di Gianyar. Presiden Soekarno sebagai pemrakarsa, mengkomunikasikan dengan arsitek RM Soedarsono agar Istana baru ini memadukan gaya arsitektur Modern dan Tradisional Bali.

Penulis: Jeremy B Sitanggang
Editor: Ivan Fauzan

Referensi:

https://t.co/a0LY3PLnE6

Asti kleinsteuber. Istana-istana Kepresidenan Di Indonesia: Peninggalan Sejarah Dan Budaya. Genta Kreasi Nusantara, 2010",11519,1001,848,0,0,in
1937685377739071519,1954807740280287346,Mon Aug 11 07:30:58 +0000 2025,pedri8_av,@moh_boesh @kompascom Justru mending termul nya pada kesana dah sempit JKT bnyak termul,0,0,0,0,0,in
1937685377739071519,1954516071811256331,Sun Aug 10 12:11:59 +0000 2025,Los_Pogos,"@kompascom Termul bikin negara didalam negara saja di IKN, ajak anggota majlis2 pengajian yang juga mau bikin negara itu sekalian...",0,0,0,0,0,in
1937685377739071519,1950522660334502071,Wed Jul 30 11:43:35 +0000 2025,abu_hafidz66,"@kompascom Gak mngkrak cuma molor gak jelas tdk sesuai jnji mukidi. Faktanya ibukota negara ttp djkarta,lihat 17 mndatang upacara bnderanya dimana?",0,0,0,0,0,in
1937685377739071519,1949849566225838119,Mon Jul 28 15:08:57 +0000 2025,softbutrich,@kompascom Dengan standar dunia? Emang kemaren pake standar apa? Neraka?,0,0,0,0,0,in
1937685377739071519,1944620755544879530,Mon Jul 14 04:51:32 +0000 2025,el_chaeng,@Sessy_dy @kompascom bang main main deh ke ikn haha,0,0,0,0,0,in
1937685377739071519,1938558319066833081,Fri Jun 27 11:21:34 +0000 2025,WhyuHey33470,@Faridchenko @EDH012 @kompascom Memang banyak gak dibayar karena uangnya gak ada,0,0,0,0,0,in
1937685377739071519,1938543080938119472,Fri Jun 27 10:21:01 +0000 2025,tios7205,@grok @Juna401 @kompascom Mungkin bisa membantu informasi https://t.co/SMEN6p7p0Q,0,0,0,0,0,in
1937685377739071519,1938490182057267537,Fri Jun 27 06:50:49 +0000 2025,RaharjoK72001,"@kompascom Pak @prabowo kan memang cuma OMON-OMON.., banyak contohnya https://t.co/eNsnPtQMh2",3,2,0,0,0,in
1937685377739071519,1938378965707854263,Thu Jun 26 23:28:53 +0000 2025,syrifulmaarif,"@kompascom Orang yang sakit hati itu apapun yang di tunjukan kebenaran pasti di balik dengan argumen hoax 

Saudara saya saja masih bekerja di sana kok , itu tandanya IKN tetap berjalan",0,0,0,0,0,in
1937685377739071519,1938356721459794123,Thu Jun 26 22:00:29 +0000 2025,AdlawiSamsudin,@Ajdi123 @kompascom Hiduo rakyat!,0,0,0,0,0,in
1937685377739071519,1938238568209711432,Thu Jun 26 14:11:00 +0000 2025,risnandra1918,"@Juna401 @kompascom @grok TermuL beGo.
Gak jilat gak makan.",0,0,0,0,0,in
1937685377739071519,1938204375736074305,Thu Jun 26 11:55:07 +0000 2025,Zaf_rann,"@kompascom Kompas ""K"" nya apa? Kimak",0,0,0,0,0,in
1937685377739071519,1938183590405390672,Thu Jun 26 10:32:32 +0000 2025,RICOPLAX1,@kompascom Sub kontraktor nye Udeh Pada Di bayar Blom ???😁😀,0,0,0,0,0,in
1937685377739071519,1938173987894497375,Thu Jun 26 09:54:22 +0000 2025,Riez_1,@kompascom Sebenarnya buat siapa kepentingan mega Proyek IKN ini ?? Belum tentu Prabowo dan kabinetnya mau ngantor disana.,0,0,0,0,0,in
1937685377739071519,1938163420479820109,Thu Jun 26 09:12:23 +0000 2025,temansekawan_,"@kompascom Bertahaplah yah, walaupun berjalan tidak sesuai target. Dan sampai presiden berganti masih belom ditetapkan jdi ibu kota negara.",0,0,0,0,0,in
1937685377739071519,1938162136842440866,Thu Jun 26 09:07:17 +0000 2025,SalimVjd,@kompascom Wkkwkwkkw kompas group beritanya udah seperti termul.,0,0,0,0,0,in
1937685377739071519,1938158455178858949,Thu Jun 26 08:52:39 +0000 2025,brojong20,"@milanalle @kompascom Yang penting ibukota pindah dulu, investor akan ikut.
Selama ini minim karena ragu",0,0,0,0,0,in
1937685377739071519,1938158141793067459,Thu Jun 26 08:51:24 +0000 2025,basunbosan,@martabak_dingin @kompascom https://t.co/9hOYDiULUd,0,0,0,0,0,qme
1937685377739071519,1938149660193132626,Thu Jun 26 08:17:42 +0000 2025,KaretGelan76293,"@kompascom Apa yang dibanggakan dari ikn itu, yang pasti dana yang digunakan terlalu banyak, investor yg katanya banyak tapi gak ada, tanah rakyat di alihkan jadi gak pakai yang semula gak milik.",0,0,0,0,0,in
1937685377739071519,1938139207622603166,Thu Jun 26 07:36:10 +0000 2025,Tokopedei__,@kompascom sederhana tapi Anak Wabah tidak suka,0,0,0,0,0,in
1937685377739071519,1938133766595350926,Thu Jun 26 07:14:33 +0000 2025,hirziee,"@kompascom Termul bilang lanjut itu yang penting ada yg lalu lalang pake helm proyek. Dan ada wisatawan datang.

Yg bilang mangkrak, ya karena prabowo belum kesana, pemberitaan loyo, yang kerja minim, banyak isu g beres, progress lambat. Uang kita juga seret.",0,0,0,0,0,in
1937685377739071519,1938108987284902054,Thu Jun 26 05:36:05 +0000 2025,moh_boesh,@nugroho2020 @kompascom nonggol deh anjing'a wkwkkw,0,0,0,0,0,in
1937685377739071519,1938105414807392374,Thu Jun 26 05:21:53 +0000 2025,bakanosan1,"@Ajdi123 @kompascom Bang ngaca, bang, isi twit mu juga isinya ngak bersih... 🤭",0,0,0,0,0,in
1937685377739071519,1938104977349873749,Thu Jun 26 05:20:09 +0000 2025,nugroho2020,@moh_boesh @kompascom Loe kerja jagain toilet aja songong tong ....sono gw biayai tangkepin tikus disono...babi !!!,0,0,1,0,0,in
1937685377739071519,1938098473674674432,Thu Jun 26 04:54:18 +0000 2025,hfitrido,@kompascom Efek komisaris 🫵🤣rename aja jadi KEMPES 🤣,0,0,0,0,0,in
1937685377739071519,1938086068064268449,Thu Jun 26 04:05:01 +0000 2025,meliksumanandar,"@Ajdi123 @kompascom 1) Tidak ada kaitannya dgn hati kotor atau pikiran jelek.
2) Waktu yg akan membuktikan.
3) Kalo nanti terbukti prediksi sy meleset, sy akan MINTA MAAF secara TERBUKA &amp; TUTUP AKUN X saya 
4) Kalo terbukti saya benar? Sikap Anda?",0,0,0,0,0,in
1937685377739071519,1938082777116905646,Thu Jun 26 03:51:56 +0000 2025,Algusto_2025,@grok @Juna401 @kompascom Nahh.. Bener kann Copas pd akhir'y.. Jd data/info yg tervalidasi pd suatu saat akan Looping lagi false or true dan End Of File....😀,0,0,0,0,0,in
1937685377739071519,1938077319433953462,Thu Jun 26 03:30:15 +0000 2025,KTriono,"@kompascom harusnya udh di tempatin biar hidup kotanya, Jakarta Buat pusat bisnis.",0,0,0,0,0,in
1937685377739071519,1938059966914654553,Thu Jun 26 02:21:18 +0000 2025,calonmiliarderX,@susanto1305 @kompascom Bayar pajak berpaa sih lo??sok sok an aja,0,0,0,0,0,in
1937685377739071519,1938059734374092868,Thu Jun 26 02:20:22 +0000 2025,calonmiliarderX,"@andipra76310029 @kompascom PNS , TNI ,POLISI. Gak Mau pindah ya dipecat. Masih banyak kok Yang antri jadi PNS.",0,0,0,0,0,in
1937685377739071519,1938059429074898958,Thu Jun 26 02:19:09 +0000 2025,calonmiliarderX,@RockyGreng @kompascom @jokowi @tempodotco Bersama rakyat kadrun maksudnya?? Media fitnah ko dipercaya....goblok,0,0,0,0,0,in
1937685377739071519,1938058877452656805,Thu Jun 26 02:16:58 +0000 2025,calonmiliarderX,"@meliksumanandar @si4riNew @kompascom Sudah ada PNS disana blog.....
PNS ga mau pindah tinggal dipecat . Masih banyak yang antri mau gantiin.",0,0,0,0,0,in
1937685377739071519,1938058398354051255,Thu Jun 26 02:15:04 +0000 2025,calonmiliarderX,@senjakalama @kompascom Makanya liat sendiri ....kalo Masih bilang bukan warga Indonesia fix MATAMU PICEK,0,0,0,0,0,in
1937685377739071519,1938058315818565709,Thu Jun 26 02:14:44 +0000 2025,Liya_Putrii,@kompascom dikontrak berapa lu sama gibran ?,0,0,0,0,0,in
1937685377739071519,1938058222700728339,Thu Jun 26 02:14:22 +0000 2025,calonmiliarderX,@AdlawiSamsudin @kompascom Emang sebelum ada IKN rakyat sejahtera????,0,0,0,0,0,in
1937685377739071519,1938057854377988173,Thu Jun 26 02:12:54 +0000 2025,calonmiliarderX,@Sessy_dy @kompascom Makanya datang sendiri biar ga g GOBLOK.,0,0,0,0,0,in
1937685377739071519,1938056700340408523,Thu Jun 26 02:08:19 +0000 2025,kicenkatanya,"@ryan_jenk @kompascom lapang banget ya yg tadinya pohon"" segar skrg jadi sedikit",0,0,0,0,0,in
1937685377739071519,1938055460965552156,Thu Jun 26 02:03:23 +0000 2025,jakasem39381602,"@mhmmdzikrii @Sessy_dy @kompascom jangan pernah ajak debat pengikut anis..apalagi masih bocil ,yang belum pernah merasakan jadi pengusaha percuma ga akan paham..apalagi bocilnya penggemar jkt..bisanya nyinyir..paling banter jadi PK nanti.",0,0,0,0,0,in
1937685377739071519,1938052741483663691,Thu Jun 26 01:52:35 +0000 2025,madilog_id,"@kompascom Lagi PCM aja uda d narasikan seolah olah uda sukses besar...

Media glorifikasi ya",0,0,0,0,0,in
1937685377739071519,1938050002225610912,Thu Jun 26 01:41:42 +0000 2025,SiPalingSPd,"@kompascom Hastag ad jangan lupa ya, Admin @kompascom",0,0,0,0,0,in
1937685377739071519,1938048586924646761,Thu Jun 26 01:36:04 +0000 2025,IDNtimses,@kompascom Kompas buzzer,0,0,0,0,0,sv
1937685377739071519,1938047031748280678,Thu Jun 26 01:29:54 +0000 2025,andfah_,"@grok @Juna401 @kompascom Jahat banget ya Jokowi dan kacung-kacungnya, semoga dibalas semua kelakuannya sama Tuhan amin",1,0,1,0,0,in
1937685377739071519,1938046998546157835,Thu Jun 26 01:29:46 +0000 2025,wiraningprang,"@kompascom Buat berita itu yg betul, tdk mangkraknya dimana ? Mangkraknya dimana ? Obyektif saja",0,0,0,0,0,in
1937685377739071519,1938046524103266742,Thu Jun 26 01:27:53 +0000 2025,kaleramadhan_,"@mhmmdzikrii @jakasem39381602 @Sessy_dy @kompascom ya beda poin, ini berfokus pada akselerasi ekonomi",0,0,0,0,0,in
1937685377739071519,1938045344094556478,Thu Jun 26 01:23:11 +0000 2025,AdlawiSamsudin,"@kompascom Tetap saja tdk membanggakan, krn menyejahterakan rakyat lbh utama daripada membangun istana utk para pejabatnya.",1,0,2,0,0,in
1937685377739071519,1938045204894044231,Thu Jun 26 01:22:38 +0000 2025,kaleramadhan_,@ranrats @ajunsii @kompascom lahir dari pelacur ya gini,0,0,0,0,0,in
1937685377739071519,1938043828608627159,Thu Jun 26 01:17:10 +0000 2025,lugassubarkah,@kompascom Alhamdulillah masih ada yg mau ngasih utangan ke apbn,0,0,0,0,0,in
1937685377739071519,1938043098845909166,Thu Jun 26 01:14:16 +0000 2025,mhmmdzikrii,"@samarchitect86 @sundaruu @jakasem39381602 @Sessy_dy @kompascom 50 TAHUN LOH WKWK, kereta disamain sama tol. yang mampu reguler naik kereta cepet itu berapa % sih. situasi ekonomi kaya gini emang siapa yang bersedia naik kereta cepet reguler disaat naik mobil lewat jalan tol juga cuma menempuh jarak +-2 jam. https://t.co/OejEmVYZHs",0,0,0,0,0,in
1937685377739071519,1938042869119692892,Thu Jun 26 01:13:21 +0000 2025,rakhmadiadhitya,@kompascom #Ads #advertisement,0,0,0,0,0,qme
1937685377739071519,1938042106947506191,Thu Jun 26 01:10:20 +0000 2025,mhmmdzikrii,@kaleramadhan_ @jakasem39381602 @Sessy_dy @kompascom orang kalimantan gabutuh? sulawesi gabutuh? bos disini poinnya urgensi. jakarta bandung banyak alternatif untuk sampai kesana. dan ada beberapa daerah jangankan jalur alternatif. jalur utamanya aja pada rusak dan gaada perbaikan. katanya pemerataan,0,0,1,0,0,in
1937685377739071519,1938032492554162401,Thu Jun 26 00:32:07 +0000 2025,fahrulvicky_,@grok @Juna401 @kompascom gokil,0,0,0,0,0,en
1937685377739071519,1938031124678381829,Thu Jun 26 00:26:41 +0000 2025,TeinjiDeWulf,@kompascom Kompas ini isinya banyak kaum minecraft kah?,0,0,0,0,0,in
1937685377739071519,1938028534540472810,Thu Jun 26 00:16:24 +0000 2025,ajunsii,"@kaleramadhan_ @kompascom Biasae, rakyat yg nggk mampu kritis itulah gejala akut kegoblokan...😁

Kecuali buzzer loh yah, klo mereka kn bekerja.",0,0,0,0,0,in
1937685377739071519,1938027883337027926,Thu Jun 26 00:13:48 +0000 2025,edisart4,"@kompascom ikn, ketahuilah:
- ikn, mengapa dinamai nusantara, diambil dari satu kata nama tokoh pki DN aidit
- ikn, jika ditarik garis bujur utara-selatan, mk beijing-ikn satu garis bujur, padahal ide sukarno dulu ibukota di palangkaraya, kalteng, apa maksudnya jokowi menggeser lokasi...?",0,0,0,0,0,in
1937685377739071519,1938025935208644646,Thu Jun 26 00:06:04 +0000 2025,adith_wp,@kompascom #Ad,0,0,0,0,0,qme
1937685377739071519,1938025041394118762,Thu Jun 26 00:02:31 +0000 2025,buddy_wirawan,@kompascom Heboh banget judulnya min ... 🤔,0,0,0,0,0,in
1937685377739071519,1938023922181792098,Wed Jun 25 23:58:04 +0000 2025,kamusiapa_x,@kompascom Gilak media gede terang2an jd buzzer pemerintah 😂😂😂,0,0,0,0,0,in
1937685377739071519,1938021818901925995,Wed Jun 25 23:49:42 +0000 2025,ranrats,@kaleramadhan_ @ajunsii @kompascom Opini goblog ya kayak twit lu ini ternak mulyono anjing🙊😂,0,0,1,0,0,in
1937685377739071519,1938019809624838417,Wed Jun 25 23:41:43 +0000 2025,youngmasterjcw,"@mmdalimunthe @kompascom perlu dipahami pusat ekonomi ttp jakarta sebagai metropolitan. IKN hanya untuk aktifitas pemerintahan eksekutif (presiden, wapres, kementerian). dan masalah utamanya pejabatnya nolak dipindahkan wkwk",0,0,0,0,0,in
1937685377739071519,1938018159682044055,Wed Jun 25 23:35:10 +0000 2025,0xKazuto,@kompascom Kalian kelupaan hashtag #Ad,0,0,0,0,0,in
1937685377739071519,1938018147434422293,Wed Jun 25 23:35:07 +0000 2025,bakanosan1,"@kompascom Iya deh percaya ngak mangkrak, kan kasihan pekerjanya... https://t.co/P1HYmEim16",1,1,1,0,0,in
1937685377739071519,1938016828628070534,Wed Jun 25 23:29:53 +0000 2025,pelat_baja,@Algusto_2025 @grok @Juna401 @kompascom wkwkwk ga terima amat demi pemerintah lu yg sepele itu,1,0,0,0,0,in
1937685377739071519,1938016662118404227,Wed Jun 25 23:29:13 +0000 2025,pelat_baja,@kompascom buat apa sih ngebela2in yg beginian?,0,0,0,0,0,in
1937685377739071519,1938016612172632504,Wed Jun 25 23:29:01 +0000 2025,opdapodik,@kompascom Kompas mending ganti nama aja kompos,0,0,0,0,0,in
1937685377739071519,1938010187585229213,Wed Jun 25 23:03:29 +0000 2025,omonomonsiemon,"@kompascom IKN memang harus dilanjutkan krn itu uang rakyat dan hutan sdh tlanjur hilang!

Kerugian penghentian IKN sangat besar bahkan hukuman matu seperti menggantung Jokowi lalu dihidupkan lagi lalu divonis lagi tembak mati hidupkan lagi dikursi listrik dst sampai 7x ga bakal sepadan!",0,0,0,0,0,in
1937685377739071519,1938007729630810621,Wed Jun 25 22:53:43 +0000 2025,etalnight,@kompascom Kompas sold sorry,0,0,0,0,0,de
1937685377739071519,1937997426901795086,Wed Jun 25 22:12:47 +0000 2025,markodang_,@EDH012 @kompascom Ohh katanya,0,0,0,0,0,in
1937685377739071519,1937996051601875089,Wed Jun 25 22:07:19 +0000 2025,bukan4non,@kaleramadhan_ @mhmmdzikrii @jakasem39381602 @Sessy_dy @kompascom Org kalimantan jg perlu kereta trans kalimantan utk akselerasi.,0,0,0,0,0,in
1937685377739071519,1937994905672159437,Wed Jun 25 22:02:46 +0000 2025,bukan4non,"@samarchitect86 @mhmmdzikrii @sundaruu @jakasem39381602 @Sessy_dy @kompascom Jalan lo samain dgn kereta sul samsul. Jalan g perlu bergerak sedangkan kereta harus bergerak, utk bergerak lo pikir didorong sama raja kurap? Klo utk menggerakkan saja nombok gimana mau bayar utang?",0,0,0,0,0,in
1937685377739071519,1937989548585447821,Wed Jun 25 21:41:29 +0000 2025,anupribados79,@kompascom Ho-oh... Udah oversubrek.. buruan pindah sono,0,0,0,0,0,in
1937685377739071519,1937988336880390409,Wed Jun 25 21:36:40 +0000 2025,Alfa_Bimas,"@kompascom Keluarin survey dong kompas...
Kan biasanya kalian begitu dalam mendukung...",0,0,0,0,0,in
1937685377739071519,1937986870866239769,Wed Jun 25 21:30:50 +0000 2025,kewervyan,"@kompascom Jangan lupa #ad

https://t.co/PCl7iD7e7v",0,0,0,0,0,in
1937685377739071519,1937981635372453920,Wed Jun 25 21:10:02 +0000 2025,vrdtfk,@kompascom Titipan detected,0,0,0,0,0,en
1937685377739071519,1937981482976612760,Wed Jun 25 21:09:26 +0000 2025,okino2x,"@kompascom bangun saja, rakyat hanya menonton, habiskan apbn, demi haus kekuasaan para pejabat negara.",0,0,0,0,0,in
1937685377739071519,1937971861037703304,Wed Jun 25 20:31:12 +0000 2025,tgatjuhsembln,"@kompascom cair, min",0,0,0,0,0,fr
1937685377739071519,1937966072415850571,Wed Jun 25 20:08:11 +0000 2025,harmonisme,"@kompascom Min ngadimin, ini pesan pendirimu. https://t.co/NvQj45tCda",0,0,0,0,0,in
1937685377739071519,1937964447043317846,Wed Jun 25 20:01:44 +0000 2025,harmonisme,@kompascom Buat tinggal cebong² aja. Jadi Jawa bebas hama,0,0,0,0,0,in
1937685377739071519,1937957601310085470,Wed Jun 25 19:34:32 +0000 2025,samarchitect86,"@mhmmdzikrii @sundaruu @jakasem39381602 @Sessy_dy @kompascom Tol Jagorawi 5tahun pertama juga menderita tapi setelah itu untung besar...
Semua sudah dihitung makanya investor mau bangun Kereta Cepat, loe kira penghasilan kereta cepat cuma dari tiket?
Penghasilan dari sewa ruang di stasiun,iklan dan parkiran makin lama makin besar.",0,0,2,0,0,in
1937685377739071519,1937944973200265397,Wed Jun 25 18:44:21 +0000 2025,Algusto_2025,@grok @Juna401 @kompascom Om @grok ... Apakah km perna lakukan investigasi Lingkungan Hutan IKN atw hanya Copas dari media² yg telah tersebar di berbagai platform media informasi... ?,1,0,3,0,0,in
1937685377739071519,1937937825221218377,Wed Jun 25 18:15:57 +0000 2025,dragherjade,@kompascom payola...,0,0,0,0,0,eu
1937685377739071519,1937936596663472348,Wed Jun 25 18:11:04 +0000 2025,kaleramadhan_,@ajunsii @kompascom opini dari orang goblog yang pasti latar belakang pendidikanya tidak ada yang istimewa,1,0,2,0,0,in
1937685377739071519,1937935742413766794,Wed Jun 25 18:07:40 +0000 2025,kaleramadhan_,"@mhmmdzikrii @jakasem39381602 @Sessy_dy @kompascom memandang ekonomi makro bukan hanya di sektor pendapatan kcic saja, orang kaya yang berniaga juga perlu ditopang akselerasi bisni, hal ini memberikan percepatan ekonomi dalam sektor lain",0,0,2,0,0,in
1937685377739071519,1937928430319976502,Wed Jun 25 17:38:37 +0000 2025,s3padan,@kompascom Mana hashtag Ad nya minn,0,0,0,0,0,hi
1937685377739071519,1937927108250243074,Wed Jun 25 17:33:22 +0000 2025,rodmtf13,@kompascom #Ads,0,0,0,0,0,qme
1937685377739071519,1937924694872887655,Wed Jun 25 17:23:46 +0000 2025,indramadong,@kompascom https://t.co/a0HbNYHqA4,0,0,0,0,0,qme
1937685377739071519,1937922987304591463,Wed Jun 25 17:16:59 +0000 2025,chameleon_x3,@kompascom Duitnya drmn?,0,0,0,0,0,in
1937685377739071519,1937921255895601154,Wed Jun 25 17:10:06 +0000 2025,Callondetektif,"@kompascom Bodo ah, gimana disitu aja.",0,0,0,0,0,in
1937685377739071519,1937920196402155943,Wed Jun 25 17:05:54 +0000 2025,larasblume,@kompascom Semakin mubadzir,0,0,0,0,0,in
1937685377739071519,1937920002533056799,Wed Jun 25 17:05:08 +0000 2025,jupiter526811,@kompascom Buang2 duit . Pajak di naikin,0,0,0,0,0,in
1937685377739071519,1937909769886683574,Wed Jun 25 16:24:28 +0000 2025,azraelcode,@kompascom https://t.co/cpoxgpGO29,0,0,0,0,0,qme
1937685377739071519,1937907350062686385,Wed Jun 25 16:14:51 +0000 2025,Juna401,"@nezzaaaaaaaa @kompascom @grok Wkwkwkwk makanya saya diemin aja krna gak faedah jg nanggepin mereka, yg ada malah kita yg kewalahan di doxing",0,0,0,0,0,in
1937685377739071519,1937906382185132082,Wed Jun 25 16:11:00 +0000 2025,nezzaaaaaaaa,"@Juna401 @kompascom @grok Diserbu buzzer, mana inti dari reply2nya sama semua lagi 😂",0,0,1,0,0,in
1937685377739071519,1937902388075253790,Wed Jun 25 15:55:08 +0000 2025,onanajalah,@kompascom KOMPAS KONTOL🤣,0,0,0,0,0,in
1937685377739071519,1937900408103710781,Wed Jun 25 15:47:16 +0000 2025,YazidIlmi1,"@kompascom Buzzer lu Kompas, dari dulu memang penjilat Jokowi lu bangsat",0,0,0,0,0,in
1937685377739071519,1937899926060753055,Wed Jun 25 15:45:21 +0000 2025,Ginakyo2,@kompascom Jgn lupa pindahin Mulyono dan keluarga nya kesana sekalian ..biar ga bikin sumpek Jawa,0,0,0,0,0,in
1937685377739071519,1937899747949625855,Wed Jun 25 15:44:39 +0000 2025,Ginakyo2,"@kompascom Ya udh pindahin secepat pemerintahan kesana .....muak bgt lihat mereka di JKT , bikin macet ..Ter tot tet tot",1,0,0,0,0,in
1937685377739071519,1937899410798842319,Wed Jun 25 15:43:18 +0000 2025,gravyg0yslop1,@calonKSAD_ @meliksumanandar @kompascom Elu mau?,0,0,0,0,0,in
1937685377739071519,1937899377751896440,Wed Jun 25 15:43:10 +0000 2025,Ginakyo2,@kompascom Ngibulll Mulu ...uang dr mn 😅😅😅🤣,0,0,0,0,0,in
1937685377739071519,1937897280339845283,Wed Jun 25 15:34:50 +0000 2025,caponkbiru,@kompascom Dgn anggaran yg sebegitu besar Hanya Keledai tolol yg percaya IKN mangkrak.,1,0,0,0,0,in
1937685377739071519,1937894814269186308,Wed Jun 25 15:25:02 +0000 2025,ervinalutfi,@kompascom #ads nya mana?,0,0,0,0,0,in
1937685377739071519,1937894050717429964,Wed Jun 25 15:22:00 +0000 2025,4anonimitas,"@kompascom Apakah ini iklan?
Gpp sih kalo ini iklan.
Tapi baiknya ditandai sebagai iklan kalo memang iklan 🙂.",0,0,0,0,0,in
1937685377739071519,1937893112204214339,Wed Jun 25 15:18:16 +0000 2025,AtmosferJahanam,@kompascom Uhuyyyy https://t.co/GuSXlZbFRJ,0,0,0,0,0,tl
1937685377739071519,1937892158608138296,Wed Jun 25 15:14:29 +0000 2025,bukan_bentoo,@Juna401 @kompascom @grok Rumah yg kamu tempati skrng klo dijadikan hutan gimana?,0,0,0,0,0,in
1937685377739071519,1937891811542127033,Wed Jun 25 15:13:06 +0000 2025,bukan_bentoo,@kompascom Wah bakal banyak yg kian sakit hati nih,0,0,0,0,0,in
1937685377739071519,1937890210114891900,Wed Jun 25 15:06:45 +0000 2025,bocahgundu,"@kompascom gila sih kalo sampe mangkrak, ikutan turun demo aku, udah ngabisin banyak duit masa cuma mau dimangkrakin",0,0,0,0,0,in
1937685377739071519,1937888587057602749,Wed Jun 25 15:00:18 +0000 2025,Kampay10,@grok @yunaidi_indra @kompascom Hai grok kantor pemerintahan apa Saja ygang sudAh berjalan di sana dan berapa jumlah ASN nya.,0,0,1,0,0,in
1937685377739071519,1937888400268562575,Wed Jun 25 14:59:33 +0000 2025,ichat88,@kompascom Mantapp @kompascom dapet persenan dari Bos solo sama mas wapres nih🤭,0,0,0,0,0,in
1937685377739071519,1937885106112463060,Wed Jun 25 14:46:28 +0000 2025,Bintanginnn,"@kompascom Iya iya, jadi kapan presiden ngantor sana?",0,0,0,0,0,in
1937685377739071519,1937884199337504943,Wed Jun 25 14:42:51 +0000 2025,ulil_f4,@Sessy_dy @kompascom Ada videonya mas?,0,0,0,0,0,in
1937685377739071519,1937883714756939903,Wed Jun 25 14:40:56 +0000 2025,Ayyasy2311,"@kompascom Gak ada itu namanya daerah tertinggal, jalan hancur, sembako mahal, dll, pokoke beres....

Mbuh kapan",0,0,0,0,0,in
1937685377739071519,1937883641797083258,Wed Jun 25 14:40:38 +0000 2025,mhmmdzikrii,@sundaruu @jakasem39381602 @Sessy_dy @kompascom STFU BROOO. https://t.co/DCS2BO1j6k,0,0,1,0,0,en
1937685377739071519,1937883096260735274,Wed Jun 25 14:38:28 +0000 2025,zmubarok,@kompascom Dunia apa ya?????,0,0,0,0,0,in
1937685377739071519,1937882977981387142,Wed Jun 25 14:38:00 +0000 2025,mhmmdzikrii,@sundaruu @jakasem39381602 @Sessy_dy @kompascom bukannya janji dari dulu pemerataan? terus bangun kcic pake beban utang yang besar bahkan gabakal bisa lunas sampe puluhan tahun. namun disisi lain ada daerah yang bahkan jembatan aja ga punya? broh this is about urgency and priority.,1,0,1,0,0,in
1937685377739071519,1937882946490470753,Wed Jun 25 14:37:53 +0000 2025,senituru,@kompascom #ad nya mana?,0,1,0,0,0,in
1937685377739071519,1937882682895257621,Wed Jun 25 14:36:50 +0000 2025,mhmmdzikrii,"@sundaruu @jakasem39381602 @Sessy_dy @kompascom hahaha gede bukan ditopang kcic, kcic bikin kai rugi. bahkan pertamakali gak nyetor devide sejak 2021. infrastruktur bagus tapi kcic dipaksakan. karena tingkat urgensinya seberapa besar? ada banyak alternatif untuk kebandung. tujuannya pemerataan tapi masih jawa sentris",1,0,1,0,0,in
1937685377739071519,1937882061966291036,Wed Jun 25 14:34:22 +0000 2025,mhmmdzikrii,@Faridchenko @sundaruu @jakasem39381602 @Sessy_dy @kompascom stttt https://t.co/3tsLI7oT9f,0,0,0,0,0,und
1937685377739071519,1937881391360090187,Wed Jun 25 14:31:42 +0000 2025,ngebolanglagi,@kompascom bro pikir memindahkan ibu kota hanya persolan fisik bangunan saja,0,0,0,0,0,in
1937685377739071519,1937881127844475027,Wed Jun 25 14:30:39 +0000 2025,Areaarsenal,@kompascom Mulyon bgt ni media🤣,0,0,0,0,0,in
1937685377739071519,1937880866598055944,Wed Jun 25 14:29:37 +0000 2025,DIASPORA1808,@kompascom Datang dong ke ikn … mainnya jauh dikit napa 😁,0,0,0,0,0,in
1937685377739071519,1937879977837597099,Wed Jun 25 14:26:05 +0000 2025,kustamsi_ciko,@kompascom @kompascom sudah tdk heran lagi.. media yg sdh condong ke siapa.. demi hidup.. independensi nomer dua..,0,0,0,0,0,in
1937685377739071519,1937879911429218723,Wed Jun 25 14:25:49 +0000 2025,susanto1305,@kompascom Basuki bandel nih jangan pakai APBN silakan saja mau bangun ini itu!!! Saya tdk rela ikhlas pakai dana pajak titik.,1,0,1,0,0,in
1937685377739071519,1937879713076392114,Wed Jun 25 14:25:02 +0000 2025,GeryRobyagusta,@kompascom Ribuan orang di phk gara2 ini pak,0,0,0,0,0,in
1937685377739071519,1937877316623044668,Wed Jun 25 14:15:30 +0000 2025,eckoence,@Juna401 @kompascom @grok Eropa dulu hutan semua,0,0,0,0,0,in
1937685377739071519,1937875651144634764,Wed Jun 25 14:08:53 +0000 2025,jonnydeere6,@mmdalimunthe @kompascom Iya udah kebanyakan pendatang,0,0,0,0,0,in
1937685377739071519,1937875232158564371,Wed Jun 25 14:07:13 +0000 2025,kohlervooler,@kompascom Kompas mulai miskin ya ?????,0,0,0,0,0,in
1937685377739071519,1937872494574342522,Wed Jun 25 13:56:21 +0000 2025,PribumiArema,@kompascom Ya udah minggat aja eku Kompas kesono. Ngapain elu masih aja empet2an di palmerah? Udah minggat sono...,0,0,0,0,0,in
1937685377739071519,1937871121984151922,Wed Jun 25 13:50:54 +0000 2025,DennyIndrayan16,@kompascom Baru memulai Tahap II? Setelah tahap 1 selama hampir 1 tahun gimana statusnya? Mangkrak kan?,0,0,0,0,0,in
1937685377739071519,1937871050429309063,Wed Jun 25 13:50:36 +0000 2025,GruncyGrunc,"@kompascom Bermegah megah hasil Hutang tp ga bs hasilkan uang?
Klo orang pinter yg bnr2 pgn Negara maju mah mending Ngutang buat beli alat2 berat buat Nambang Nikel Emas Batubr Uranium sendiri bs menghasilkan Pendapatan Negara dgn waktu cepat, FasUm Sekolah RS bs terjamin mutu bagus smua",0,0,0,0,0,in
1937685377739071519,1937869264456908803,Wed Jun 25 13:43:31 +0000 2025,dayatgates_,@kompascom #ad nya mana min,0,0,0,0,0,in
1937685377739071519,1937867858379506003,Wed Jun 25 13:37:55 +0000 2025,Goodwindology,@kompascom Jadinya kapan pindah?,0,0,0,0,0,in
1937685377739071519,1937867107880014190,Wed Jun 25 13:34:57 +0000 2025,yaudamah,"@kompascom Standar dunia... Dunia Lain kah?
Ahh pretttt lah",0,0,0,0,0,in
1937685377739071519,1937866405644542335,Wed Jun 25 13:32:09 +0000 2025,Ijaunsi,@kompascom Media buzzer kontol,0,0,0,0,0,da
1937685377739071519,1937866400108085461,Wed Jun 25 13:32:08 +0000 2025,nyomanbudi4n4,@kompascom Kasian uang pajak saya di oakai foya foya,0,0,0,0,0,in
1937685377739071519,1937865421920899178,Wed Jun 25 13:28:15 +0000 2025,siapmaju,@kompascom Mending vendor itu pada dibayarin dulu.,0,0,0,0,0,in
1937685377739071519,1937864076916650240,Wed Jun 25 13:22:54 +0000 2025,jackkece1,"@kompascom Baru meeting,btw berapa lama meetingnya?",0,0,0,0,0,in
1937685377739071519,1937861256331026866,Wed Jun 25 13:11:41 +0000 2025,binlatif,@kompascom Mas @gibran_tweet pak @prabowo kapan ini ditempatin?,0,0,0,0,0,in
1937685377739071519,1937860541730730045,Wed Jun 25 13:08:51 +0000 2025,kattipoasmaji,@kompascom Cair cair,0,0,0,0,0,fr
1937685377739071519,1937859754162098212,Wed Jun 25 13:05:43 +0000 2025,IchanPiperales,@kompascom Yg saya tau byk BOnya🤣,0,0,0,0,0,in
1937685377739071519,1937858813149000053,Wed Jun 25 13:01:59 +0000 2025,ayahbos,"@kompascom Paham. Media harus hidup, ye kan..😄",0,0,0,0,0,in
1937685377739071519,1937858664108585199,Wed Jun 25 13:01:23 +0000 2025,MamanPiyul,@grok @Juna401 @kompascom @grok kamu gak takut dicap Wahabi Lingkungan ?,1,0,0,0,0,in
1937685377739071519,1937857941656510814,Wed Jun 25 12:58:31 +0000 2025,Deinvictus_,@kompascom Masalahnya siapa yang mau kesono,0,0,0,0,0,in
1937685377739071519,1937855841799143675,Wed Jun 25 12:50:10 +0000 2025,ryan_jenk,"@ajunsii @kompascom Main ke sana, liat langsung makanya, jadi lebih tau",0,0,0,0,0,in
1937685377739071519,1937855605974429983,Wed Jun 25 12:49:14 +0000 2025,ryan_jenk,@kompascom 🫶🏻 https://t.co/ShcNDHy3iE,3,0,1,0,0,qme
1937685377739071519,1937854060327043353,Wed Jun 25 12:43:06 +0000 2025,m30w3d,"@kompascom coba lihat markas Paspampres di Tanah Abang Ii. kalau memang mau pindah ke IKN, ngapain buat gedung baru segede gaban? dari situ bisa disimpulkan Paspampres gak pindah ke IKN... presiden dan wakilnya juga gak pindah... setidaknya dalam waktu dekat",0,0,0,0,0,in
1937685377739071519,1937851562929602623,Wed Jun 25 12:33:10 +0000 2025,Internetsurver,@kompascom Dear Kompas #ads nya mana??,0,0,0,0,0,in
1937685377739071519,1937851198323007881,Wed Jun 25 12:31:43 +0000 2025,GabriellGany,"@kompascom Gpp kok min, sekali sekali ngebuzzer, dri pada media nya di brendel karena ga sejalan sama rezim 🤣🤣",0,0,0,0,0,in
1937685377739071519,1937849384583962838,Wed Jun 25 12:24:31 +0000 2025,masreyhaan,"@kompascom Terlepas dari apapun ya, saya salah satu yg berharap bhw IKN gaboleh mangkrak, siapapun presidennya. Kenapa? Krn barangnya udh 60-70% jadi. Wajib dilanjut.

Kecualiii klo dia baru pembebasan lahan, baru 10%an progress mah masih bisa ditahan biar ga dibangun",0,0,0,0,0,in
1937685377739071519,1937846498827624944,Wed Jun 25 12:13:03 +0000 2025,SaidAgils22,"@kompascom Narasi mangkrak emang menyesatkan. 

Dari dulu IKN Problemnya dipendaan, karena gak ada Investor luar yg masuk. 80% pendanaan dari APBN, 20% Swasta dalam Negeri. 
Ini problemnya, sangat memberatkan APBN. 

Tidak sesuai koar-koar Pemerintah diawal.",0,0,0,0,0,in
1937685377739071519,1937845574977634668,Wed Jun 25 12:09:23 +0000 2025,AtalianGun68475,@kompascom Hai @kompascom kalo lagi ngebuzzer jangan sampai ketahuan dong ahh maluuuu....heheheee ... segitunya mgejilat kilatnya🤣🤣🤣,2,0,0,0,0,in
1937685377739071519,1937845538600501481,Wed Jun 25 12:09:14 +0000 2025,TaniaTngm20215,"@kompascom Ya suruh pada pindah geh
Sayangkan udah jadi pada kagak mo nempatin",0,0,0,0,0,in
1937685377739071519,1937844680001273999,Wed Jun 25 12:05:49 +0000 2025,SutiarsaE318,"@kompascom Dayak asli sana entar buka jasa bikin tato sama jualan mandau terbang di emperan trotoar,dateng satpol pp di usir terus dayak nya pada kabur di uber2 satpol pp 🤣🤣🤣🤣🤣🤣 terus pas terdesak lari ke hutan naik mandau terbang 🤣🤣🤣🤣🤣🤣.",0,0,0,0,0,in
1937685377739071519,1937844347992719407,Wed Jun 25 12:04:30 +0000 2025,SahalaO82038,@kompascom ini iklan kan ?,0,0,0,0,0,in
1937685377739071519,1937844071101513841,Wed Jun 25 12:03:24 +0000 2025,captPriceisdead,"@kompascom Kompas harusnya kayak cnn kalo ada berita pesanan dikasih hashtag, xixixi",0,0,0,0,0,in
1937685377739071519,1937843159910007230,Wed Jun 25 11:59:47 +0000 2025,RBSShelby,@kompascom @grok 18.000 hektar itu setara berapa banyak paus biru jika dijejerin ?,0,0,1,0,0,in
1937685377739071519,1937841691765231677,Wed Jun 25 11:53:57 +0000 2025,moh_boesh,@Kartika4567 ada betina tmpt pbrik anak kaum wanabud wkwkwk,0,0,0,0,0,in
1937685377739071519,1937841589688418464,Wed Jun 25 11:53:32 +0000 2025,moh_boesh,@Kartika4567 @kompascom ada betina tmpt pabrik anak kaum wanabud wkwkwk,0,0,0,0,0,in
1937685377739071519,1937833659568193740,Wed Jun 25 11:22:02 +0000 2025,fanononaf,@kompascom ngebranding gini ke media biar ada duit asing yg katanya sudah antri dan nama investornya sudah dipegang namanya sama pakde 🤣😂🤣😂,0,0,0,0,0,in
1937685377739071519,1937831109028680093,Wed Jun 25 11:11:54 +0000 2025,Mupti6,@kompascom Proyek mangkrak,0,0,0,0,0,in
1937685377739071519,1937828394525458758,Wed Jun 25 11:01:07 +0000 2025,dionopiterianto,"@kompascom IKN Ibu Kota Nusantara. sayangnya ya min, admin, saya kasih tau, negara kita namanya Indonesia bukan Nusantara. itu proyek punya siapa? Yang punya proyek wajib bayar pajak kepada Indonesia. NKRI Makin DIAKUI GLOBAL ndasmu pekok https://t.co/bgTbwzRyq7",0,0,0,0,0,in
1937685377739071519,1937826922270191687,Wed Jun 25 10:55:16 +0000 2025,AnwarNuar146657,@kompascom Kompas sudah jadi kompos...,0,0,0,0,0,in
1937685377739071519,1937824390844203466,Wed Jun 25 10:45:12 +0000 2025,Atheis_Bergitar,"@Juna401 @kompascom @grok Goblok amat lu
Tempat tinggal Donald Trump wkt jaman dulu juga hutan cuy",0,0,0,0,0,in
1937685377739071519,1937823762650386806,Wed Jun 25 10:42:42 +0000 2025,Paman_1168,"@kompascom Berita tentang pembangunan IKN yg realitanya tetap terus berjalan itu bikin sakiiit hati yg ga suka Jokowi, apalagi nanti jika tahun 2028 satu tahun sebelum Prabowo habis masa jabatannya..IKN secara resmi dibuka sbg Ibu Kota Negara maka tambah panas kaum kadrun..mereka jd melongo",5,0,0,0,0,in
1937685377739071519,1937823179269144880,Wed Jun 25 10:40:23 +0000 2025,EDH012,"@jakasem39381602 @kompascom Kami sama pinternya, dulu sama2 kuliah di salah satu PTN khusus teknik di Bandung.

Gak usah tolol2in orang juga kali ya..🤣",3,0,0,0,0,in
1937685377739071519,1937823149430821280,Wed Jun 25 10:40:16 +0000 2025,Kartika4567,@moh_boesh @kompascom Babi penjilat Mukidov El Bansos Al Ngibulin hanya halusinasi ekonomi meroket Awokawokawok,0,0,2,0,0,in
1937685377739071519,1937822956186632420,Wed Jun 25 10:39:30 +0000 2025,Kartika4567,"@Shankara_Q @kompascom Sok-sokan mau diseleksi, tuh Si Bocah Tua Plonga Plongo Yang Ijazahnya Ngibul saja tidak mau pindah ke sana Awokawokawok",0,0,0,0,0,in
1937685377739071519,1937822628859003230,Wed Jun 25 10:38:12 +0000 2025,direktoridosen,@kompascom ad*,0,0,0,0,0,und
1937685377739071519,1937822336989950043,Wed Jun 25 10:37:02 +0000 2025,Kartika4567,"@kompascom Halah hanya ngibul saja, semodel dengan Mukidov El Bansos Al Ngibulin yang halusinasi ekonomi meroket",0,0,0,0,0,in
1937685377739071519,1937821658951434380,Wed Jun 25 10:34:21 +0000 2025,bukanacik,@kompascom Hasil ketemu pemimpin dunia dan utang?,0,0,0,0,0,in
1937685377739071519,1937820033646047336,Wed Jun 25 10:27:53 +0000 2025,simply_err,@kompascom Kompas ikutan jadi buzzer IKN?,1,0,0,0,0,in
1937685377739071519,1937819316797477071,Wed Jun 25 10:25:02 +0000 2025,indra_june,@kompascom Dapat kontrak berapa nih Kompas,0,0,0,0,0,in
1937685377739071519,1937818936168628252,Wed Jun 25 10:23:31 +0000 2025,1ndradi,@kompascom Kapan pindahnya?,0,0,0,0,0,in
1937685377739071519,1937816881358143948,Wed Jun 25 10:15:22 +0000 2025,BapakFadilLagi,"@kompascom Ponakan saya ada yg jadi pekerja di sana.

Itu bukti simpel  proses pembangunan masih berjalan sesuai rencana.",1,0,0,0,0,in
1937685377739071519,1937815855121011127,Wed Jun 25 10:11:17 +0000 2025,BTriga,"@kompascom Kemarin bikin laporan (sinetron) ivestigasi ttg kkn jokowi, skr advertorial IKN. 🤣 https://t.co/Uam6CN8IZl",0,0,0,0,0,in
1937685377739071519,1937814046482591785,Wed Jun 25 10:04:06 +0000 2025,paramartayogi1,"@kompascom ayolah kompas, kamu masih bisa cari makan dengan tanpa menjilat",0,0,0,0,0,in
1937685377739071519,1937813590687555585,Wed Jun 25 10:02:17 +0000 2025,siolleeee,@kompascom @aewin86 Anak wabah dan kaum lowbet mingkem.,0,0,0,0,0,in
1937685377739071519,1937812806130430056,Wed Jun 25 09:59:10 +0000 2025,dzoel1789,@kompascom Gua berharap cepet jadi dah biar pada pindah. Biar gua di jakarta bebaslah dari koruptor.,0,0,0,0,0,in
1937685377739071519,1937811765120905565,Wed Jun 25 09:55:02 +0000 2025,mhmmdzikrii,"@jakasem39381602 @Sessy_dy @kompascom liat beban utangnya, liat apa yang dibebankan pada pt kai. sebelumnya pt kai hampir gak pernah kerugian besar loh. coba liat sekarang. btw coba dong bukti pengikut anis yang ngata ngatain itu",2,0,3,0,0,in
1937685377739071519,1937810608948494355,Wed Jun 25 09:50:26 +0000 2025,genefer_md,@kompascom Udah buru pindahin asn di jawa ini sebagian  kesana,0,0,0,0,0,in
1937685377739071519,1937808235836346852,Wed Jun 25 09:41:00 +0000 2025,Beersahaja,@kompascom Mending bangun IKN daripada ngelawan alam/tanggul laut,0,0,0,0,0,in
1937685377739071519,1937808148204569036,Wed Jun 25 09:40:39 +0000 2025,odyyodisini,@kompascom Ini #ads ?,0,0,0,0,0,und
1937685377739071519,1937806150352949387,Wed Jun 25 09:32:43 +0000 2025,desutoroia666,@kompascom https://t.co/N8Shsf7VZV,0,0,0,0,0,qme
1937685377739071519,1937805772026728697,Wed Jun 25 09:31:13 +0000 2025,maukaburaja,@kompascom 😂😂😂😂😂 ikn tidak mangkrak,0,0,0,0,0,in
1937685377739071519,1937805571375444101,Wed Jun 25 09:30:25 +0000 2025,ajunsii,"@kompascom Hey buzzer media, inti dari mangkrak itu bukan soal dilanjutin atau nggk bangunnya, tpi fungsi ke depan gmn, manfaat plus nya apa, apakah ada pertimbangan urgent strategisnya, jangan asal malu klo gagal akhire dipaksa lanjut bangun.",19,0,3,0,0,in
1937685377739071519,1937803644134653994,Wed Jun 25 09:22:46 +0000 2025,jakasem39381602,@Sessy_dy @kompascom dulu juga kereta cepat di bilang mangkrak sama pengikut bajingan berkedok agama..serta pengikut anis..tapi begitu sudah jadi.. paling getol posting lagi naik kereta api cepat..kan asuuu namanya..,8,1,3,0,0,in
1937685377739071519,1937803190399103479,Wed Jun 25 09:20:57 +0000 2025,jakasem39381602,@EDH012 @kompascom kemungkinan ada 2 temen lo yang tolol atau lo nya,0,0,1,0,0,in
1937685377739071519,1937802776677102060,Wed Jun 25 09:19:19 +0000 2025,unez73,@kompascom Independen terpercaya???????,0,0,0,0,0,in
1937685377739071519,1937802050638917859,Wed Jun 25 09:16:26 +0000 2025,martabak_dingin,@kompascom Ni min yang bilang mangkrak @basunbosan,0,0,1,0,0,in
1937685377739071519,1937801838092546545,Wed Jun 25 09:15:35 +0000 2025,Durgandini,@kompascom bye Kompas,0,0,0,0,0,ht
1937685377739071519,1937801819289477336,Wed Jun 25 09:15:30 +0000 2025,EDH012,"@CrewHisab @kompascom Gw percaya, karena jaminan hutang dia sertifikat yang nilainya 3 kali hutangnya.

Selain itu gw udah kenal dia hampir 30 tahun, dia malah berhutang karena terlalu polos dalam berusaha.",1,0,0,0,0,in
1937685377739071519,1937801676922200514,Wed Jun 25 09:14:57 +0000 2025,PutraAndal8235,"@kompascom Klo media kan emang di bayar buat beritain yg bagus2nya doang,ingat pencipta hoax terbaik adalah pemerintah..",0,0,0,0,0,in
1937685377739071519,1937800982425129083,Wed Jun 25 09:12:11 +0000 2025,lowerabdomen,@kompascom Kok gapake hashtag ad?,0,0,0,0,0,hi
1937685377739071519,1937800600030470598,Wed Jun 25 09:10:40 +0000 2025,srcluna,"@kompascom padahal duit IKN bisa selamatin Jakarta dr tenggelam dengan memberikan akses air bersih ke semua masyrakat lewat pipa PDAM misalnya, jadi orang2 ga perlu bor bor tanah cari air bersih",1,0,1,0,0,in
1937685377739071519,1937800591365038581,Wed Jun 25 09:10:38 +0000 2025,millecrepeschoc,@kompascom Cieee turun nih dana buzzer pake segala ada tagar nya 🤣,0,0,0,0,0,in
1937685377739071519,1937800172635132200,Wed Jun 25 09:08:58 +0000 2025,jajaejak,@kompascom Dibayar piro min?,0,0,0,0,0,in
1937685377739071519,1937797997892714824,Wed Jun 25 09:00:19 +0000 2025,KucingnoraG,@kompascom Kurang artistik burung garudanya.,0,0,0,0,0,in
1937685377739071519,1937797667540934933,Wed Jun 25 08:59:01 +0000 2025,asnianoy,@kompascom Pake APBN? APBN aja katanya tekor triliunan. Oh iya bisa ngutang lagi kan,0,0,0,0,0,in
1937685377739071519,1937797100626214914,Wed Jun 25 08:56:45 +0000 2025,50ngoku,@meliksumanandar @si4riNew @kompascom Sudah disiapkan mas..ada yg atur..,1,0,0,0,0,in
1937685377739071519,1937796820866064559,Wed Jun 25 08:55:39 +0000 2025,50ngoku,@KSogemaking @kompascom Nunggu loe Pindah negara,0,0,0,0,0,in
1937685377739071519,1937795805295136771,Wed Jun 25 08:51:37 +0000 2025,meliksumanandar,"@si4riNew @kompascom 1) PNS pny suami/istri/anak2.
2) Butuh pasar/super market, sekolah (TK smp SLTA), rumah sakit, klinik dll dll. 
3) Utk siapkan No-2 saja butuh ber- tahun2. 
4) Apa bisa paksa PNS pindah ke IKN kalo No-2 belum ada? 
--
Bayangkan KEGADUHAN yg terjadi pd saat migrasi 'paksa' PNS!",0,0,2,0,0,in
1937685377739071519,1937795734973399399,Wed Jun 25 08:51:20 +0000 2025,icalrn,@kompascom Lupa kasih tagar #Ad #Advertorial min,4,1,1,0,0,in
1937685377739071519,1937794995609874480,Wed Jun 25 08:48:24 +0000 2025,151277Rozi,@kompascom Kurang tagar #Ad min,0,0,0,0,0,in
1937685377739071519,1937794334419791959,Wed Jun 25 08:45:46 +0000 2025,saintdelouvre,@kompascom Media kontol hard sell,0,0,0,0,0,in
1937685377739071519,1937794218153615592,Wed Jun 25 08:45:18 +0000 2025,calonKSAD_,@meliksumanandar @kompascom siapa blg ga ada yang mau tinggal disana?,0,0,1,0,0,in
1937685377739071519,1937793902196760911,Wed Jun 25 08:44:03 +0000 2025,lukaspablo970,"@meliksumanandar @kompascom Kalau jb soedirman kalau hidup lagi saya pasti penumpang pertama, wwkwkwkwk",0,0,0,0,0,in
1937685377739071519,1937793439661490351,Wed Jun 25 08:42:13 +0000 2025,_fendy_,"@kompascom Duit emg yg bicara. Jumlah penjualan turun, jd terpaksa kerja jd corong pemerintah ya",0,0,0,0,0,in
1937685377739071519,1937792817868497007,Wed Jun 25 08:39:44 +0000 2025,Pamungkastegarr,@meliksumanandar @kompascom gw mau asal ada kerjaan yg jelas dan gaji yg jelas. kalau gaji gitu2 aja ya ogah.,0,0,0,0,0,in
1937685377739071519,1937792510618993046,Wed Jun 25 08:38:31 +0000 2025,si4riNew,"@meliksumanandar @kompascom Tapi soal apakah kota ini bisa beneran ""hidup"" atau isinya cuma PNS yang setengah hati lihat kedepan",0,0,0,0,0,in
1937685377739071519,1937792363474325989,Wed Jun 25 08:37:56 +0000 2025,si4riNew,"@meliksumanandar @kompascom PNS mas, kan PNS bisa dipaksa pakai SK atau ancaman mutasi ke daerah yang lebih jauh.",0,0,2,0,0,in
1937685377739071519,1937791134744674586,Wed Jun 25 08:33:03 +0000 2025,danupagus,@Gar_Logan_52 @kompascom Pashal bentar lagi ulang tahun ke 60 kompas,0,0,0,0,0,in
1937685377739071519,1937790501476057218,Wed Jun 25 08:30:32 +0000 2025,Abdlhyymustafo,"@kompascom Namanya kompas, tapi hilang arah.",1,0,0,0,0,in
1937685377739071519,1937789663034675349,Wed Jun 25 08:27:12 +0000 2025,Akihito69san,@kompascom apa kata pak Jakob klo liat kompas jadi begini,0,0,0,0,0,in
1937685377739071519,1937789652758642696,Wed Jun 25 08:27:10 +0000 2025,pandhandutt,@kompascom cair cair wkwkwkw,0,0,0,0,0,in
1937685377739071519,1937789617564205068,Wed Jun 25 08:27:01 +0000 2025,dclub96,@kompascom Mengorbankan kepentingan rakyat demi ambisi satu orang,3,0,0,0,0,in
1937685377739071519,1937789173370675367,Wed Jun 25 08:25:15 +0000 2025,Joker38416161,"@kompascom Mau mangkrak  mau berlanjut  ,   ijasah Jokowi tetap palsu  dan hrs di proses hukum  , atau minta maaf ke seluruh rakyat indonesia",0,0,0,0,0,in
1937685377739071519,1937789106878300622,Wed Jun 25 08:25:00 +0000 2025,Ichsansangaji,@kompascom Semoga cpt jadi,0,0,0,0,0,in
1937685377739071519,1937788592627368234,Wed Jun 25 08:22:57 +0000 2025,si4riNew,@kompascom Ini iklan? kok ga ada penandanya?,0,0,0,0,0,in
1937685377739071519,1937788558225588565,Wed Jun 25 08:22:49 +0000 2025,teledik,@kompascom #Ad,0,0,0,0,0,qme
1937685377739071519,1937787204576895417,Wed Jun 25 08:17:26 +0000 2025,RizaPermadi1,@kompascom Bukan mangkrak tp tidak dilanjutken...,0,0,0,0,0,in
1937685377739071519,1937787039686230327,Wed Jun 25 08:16:47 +0000 2025,maxonsiro,@kompascom ini berita apa iklan?,0,0,0,0,0,in
1937685377739071519,1937786484637200458,Wed Jun 25 08:14:34 +0000 2025,SegelasAirJeruk,@kompascom Gua kira postingan @kemgelapan ternyata kompas 😂😂😂😂😂😂,0,0,0,0,0,in
1937685377739071519,1937786053894799467,Wed Jun 25 08:12:52 +0000 2025,everylittlejing,@kompascom Kompas😂😂. Cmon.. akhirnya jual diri jg karena suntikan dana dr pemerintah,3,0,1,0,0,in
1937685377739071519,1937785123774361682,Wed Jun 25 08:09:10 +0000 2025,taharudddin,@kompascom Dana dari siapa min?,0,0,0,0,0,in
1937685377739071519,1937784245772255499,Wed Jun 25 08:05:41 +0000 2025,itsdionwithn,@kompascom https://t.co/xwInCtUtWb,0,0,0,0,0,qme
1937685377739071519,1937781047074390281,Wed Jun 25 07:52:58 +0000 2025,originvans,@kompascom Media buzzer~,0,0,0,0,0,en
1937685377739071519,1937780954036383838,Wed Jun 25 07:52:36 +0000 2025,Fajar_a_leaf,@kompascom Suka2 dah,0,0,0,0,0,in
1937685377739071519,1937780826013683744,Wed Jun 25 07:52:05 +0000 2025,warlok____,@kompascom meikarta,0,0,0,0,0,lt
1937685377739071519,1937779671724360061,Wed Jun 25 07:47:30 +0000 2025,Moh_Jupri,@kompascom Kompas kapan pindah kantor pusatnya ke IKN?,21,0,0,0,0,in
1937685377739071519,1937778381355122798,Wed Jun 25 07:42:22 +0000 2025,rafindomie,@kompascom #ad,0,0,0,0,0,qme
1937685377739071519,1937777964764266771,Wed Jun 25 07:40:43 +0000 2025,gre_seel,"@DanangNugroho @kompascom Lu udah percaya pemerintah aja udah aneh anjing 
Pasti lu Jawa",0,0,0,0,0,in
1937685377739071519,1937777557262549238,Wed Jun 25 07:39:06 +0000 2025,gre_seel,"@kompascom He bejabat anjing kontol bangsat 
Rakyat lu banyak yang miskin banyak pengangguran 
Bangsat emang pejabat"" di negara ini
Kaga pernah Mempeoritas kan rakyatnay
Babi tolol anjing",0,0,0,0,0,in
1937685377739071519,1937777385883275558,Wed Jun 25 07:38:25 +0000 2025,Xencthings,@kompascom Katanya efisiensi👎🏻,2,0,0,0,0,in
1937685377739071519,1937777356430803013,Wed Jun 25 07:38:18 +0000 2025,wahyu_djanti88,@kompascom Yws...angkut tuh semua pejabat n anggota DPR MPR ke IKN.,1,0,0,0,0,in
1937685377739071519,1937774305242431777,Wed Jun 25 07:26:11 +0000 2025,Sabduull,@kompascom Warga x sangat benci ini,0,0,0,0,0,in
1937685377739071519,1937774172962541642,Wed Jun 25 07:25:39 +0000 2025,yan_lanes,@Juna401 @kompascom @grok pulau tempatmu tunggal juga dulunya hutan belantara yang jauh lebih luas lagi,0,0,0,0,0,in
1937685377739071519,1937773887015780853,Wed Jun 25 07:24:31 +0000 2025,mmdalimunthe,"@kompascom Semakin cepat selesai semakin baik, spy tidak terpusat lagi semuanya di Jakarta. Kemacetan Transportasi Tol Dalam Kota, Jl. Sudirman, Jl. Thamrin, Tol Merah ke Tomang, Jl. Tomang Raya dan bbp jalan lainnya sudah over capacity.",2,0,4,0,0,in
1937685377739071519,1937772113957650560,Wed Jun 25 07:17:28 +0000 2025,mnuzultommy,@kompascom Ga akan lah. Semua sektor yg diefisiensi dananya kan dialihkan ke situ. Cm ga tau jg selesai sesuai rencana sesuai spek... wallaahu alam,0,0,0,0,0,in
1937685377739071519,1937771966137761980,Wed Jun 25 07:16:53 +0000 2025,sugiarto41243,"@kompascom kompas jahat 🤣🤣🤣
@ch_chotimah2 @jhonsitorus_19 @GunRomli  @Dennysiregar7",0,0,0,0,0,in
1937685377739071519,1937771095303815336,Wed Jun 25 07:13:25 +0000 2025,ramdhanpr,@kompascom Duid pajak aing wkwkwk,0,0,0,0,0,in
1937685377739071519,1937768526229749761,Wed Jun 25 07:03:13 +0000 2025,candaankosong,@kompascom Sudah ramai dan banyak penduduk yang tinggal disana ternyata,0,0,0,0,0,in
1937685377739071519,1937767810547245222,Wed Jun 25 07:00:22 +0000 2025,BarCk_14,"@kompascom Yg ngomong mangkrak juga siapa min...?

Masyarakat malah ngomong jgn sampai IKN mangkrak karna uang rakyat udah kesana.
Jgn sia²in kepercayaan rakyat.
Klo IKN lanjut malah bagus.",0,0,0,0,0,in
1937685377739071519,1937766464725090568,Wed Jun 25 06:55:01 +0000 2025,danseee_,"@kompascom mantap nambah lahan buat loker, loker lonte",0,0,0,0,0,in
1937685377739071519,1937765388047253970,Wed Jun 25 06:50:45 +0000 2025,Y0ik1desu,"@kompascom tapi hasil IKNya ga terasa benefitnya, lebih terasa billnya sama LCnya",0,0,1,0,0,in
1937685377739071519,1937764082792448323,Wed Jun 25 06:45:33 +0000 2025,steffaprill,"@EDH012 @kompascom Aku juga percaya temanmu kak, walaupun belum terbukti jujur tapi yang sono udah terbukti suka ngibul 😭😭😭",1,0,0,0,0,in
1937685377739071519,1937760947466285141,Wed Jun 25 06:33:06 +0000 2025,Iskanda_99,@kompascom Lihat ini anak abah akan kejang2 ..apalagi kalau jokowi masih dijalur politik. Makanya banyak yang mau menjatuhkan beliau. Dengan berbagai operasi seperti Project Panci.,0,0,0,0,0,in
1937685377739071519,1937760790230266047,Wed Jun 25 06:32:28 +0000 2025,ShandyHarahap,@kompascom Dibayar berapa ini.,1,0,0,0,0,in
1937685377739071519,1937759789444104488,Wed Jun 25 06:28:30 +0000 2025,kopraljonow,"@kompascom @dewanpers tolong dicek, ini mustinya ada #ad atau keterangan iklan yang jelas atau nggak ya?",0,0,0,0,0,in
1937685377739071519,1937759617557450929,Wed Jun 25 06:27:49 +0000 2025,Juna401,@kompascom @grok berapa hektar hutan yang dibabat demi mega proyek ini? Dan apa kerugian dari segi alam?,12,0,8,0,0,in
1937685377739071519,1937759058175631728,Wed Jun 25 06:25:35 +0000 2025,TosManda,@kompascom Lumayan sekali ngepost begini 100jt,0,0,0,0,0,in
1937685377739071519,1937758606239428889,Wed Jun 25 06:23:48 +0000 2025,NKRInNusantara,"@kompascom Ikn mangkrak ,gak mangkrak
Jakarta tetep banjir.
Utang tetap berbunga.
60% wni masih miskin.
Jawa masih penuh.",5,0,0,0,0,in
1937685377739071519,1937757899931156984,Wed Jun 25 06:20:59 +0000 2025,sumadiseloguno,@kompascom Ya sudah buruan pada pindah kesana biar Jakarta gak sumpek lagi 🤔.. bawa semua lah..🫣,21,0,0,0,0,in
1937685377739071519,1937753608000582084,Wed Jun 25 06:03:56 +0000 2025,LSutrianti40651,"@meliksumanandar @kompascom Saya nggak percaya IKN kosong, coba tanya PSK disana... 🥲",0,0,0,0,0,in
1937685377739071519,1937752969019294158,Wed Jun 25 06:01:24 +0000 2025,Sessy_dy,"@kompascom Kok beda yg beritanya media sm laporan langsung warga lokal...kalo laporan warga lokal yg ngevlog, IKN udh kayak kota hantu, tikus lah dimana2...tp media bikin berita seolah2 itu kota masa depan...ga tau yg bener yg mana, tp saya lebih percaya warlok",20,0,6,0,0,in
1937685377739071519,1937752296059994292,Wed Jun 25 05:58:43 +0000 2025,Ghery_jomblo,"@kompascom Sepertinya mimin puas banget...
Jgn berlebihan min nanti muntah😜😜",0,0,0,0,0,in
1937685377739071519,1937752192804688200,Wed Jun 25 05:58:19 +0000 2025,Odoi_doi,@kompascom Kasian banyak yg ga nerima kenyataan 😅,1,0,0,0,0,in
1937685377739071519,1937743874132476400,Wed Jun 25 05:25:15 +0000 2025,imyoona077,@kompascom Iya in,0,0,0,0,0,in
1937685377739071519,1937743595362222358,Wed Jun 25 05:24:09 +0000 2025,Generasiosing,"@kompascom Sebentar, ini Kompas lagi kenapa ya?",1,0,0,0,0,in
1937685377739071519,1937742654437228907,Wed Jun 25 05:20:24 +0000 2025,EDH012,"@kompascom Teman bela2in ke IKN ikut proyek demi bayar hutangnya ke aku.
Gak lama pulang.
Kenapa?, kataku
IKN mangkrak, katanya.

Aku percaya temanku itu.",34,2,5,0,0,in
1937685377739071519,1937739302676705730,Wed Jun 25 05:07:05 +0000 2025,BrdKelima,"@kompascom Bikin berita gini pasti diomeli gerombolan anti IKN, Kompas langsung dicap: termul bikin berita hoax 
☺️",1,0,0,0,0,in
1937685377739071519,1937733115436482841,Wed Jun 25 04:42:30 +0000 2025,FonnyStefa49082,@kompascom IKN pemborosan yang tidak berfaedah dan kanal korupsi proyek proyek infrastruktur.,1,0,0,0,0,in
1937685377739071519,1937732656986501481,Wed Jun 25 04:40:41 +0000 2025,montaguy,@kompascom #IKNSARANGGENDERUWO,0,0,0,0,0,qme
1937685377739071519,1937731700026671609,Wed Jun 25 04:36:53 +0000 2025,__BADjingan,"@kompascom Itu sub-kontraktor udah dibayar lunas semua belom yang kemarin kemarin?

🤭🤭🤭",0,0,0,0,0,in
1937685377739071519,1937731494795268514,Wed Jun 25 04:36:04 +0000 2025,Marvelmaliki2,@kompascom Yg bilang mangkrak ..sekarang fokus ke ijasah palsu ..dan makzulkan gibran ..☺️,0,0,0,0,0,in
1937685377739071519,1937722224196420093,Wed Jun 25 03:59:14 +0000 2025,JohnMadjie,@kompascom Wisata baru di Kalimantan,0,0,0,0,0,in
1937685377739071519,1937719281434919275,Wed Jun 25 03:47:32 +0000 2025,moh_boesh,@kompascom anjing2 pembenci triak2 mangkrak dtng aja ga prnh🤣🤣,7,0,4,0,0,in
1937685377739071519,1937715344879288338,Wed Jun 25 03:31:53 +0000 2025,NaParningotan,@kompascom Pokoknya dimata lalat sampah lebih menggiurkan dari pada madu ! Itulah kaum sumbu pendek cita ²nya IKN mangkrak !,2,0,0,0,0,in
1937685377739071519,1937714488003953114,Wed Jun 25 03:28:29 +0000 2025,Shankara_Q,"@kompascom Itu nanti kalo Uda jadi, penduduk nya mohon di seleksi, yg masih buang sampah sembarangan, nerobos lampu merah &amp; antrian, masih suka merampas hak2 orang lain ( misal bersepeda di trotoar), dan  anggota ormas yg arogan jgn suruh tinggal disana.",3,0,1,0,0,in
1937685377739071519,1937712178225905735,Wed Jun 25 03:19:18 +0000 2025,DanangNugroho,@kompascom Alhamdulillah.. semoga makin banyak media yang memberitakan kinerja pemerintah secara positif,2,0,1,0,0,in
1937685377739071519,1937708365339328909,Wed Jun 25 03:04:09 +0000 2025,thilmanj,@kompascom Sixtyunlimited lost in direction,0,0,0,0,0,en
1937685377739071519,1937705493784592384,Wed Jun 25 02:52:45 +0000 2025,LFC_Yoga,@kompascom Istana setan,0,0,0,0,0,in
1937685377739071519,1937704066236448837,Wed Jun 25 02:47:04 +0000 2025,beulangong174,@kompascom Waspada... https://t.co/1HUYOBBPwl,0,0,0,0,0,in
1937685377739071519,1937703439695515943,Wed Jun 25 02:44:35 +0000 2025,samhaidy,"@kompascom Kompas ini kentara banget ngebuzzernya, mainnya gak halus. Narasi berita di kompas tv juga makin terang2an jilat pemerintah, jadi males nonton padahal sebelumnya bagus.",97,6,2,0,0,in
1937685377739071519,1937703080856088937,Wed Jun 25 02:43:09 +0000 2025,kikikipung,"@kompascom coba sekali-sekali lihat kondisi area lainnya, jangan hanya sekitar istana saja, apakah infrastruktur jalan dll sdh slsai?",1,0,0,0,0,in
1937685377739071519,1937702778790642035,Wed Jun 25 02:41:57 +0000 2025,DonJuan_4U,@kompascom Manfaat IKN apaan buat terwujudkan cita-cita yg tertuang dalam UUD 45 dan Pancasila  ??,0,0,0,0,0,in
1937685377739071519,1937700209871765995,Wed Jun 25 02:31:45 +0000 2025,Batassenja78,@kompascom Ngeriiii kompas jadi corong rezim juga,1,1,0,0,0,in
1937685377739071519,1937694945332330946,Wed Jun 25 02:10:50 +0000 2025,rama7dani,@kompascom #ad ketinggalan,0,0,0,0,0,in
1937685377739071519,1937694358243016790,Wed Jun 25 02:08:30 +0000 2025,ShopeeDate,@kompascom Dunia mana bang ..?,0,0,0,0,0,in
1937685377739071519,1937692505799336336,Wed Jun 25 02:01:08 +0000 2025,RezaArifin_,@kompascom Mana hastag #Ad nya?,1,0,0,0,0,tl
1937685377739071519,1937692180837204435,Wed Jun 25 01:59:51 +0000 2025,Gar_Logan_52,@kompascom Ini serius kompas se-cringe ini? Pake segala hashtag IKNTidakMangkrak 😬😬,117,5,1,0,0,in
1937685377739071519,1937690112441344110,Wed Jun 25 01:51:38 +0000 2025,anjasumara20167,@kompascom Yang penting dikerjakan,0,0,0,0,0,in
1937685377739071519,1937690067155165427,Wed Jun 25 01:51:27 +0000 2025,wilicatur,@kompascom Yg kan wajib jalan..,0,0,0,0,0,in
1937685377739071519,1937689278236262887,Wed Jun 25 01:48:19 +0000 2025,Kartika4567,@kompascom Halah hanya pencitraan Konyol dicampur Ngibulin Bersama.,0,0,0,0,0,in
1937685377739071519,1937688263172718962,Wed Jun 25 01:44:17 +0000 2025,meliksumanandar,"@kompascom 1) Pembangunan IKN boleh saja jalan terus.
2) Ttp, SIAPA MAU PINDAH ke IKN?
3) Spt Bandara2:  Kertajati, JB Soedirman, Ngloram,  Wiriadinata &amp; Trunojoyo. SELESAI DIBANGUN, ttp GAK ADA PENERBANGAN =  BANDARA2 HANTU. 
4) Ada prospek IKN jadi: 
The Capital Nobody Wants to Live in.",20,1,8,0,0,in
1937685377739071519,1937687873647706563,Wed Jun 25 01:42:44 +0000 2025,PrajogoJ7,"@kompascom EQ keren atasi kekeringan.
Bangsa berideologi Pancasila makin kreatif EQ, berpikir jernih, sehat &amp; beradab jaga kawal kemandirian fungsi supremasi sipil, bukan kreatif mudarat &amp; ribet berideologi premanisme berpikir rendah serakah jadi multifungsi kapitalis-feodal neokolonialis. https://t.co/uiEKIBLpfH",0,0,0,0,0,in
1937685377739071519,1937686911398920433,Wed Jun 25 01:38:54 +0000 2025,PackHendri,@kompascom https://t.co/E8NaXvTtBx,0,0,0,0,0,qme
1937685377739071519,1937685377739071519,Wed Jun 25 01:32:49 +0000 2025,kompascom,"𝗦𝗶𝗮𝗽𝗮 𝗕𝗶𝗹𝗮𝗻𝗴 𝗠𝗮𝗻𝗴𝗸𝗿𝗮𝗸? 𝗜𝗞𝗡 𝗕𝗲𝗿𝗹𝗮𝗻𝗷𝘂𝘁 𝗸𝗲 𝗧𝗮𝗵𝗮𝗽 𝗜𝗜 𝗱𝗲𝗻𝗴𝗮𝗻 𝗦𝘁𝗮𝗻𝗱𝗮𝗿 𝗗𝘂𝗻𝗶𝗮

Narasi bahwa Ibu Kota Nusantara (IKN) mangkrak kini terbantahkan.  

Otorita IKN resmi memulai Tahap II pembangunan dengan menggelar Pre-Construction Meeting (PCM) Kamis (19/6/2025), di Kantor Kemenko 3, di Plaza Seremoni.  

Langkah ini menandai dimulainya kontrak pekerjaan fisik baru di Kawasan Inti Pusat Pemerintahan (KIPP), sekaligus menegaskan komitmen pemerintah untuk mewujudkan kota masa depan Indonesia yang inklusif, hijau, dan berkelanjutan.

| #IKN #IKNTidakMangkrak",375,117,301,0,0,in
1798145211606163465,1799071173462094186,Fri Jun 07 13:29:27 +0000 2024,denherie86,@kompascom Jadi inget Esemka yg kata'a udah ada yang pesen 6000 unit 🤣🤣🤣🤣🤣,0,0,0,0,0,in
1798145211606163465,1799050222615789790,Fri Jun 07 12:06:12 +0000 2024,redfox2106,"@kompascom Seperti iklannya Agung Podomoro tiap minggu pagi d metro tv ""segera beli hari ini, hari senin harga sudah naik""",0,0,0,0,0,in
1798145211606163465,1798993036489437257,Fri Jun 07 08:18:58 +0000 2024,ImanPatuy,@kompascom Buat calon investor ... Jangan percaya begitu saja omongan beliau,0,0,0,0,0,in
1798145211606163465,1798876438260797912,Fri Jun 07 00:35:39 +0000 2024,Diks_btn,@kompascom Seperti di TV2 ya sales properti🤣🤣🤣🤣🤣,0,0,0,0,0,in
1798145211606163465,1798853148502794421,Thu Jun 06 23:03:06 +0000 2024,fregnand88,@kompascom Masih banyak tempat buat investasi aman. Kenapa repot2 pada tempat yang belum jelas dan sangat politis keberlangsungannya. Beda pemimpin bisa beda kebijakan.,0,0,0,0,0,in
1798145211606163465,1798851669016641760,Thu Jun 06 22:57:13 +0000 2024,ZankDJyes,@kompascom Presiden rasa sales properti,0,0,0,0,0,es
1798145211606163465,1798828082729824423,Thu Jun 06 21:23:30 +0000 2024,mulianti,"@kompascom Jadi inget Mbak Feni Rose bilang ""Senin depan harga naik"" 😁",0,0,0,0,0,in
1798145211606163465,1798815571892732358,Thu Jun 06 20:33:47 +0000 2024,FirmanFyunus,@kompascom sales TIONGKOK SIALAN !!!,0,0,0,0,0,in
1798145211606163465,1798758980103311572,Thu Jun 06 16:48:54 +0000 2024,BinocularEye5,@kompascom 90% masyarakat puas dengan kenaikan harga tanah di IKN minggu depan. #Siapsurvei,0,0,0,0,0,in
1798145211606163465,1798753726540480530,Thu Jun 06 16:28:02 +0000 2024,sisi_positif,"@kompascom Ya ialah berasa tolol ga sih, kan udah umum,",0,0,0,0,0,in
1798145211606163465,1798733353119789410,Thu Jun 06 15:07:04 +0000 2024,YaniZhu,@kompascom Bapak udh beli?  Nanti keburu naek lho..,0,0,0,0,0,in
1798145211606163465,1798731344241164734,Thu Jun 06 14:59:05 +0000 2024,din22232520,"@kompascom Sale hari ini.
Besok sudah harga normal....wlwkwkwk",0,0,0,0,0,in
1798145211606163465,1798727871625851108,Thu Jun 06 14:45:18 +0000 2024,rizki_fourAce,@kompascom Wah @FeniRose_,0,0,0,0,0,und
1798145211606163465,1798707223310508225,Thu Jun 06 13:23:15 +0000 2024,amienraisbima,@kompascom nitip jualin kaplingan saya boss,0,0,0,0,0,in
1798145211606163465,1798700709925535817,Thu Jun 06 12:57:22 +0000 2024,Aa363738,@kompascom Presiden gue gitu lohhh,0,0,0,0,0,in
1798145211606163465,1798689514745147864,Thu Jun 06 12:12:53 +0000 2024,ndrypd,@kompascom Joko Rose,0,0,0,0,0,en
1798145211606163465,1798621874995490914,Thu Jun 06 07:44:06 +0000 2024,ABANGNUR693893,@kompascom jadi calo aja baginda.. lumayan -V-nya  looh,0,0,0,0,0,in
1798145211606163465,1798608849999659435,Thu Jun 06 06:52:21 +0000 2024,marieahmadha,@kompascom Kek sales perumahan,0,0,0,0,0,in
1798145211606163465,1798597552440590336,Thu Jun 06 06:07:27 +0000 2024,Jangkrik_japos,@kompascom Rakyat lu sendiri lu peres lewat Tapera,0,0,0,0,0,in
1798145211606163465,1798574754032656718,Thu Jun 06 04:36:51 +0000 2024,Eko72308133,@kompascom Seles kah ini..???,0,0,0,0,0,in
1798145211606163465,1798559232465449222,Thu Jun 06 03:35:11 +0000 2024,abu_hafidz66,@kompascom Sdh sj jokowi cepetan lengser lbih pntas jd sales property pasalnya jago soal kibul mngibuli,0,0,0,0,0,in
1798145211606163465,1798518790365610296,Thu Jun 06 00:54:29 +0000 2024,adusihadu,@kompascom Masih pake rumus yg sama ga sik 🤧 https://t.co/nuBvXCVRDD,0,0,0,0,0,in
1798145211606163465,1798517040355143891,Thu Jun 06 00:47:31 +0000 2024,MulyadiMade,@kompascom Kita dipimpin Broker garis miring MAKLAR tanah...,0,0,0,0,0,in
1798145211606163465,1798511996620652550,Thu Jun 06 00:27:29 +0000 2024,dimarevolu,"@kompascom Hehe... Belajar dari Meikarta dan yang hari minggu ambil spot properti..
Emang bener2...
Cc @jokowi @kaesangp @gibran_tweet @prabowo @PartaiSocmed @budimandjatmiko",0,0,0,0,0,in
1798145211606163465,1798511990098608185,Thu Jun 06 00:27:27 +0000 2024,yazixchi,"@kompascom Presiden kok jd makelar tanah.

Siapa yg mau beli tanah di kawasan otorita yg artinya cmn hak guna aja, hbs itu siap2 digusur 🤣.

Cmn oligarki doang yg mau",0,0,0,0,0,in
1798145211606163465,1798508865283379618,Thu Jun 06 00:15:02 +0000 2024,GelasTakar,@kompascom Marketing property 🤣🤣🤣,0,0,0,0,0,en
1798145211606163465,1798502332357099939,Wed Jun 05 23:49:05 +0000 2024,36Dpib12339,@kompascom Mesake pak Jokowi setiap komentar tidak di percaya rakyatnya,0,0,0,0,0,in
1798145211606163465,1798501399699013815,Wed Jun 05 23:45:22 +0000 2024,36Dpib12339,"@kompascom Trik strategi agar mau investasi, persis orang jual baju ada obral hadiah Jack pot agar jualan baju laris, trik strategi di pakai utk investor agar masuk investasi",0,0,0,0,0,in
1798145211606163465,1798501253523419520,Wed Jun 05 23:44:48 +0000 2024,arescience,@kompascom Kasian,0,0,0,0,0,in
1798145211606163465,1798501240294568409,Wed Jun 05 23:44:44 +0000 2024,deris_75,"@kompascom Kayak iklan jualan rumahnya Feny rose ...""SENIN HARGA NAIK"" 😅",0,0,0,0,0,in
1798145211606163465,1798500253945184662,Wed Jun 05 23:40:49 +0000 2024,Megatop99,@kompascom Justru ketidak pastian harga tanah itulah yg membuat investor ragu2.Bisa2 dilapangan harganya sdh 2x lipat,0,0,0,0,0,in
1798145211606163465,1798499479802495006,Wed Jun 05 23:37:45 +0000 2024,deris_75,"@kompascom Logika sederhana, anda bikin banyak bangunan; sekolah,rumahsakit,mal,dsb....manusianya darimana???",0,0,0,0,0,in
1798145211606163465,1798496733380649419,Wed Jun 05 23:26:50 +0000 2024,Ugly_Story,"@kompascom Ampe kerjaan kak @FeniRose_ mau diambil. 
""Senin harga naik""",0,0,0,0,0,in
1798145211606163465,1798496387799351360,Wed Jun 05 23:25:27 +0000 2024,rofi_27,@kompascom Presiden sampah,0,0,0,0,0,in
1798145211606163465,1798494755279782346,Wed Jun 05 23:18:58 +0000 2024,muiii8888,@kompascom siapa jga yg mau tnggl kocak murahan tanah di jawa🤣🤣,0,0,0,0,0,in
1798145211606163465,1798494199509324054,Wed Jun 05 23:16:46 +0000 2024,asep_surja,"@kompascom Apa investor mau ...? Berinvestasi di negri sarang 
MALING..??",0,0,0,0,0,in
1798145211606163465,1798490034133459276,Wed Jun 05 23:00:13 +0000 2024,AkiSuminta,"@kompascom Selalu bicara manis ngeyakinin org lain,tp pak @jokowi bersama keluarga belum terlihat memiliki rumah pribadi disana,utk membuktikan bahwa IKN layak di huni,selain tahu cihuni😁",0,0,0,0,0,in
1798145211606163465,1798485003107750264,Wed Jun 05 22:40:13 +0000 2024,alfeeii,"@kompascom Ye kan negara calo, presiden nya aja calo.",0,0,0,0,0,in
1798145211606163465,1798450038831718830,Wed Jun 05 20:21:17 +0000 2024,LuckyLudjaina,@kompascom Obral asset negara...?😔,0,0,0,0,0,pt
1798145211606163465,1798417348287934757,Wed Jun 05 18:11:23 +0000 2024,Hari_Berjaya,@kompascom Makelar?,0,0,0,0,0,en
1798145211606163465,1798410812396314813,Wed Jun 05 17:45:25 +0000 2024,Rockgar12,"@kompascom Mukidi kayak orang kampung mau serba instant. IKN mau langsung disamakan dg Canberra, mana bisa???",0,0,0,0,0,in
1798145211606163465,1798407894192534000,Wed Jun 05 17:33:49 +0000 2024,Art_SVL,"@kompascom Jadi inget Feny Rose

Senin harga naik",0,0,0,0,0,in
1798145211606163465,1798404463021170769,Wed Jun 05 17:20:11 +0000 2024,AYawakiti,"@kompascom Makin berkicau,makin kelihatan tidak menarik IKN itu,strategi yang salah",0,0,0,0,0,in
1798145211606163465,1798403480350282169,Wed Jun 05 17:16:17 +0000 2024,Akhlis_M,"@kompascom Tuh kan 🤭

https://t.co/aQJf9PRceJ",0,0,0,0,0,in
1798145211606163465,1798400581008285713,Wed Jun 05 17:04:45 +0000 2024,BalatonSlagereg,"@kompascom ODGJ emang.
Tanah tengah utan, selang seminggu bisa naek 400rb/meter🤣

Please, RSJ mana neh, pasiennya kabur",0,0,0,0,0,in
1798145211606163465,1798397624229511591,Wed Jun 05 16:53:00 +0000 2024,r4mz4n1,@kompascom Warga disana katanya mw digusur. Knp tidak bli saja tanah mrk seperti kata presiden.,0,0,0,0,0,in
1798145211606163465,1798394376441438533,Wed Jun 05 16:40:06 +0000 2024,LieSteve_n,@kompascom Agung Sedayu nyengir baca ini😊,0,0,0,0,0,in
1798145211606163465,1798393630341951729,Wed Jun 05 16:37:08 +0000 2024,WhizhList,"@kompascom HAHAHAHAA GAK NANYA, MAKASIH",0,0,0,0,0,in
1798145211606163465,1798392354711420959,Wed Jun 05 16:32:04 +0000 2024,BogedaVodca,"@kompascom @jokowi gk slh. Yg salah ITU BANGSA 58%.mreka di openi layaknya sapi, klo bangsa ini sadar dgn nasionalisme &amp; cinta tanah airnya pst bangsa ini akn mnjdi bangsa yg merdeka &amp; sejahtera.  seandainy bangsa ini menggunakan akalny BKN perutnya MAKA pemimpin bajingan gk akan pernh ada.",0,0,0,0,0,in
1798145211606163465,1798391937013325869,Wed Jun 05 16:30:24 +0000 2024,feronic91580775,@kompascom Yg ada kaga laku,0,0,0,0,0,in
1798145211606163465,1798390580793475395,Wed Jun 05 16:25:01 +0000 2024,AbiyuZevan,@kompascom Marketing property,0,0,0,0,0,en
1798145211606163465,1798389793585553709,Wed Jun 05 16:21:53 +0000 2024,evy_wahudy,@kompascom Stelah ga menjabat;tinggal diiKN aja pak.enak udaranya;fasilitas lengkap,0,0,0,0,0,in
1798145211606163465,1798389588903493846,Wed Jun 05 16:21:05 +0000 2024,evy_wahudy,@kompascom Jualan masa depan apa jualan properti ini,0,0,0,0,0,in
1798145211606163465,1798388501056274758,Wed Jun 05 16:16:45 +0000 2024,keranjang_ku,"@kompascom Kita uda sm"" tau, presiden indonesia @jokowi tukan boong dan rakus banget, jgn ada yg mau nurut sm doi, jgn mau d kibulin",0,0,0,0,0,in
1798145211606163465,1798383780971131327,Wed Jun 05 15:58:00 +0000 2024,BejoBack,@kompascom Kelen percaya 🤣🤣🤣 https://t.co/erssbsOGiC,0,0,0,0,0,in
1798145211606163465,1798370522046288129,Wed Jun 05 15:05:19 +0000 2024,soulof_cosmos,@kompascom njir kek iklan agung podomoro group,0,0,0,0,0,in
1798145211606163465,1798368353360515127,Wed Jun 05 14:56:42 +0000 2024,gulabhyun,@kompascom Kebanyakan gimmick wkwkwk,0,0,0,0,0,in
1798145211606163465,1798367653016588655,Wed Jun 05 14:53:55 +0000 2024,adi_adi22260051,@kompascom Sumatera mati listrik udah seminggu lebih... Apalah kalian ini...,0,0,0,0,0,in
1798145211606163465,1798367570317525274,Wed Jun 05 14:53:35 +0000 2024,aris_prmn,"@kompascom @FeniRose_ ada saingan nih, sales properti",0,0,0,0,0,in
1798145211606163465,1798363492271243683,Wed Jun 05 14:37:23 +0000 2024,Darkliquorchoco,@kompascom Kirain yg bisa kayak gini cuma Feni ros,0,0,0,0,0,in
1798145211606163465,1798363207394001256,Wed Jun 05 14:36:15 +0000 2024,PraseYulia46029,"@kompascom NDAK BAKALAN BISA NGALAHIN JAKARTA...
WALAUPUN SUMPEK PUN TETAP TAK TERKALAHKAN SENSASINYA TINGGAL DI JKT...
SOALNYA BANYAK TEMPAT HEALING TAK JAUH DARI JAKARTA..
KLO DISONO KAGAK BAKALAN NEMU DAAHH..
KLO PENAT KERJA MAU CARI AIR TERJUN YG INDAH MUSTI KELUAR PULAU...
WK ...WK... https://t.co/BxiElHOCzB",0,0,0,0,0,in
1798145211606163465,1798361440094753279,Wed Jun 05 14:29:13 +0000 2024,PraseYulia46029,"@kompascom MAU JADI BIONG.....??
BIONG TANAH AJA KAGA GITU-GITU AMAT.....",0,0,0,0,0,in
1798145211606163465,1798360732188418554,Wed Jun 05 14:26:25 +0000 2024,inzhapt_76,@kompascom Blantik tanah,0,0,0,0,0,in
1798145211606163465,1798360038463119549,Wed Jun 05 14:23:39 +0000 2024,ab_sadewa,@kompascom Dimana ada presiden bikin harga tanah makin naik dan ga terjangkau,0,0,0,0,0,in
1798145211606163465,1798358150011375736,Wed Jun 05 14:16:09 +0000 2024,dialupa78,@kompascom Kaya calo..,0,0,0,0,0,in
1798145211606163465,1798357819873472948,Wed Jun 05 14:14:50 +0000 2024,DermagaGarely,@kompascom preeeek...,0,0,0,0,0,in
1798145211606163465,1798357577472074091,Wed Jun 05 14:13:52 +0000 2024,dalsh_WHee,"@kompascom Presiden rasa spg, type marketing urgent gtu 🤣🤣🤣",0,0,0,0,0,in
1798145211606163465,1798357207152824735,Wed Jun 05 14:12:24 +0000 2024,KiBanyoe,"@kompascom Hua ha ha ha ha, seneng saya kalau iya. 30k hektar tanahku akan saya jual nanti.",0,0,0,0,0,in
1798145211606163465,1798356127895503295,Wed Jun 05 14:08:07 +0000 2024,mulyana806012,@kompascom Apa kabar MEIKARTA ?,0,0,0,0,0,in
1798145211606163465,1798356085902045430,Wed Jun 05 14:07:57 +0000 2024,jihadalif_,"@kompascom Udah kaya Feni Rose aja, hari Senin harga naik.",0,0,0,0,0,in
1798145211606163465,1798356037168468335,Wed Jun 05 14:07:45 +0000 2024,GanGanManUtd,@andre_cahyo_p @kompascom Ono2 wae pakde ki... ra masookkk !🥱,0,0,0,0,0,in
1798145211606163465,1798353027558236393,Wed Jun 05 13:55:48 +0000 2024,cikul_ala,@kompascom Dasar MAKELAR,0,0,0,0,0,in
1798145211606163465,1798352151011639568,Wed Jun 05 13:52:19 +0000 2024,AmitbinEndin,@kompascom Ko ini presiden kaya calo tanah,0,0,0,0,0,in
1798145211606163465,1798350813389279313,Wed Jun 05 13:47:00 +0000 2024,rieztinacubby,@kompascom Iklan terossss. Gaji makelar emang besar kalau lagi mujur,0,0,0,0,0,in
1798145211606163465,1798350594627014972,Wed Jun 05 13:46:08 +0000 2024,ManadjaTambuna5,"@kompascom Tanah pusaka orang Dayak jgn diserobot , hati2 dan hati2",0,0,0,0,0,in
1798145211606163465,1798350483972911559,Wed Jun 05 13:45:41 +0000 2024,DataZakee,@kompascom Cara baca logika yang mulia junjungan kolam IQ200 https://t.co/2TV3BXlcho,0,0,0,0,0,in
1798145211606163465,1798345812721926574,Wed Jun 05 13:27:08 +0000 2024,RKiromah,@kompascom Menyedihkan Kepala Negara kita 😞,0,0,0,0,0,in
1798145211606163465,1798343708385120591,Wed Jun 05 13:18:46 +0000 2024,RismantoIman,@kompascom Pengemis investasi,0,0,0,0,0,in
1798145211606163465,1798343364183822400,Wed Jun 05 13:17:24 +0000 2024,NicoAkuba66992,@kompascom Koq  Presiden Konaha jadi makelar tanah.,0,0,0,0,0,in
1798145211606163465,1798343116434608325,Wed Jun 05 13:16:25 +0000 2024,keripick,@kompascom Kieu kieu teuing boga presiden,0,0,0,0,0,in
1798145211606163465,1798342404401246310,Wed Jun 05 13:13:35 +0000 2024,Rajahutan70,@kompascom Ini kepala negara apa kepala marketing sih? Lebih mementingkan ikn di banding cari solusi mensejahterakan rakyat nya,0,0,0,0,0,in
1798145211606163465,1798342373044555907,Wed Jun 05 13:13:27 +0000 2024,ErikS_2601,@kompascom Nggak ada demand kok naik? Hukum ekonomi mana nih? Gertak sambal??,0,0,0,0,0,in
1798145211606163465,1798342137966461066,Wed Jun 05 13:12:31 +0000 2024,Abdoeljegger202,@kompascom Aduuuh.... kok rajo malah dadi seles sih 😔,0,0,0,0,0,in
1798145211606163465,1798342071893545360,Wed Jun 05 13:12:16 +0000 2024,ErikS_2601,@kompascom Gini amat presiden.. malah jadi makelar tanah,0,0,0,0,0,in
1798145211606163465,1798341570204406243,Wed Jun 05 13:10:16 +0000 2024,ibgspmngks,@kompascom Presiden ngasong tanah,0,0,0,0,0,in
1798145211606163465,1798341162115477863,Wed Jun 05 13:08:39 +0000 2024,IndonesiaPutera,@kompascom Ogah https://t.co/FyqY3UG8kN,0,0,0,0,0,in
1798145211606163465,1798340988097945704,Wed Jun 05 13:07:57 +0000 2024,_infaustj,@kompascom https://t.co/CdfuI15xvX,0,0,0,0,0,qme
1798145211606163465,1798339478224003195,Wed Jun 05 13:01:57 +0000 2024,Indonesiaguyub,@kompascom Ini Jokowi mau membangun pusat pemerintahan atau real estate sih? Kog kayak makelar tanah aja gayanya.,2,0,0,0,0,in
1798145211606163465,1798337902113665215,Wed Jun 05 12:55:42 +0000 2024,agamag,@weis_____ @kompascom jd inget bulan depan ekonomi meroket,0,0,0,0,0,in
1798145211606163465,1798333991835271215,Wed Jun 05 12:40:09 +0000 2024,kangsatebekicot,"@kompascom Berarti minggu depan turun gais, yuk dibeli - El Got",0,0,0,0,0,in
1798145211606163465,1798332029224030594,Wed Jun 05 12:32:21 +0000 2024,qabilasta,"@kompascom POV Pemerintah:

Problem: harga tanah makin mahal, gen z ditakutkan gak mampu beli rumah

Solving: TAPERA
•
•
•
•
Padahal root causenya: presiden mark up harga tanah",0,0,0,0,0,in
1798145211606163465,1798331496484442415,Wed Jun 05 12:30:14 +0000 2024,JuniorDan17,"@kompascom jadi inget Feny Rose...
wkwkwk",0,0,0,0,0,in
1798145211606163465,1798331000076058639,Wed Jun 05 12:28:16 +0000 2024,UKumalajaya,@kompascom Tanahnya dapat dari pengusiran warga lokal gak bakal berkah. Sudah benar kepala &amp; wakil OIKN mengundurkan diri gak mau nurut sama luhut dan jokowi yg zholim mengusir penduduk lokal.,0,0,0,0,0,in
1798145211606163465,1798330316450668918,Wed Jun 05 12:25:33 +0000 2024,Mandala03309173,@kompascom Presiden rasa salesman...🤭🤭🤭,0,0,0,0,0,in
1798145211606163465,1798330025755951405,Wed Jun 05 12:24:24 +0000 2024,arupha_00,"@kompascom Pakde, sblm nawarin investor cb tawarin dulu warga lokal sekitar ikn. Klo yg deket aja susah gmn yg jauh",0,0,0,0,0,in
1798145211606163465,1798327490349609375,Wed Jun 05 12:14:19 +0000 2024,SenoIttalk,@ArenarIsmyname @kompascom Lhah...?,0,0,0,0,0,in
1798145211606163465,1798326268259344804,Wed Jun 05 12:09:28 +0000 2024,Dalailjaya,@kompascom Laah... ko dibuat jualan tanah ini...,0,0,0,0,0,in
1798145211606163465,1798325601503449093,Wed Jun 05 12:06:49 +0000 2024,vanilla__1808,@kompascom Bodoamat.,0,0,0,0,0,in
1798145211606163465,1798324174131470459,Wed Jun 05 12:01:09 +0000 2024,Partikellirs,@kompascom setelah dinyatakan lulus dan lolos tes and properti tes biasanya capim capim KPK NKRI Nusantara segera di fit end proper tes di lembaga negara lainya untuk di uji kompetensi dan tes pancasila dan twk setelah itu di tumpangi kitab suci( kajian ini sebenarnya bohong). 😁😁,0,0,0,0,0,in
1798145211606163465,1798323373837275214,Wed Jun 05 11:57:58 +0000 2024,_the_blue_sea_,"@kompascom Dia bisa naikin standar harga IKN, harusnya bisa dong kondisikan standar harga daerah lain spy generasinsekarang gampang kebeli rumah, gak usah urunan tapera",0,0,0,0,0,in
1798145211606163465,1798323116957134906,Wed Jun 05 11:56:56 +0000 2024,Muslich_Ahmad,"@kompascom Ini presiden, makelar, apa presiden makelar?",0,0,0,0,0,in
1798145211606163465,1798323037936423010,Wed Jun 05 11:56:38 +0000 2024,Ekgkot,@kompascom Sales obat,0,0,0,0,0,es
1798145211606163465,1798321149811859880,Wed Jun 05 11:49:07 +0000 2024,KtkungTmnSndiri,"@kompascom Investor kok dibodohi😂
Kenaikan harga tanah itu semu kok. Kalo sepi ya harga tanah gak baik naik. Lagian mereka itu mau bisnis, mau ngembangin usaha, bukan jadi makelar tanah.",0,0,0,0,0,in
1798145211606163465,1798321098209243179,Wed Jun 05 11:48:55 +0000 2024,marsonom97,@kompascom Diobral diobral yuk sp yg mau,0,0,0,0,0,in
1798145211606163465,1798319931873972418,Wed Jun 05 11:44:17 +0000 2024,johnlang72,"@kompascom Artinya?

Clue: sein kiri putar balik kanan",0,0,0,0,0,in
1798145211606163465,1798319480478880224,Wed Jun 05 11:42:29 +0000 2024,asepnolimit,@kompascom Makelar tanah,0,0,0,0,0,in
1798145211606163465,1798319094208635048,Wed Jun 05 11:40:57 +0000 2024,xbal_robil,@kompascom Kerjaanya diambil mbak.. 😅😅 @FeniRose_,0,0,0,0,0,in
1798145211606163465,1798318839073251760,Wed Jun 05 11:39:57 +0000 2024,irwananca,@kompascom Bahasa iklan property kok disampaikan sama presiden? MIRIS,0,0,0,0,0,in
1798145211606163465,1798318836070130136,Wed Jun 05 11:39:56 +0000 2024,tk_lahanx,"@kompascom @susipudjiastuti Ga usah jd presiden, jd seles aja cocok",0,0,0,0,0,in
1798145211606163465,1798318348146802729,Wed Jun 05 11:37:59 +0000 2024,anang_misnan,@kompascom Mau pensiun pun masih ngurusin harga tanah bukannya ngurusin rakyatmu yang sengara.,0,0,0,0,0,in
1798145211606163465,1798317397381926954,Wed Jun 05 11:34:13 +0000 2024,endafehn,@kompascom Kan yu infes to my kontri,0,0,0,0,0,in
1798145211606163465,1798317312128516387,Wed Jun 05 11:33:52 +0000 2024,Kutang2tang,@muldirun @kompascom Presiden pilihan ormas,0,0,0,0,0,in
1798145211606163465,1798317286853689493,Wed Jun 05 11:33:46 +0000 2024,waswasilkhonnas,@kompascom Presiden apa sales property,0,0,0,0,0,es
1798145211606163465,1798317254100369870,Wed Jun 05 11:33:39 +0000 2024,Kutang2tang,@weis_____ @kompascom Kalau naik ud dibagi ke sanak saudara famili...,0,0,0,0,0,in
1798145211606163465,1798317141160308882,Wed Jun 05 11:33:12 +0000 2024,Rendy20967590,@kompascom Sejak kapan presiden jadi makelar tanah,0,0,0,0,0,in
1798145211606163465,1798317105345089901,Wed Jun 05 11:33:03 +0000 2024,Kutang2tang,"@kompascom Kalau dia ngomong A berarti B...
Kalau soalnya memang bener A ga akan dibagi ke masyarakat tapi untuk keluarga.
Udah itu aja...",0,0,0,0,0,in
1798145211606163465,1798317004757332099,Wed Jun 05 11:32:39 +0000 2024,rian1070104,@kompascom Senin harga naik @FeniRose_,0,0,0,0,0,in
1798145211606163465,1798316945332441392,Wed Jun 05 11:32:25 +0000 2024,rian1070104,@5teV3n_Pe9eL @kompascom @FeniRose_,1,0,0,0,0,qam
1798145211606163465,1798314665736655091,Wed Jun 05 11:23:22 +0000 2024,AR_Okhim,@kompascom Lemah jogja 25jt/m2 mosk kalah larang,0,0,0,0,0,in
1798145211606163465,1798311992018784313,Wed Jun 05 11:12:44 +0000 2024,fazargummy,@kompascom Kami se kelurahan mengucapkan.. bodo amaaatt...,0,0,0,0,0,in
1798145211606163465,1798311302378696854,Wed Jun 05 11:10:00 +0000 2024,imamputrajago,"@kompascom Mikir sdh mau turun IKN g kelar, kasihan ya, oke gas oke gas",0,0,0,0,0,in
1798145211606163465,1798310329396674651,Wed Jun 05 11:06:08 +0000 2024,piyoNoe,@kompascom Feni rose kalah nih,0,0,0,0,0,sl
1798145211606163465,1798310047807877418,Wed Jun 05 11:05:01 +0000 2024,yuniepertiwi,@kompascom Halo pembohong nan rakus...,0,0,0,0,0,in
1798145211606163465,1798308847721009306,Wed Jun 05 11:00:14 +0000 2024,sandyastina,@kompascom Presiden kita jadi marketing cuyy,0,0,0,0,0,in
1798145211606163465,1798308297382199734,Wed Jun 05 10:58:03 +0000 2024,Notonogoro67941,@kompascom https://t.co/sPMqUUIuqW,0,0,0,0,0,qme
1798145211606163465,1798307288132014081,Wed Jun 05 10:54:03 +0000 2024,fxnetizen,"@kompascom Jd teringat gaya sales agung podomoro.....
Minggu depan harga naik...😅

Kira2 brp fee yg didapat sales property ikn ya ??
Klo 2% sih masih lumayanlah...",0,0,0,0,0,in
1798145211606163465,1798307262181917169,Wed Jun 05 10:53:56 +0000 2024,watonsuloyo99,@kompascom Ngalahin sales yg suka ngiklan di hari minggu dengan gimmick hari senin harga naik.,0,0,0,0,0,in
1798145211606163465,1798299324742582425,Wed Jun 05 10:22:24 +0000 2024,manusialancah,@kompascom malah jadi sales,0,0,0,0,0,in
1798145211606163465,1798299088225759625,Wed Jun 05 10:21:28 +0000 2024,kementuiter,@kompascom cocok jadi host live,0,0,0,0,0,in
1798145211606163465,1798298601904619709,Wed Jun 05 10:19:32 +0000 2024,nicos669,@kompascom el sales,0,0,0,0,0,es
1798145211606163465,1798297445899857932,Wed Jun 05 10:14:56 +0000 2024,trinugroho162,@kompascom @pikaso_me screenshot this,0,0,0,0,0,en
1798145211606163465,1798296454232256769,Wed Jun 05 10:11:00 +0000 2024,marbun_jhonson,@kompascom Pak Presiden ini tukang jualan tanah ya.,0,0,0,0,0,in
1798145211606163465,1798296094956532223,Wed Jun 05 10:09:34 +0000 2024,arifagon_,@kompascom masa jobnya Feni Rose jadi sales properti hari minggu pagi mau diambil juga pak,0,0,0,0,0,in
1798145211606163465,1798294941204140424,Wed Jun 05 10:04:59 +0000 2024,Ki_Priok,@kompascom calo,0,0,0,0,0,es
1798145211606163465,1798293848852140423,Wed Jun 05 10:00:38 +0000 2024,Malamhid,"@kompascom Hey, @FeniRose_ , is that you?",0,0,0,0,0,en
1798145211606163465,1798290650183709002,Wed Jun 05 09:47:56 +0000 2024,brooklynbrick89,"@kompascom Wkwk 
Taeee",0,0,0,0,0,in
1798145211606163465,1798290087467475221,Wed Jun 05 09:45:42 +0000 2024,GI_GMASTERS,@ronnyw_jaya @kompascom Yg Rusia banyak di bali,0,0,0,0,0,in
1798145211606163465,1798288789154234682,Wed Jun 05 09:40:32 +0000 2024,jundy_id,"@kompascom Oalah, ternyata bakul lemah to",0,0,0,0,0,in
1798145211606163465,1798286558753378402,Wed Jun 05 09:31:40 +0000 2024,Musonip2203,"@kompascom Harga naik juga kalau prospek IKN menjanjikan, lah kenyataannya begini, curut juga gak mau beli",0,0,0,0,0,in
1798145211606163465,1798286153608765931,Wed Jun 05 09:30:04 +0000 2024,afatsal,@kompascom Kok kayk iklan properti setiap senin nai,0,0,0,0,0,in
1798145211606163465,1798286091512115535,Wed Jun 05 09:29:49 +0000 2024,khalidz_akbar,@kompascom Obral terus sampe gratis,0,0,0,0,0,in
1798145211606163465,1798285511343456583,Wed Jun 05 09:27:31 +0000 2024,SKijken,@kompascom Feny rose,0,0,0,0,0,en
1798145211606163465,1798282670923018573,Wed Jun 05 09:16:13 +0000 2024,wisnu_triwiyono,"@kompascom Presiden rasa sales Agung Sedayu cook,,!!",0,0,0,0,0,in
1798145211606163465,1798282335277998327,Wed Jun 05 09:14:53 +0000 2024,andre_cahyo_p,@GanGanManUtd @kompascom Yo jelas sulit bro 😅,0,0,1,0,0,in
1798145211606163465,1798280451687424071,Wed Jun 05 09:07:24 +0000 2024,firmans27284431,"@kompascom teknik Jualan, Agitasi, menakutkan nakuti, agar cepat beli...",0,0,0,0,0,in
1798145211606163465,1798279735895867879,Wed Jun 05 09:04:34 +0000 2024,mysupriadi,@kompascom 🤣🤣🤣,0,0,0,0,0,qme
1798145211606163465,1798278311589941363,Wed Jun 05 08:58:54 +0000 2024,Cillipari,@kompascom Turunkan @FeniRose_ dong.,0,0,0,0,0,in
1798145211606163465,1798276259593720180,Wed Jun 05 08:50:45 +0000 2024,tupaibeny,@kompascom Jangan sampai warga asli terusir gara2 IKN.,0,0,0,0,0,in
1798145211606163465,1798275372456583494,Wed Jun 05 08:47:13 +0000 2024,tare795939,@kompascom lagi jualan...narasi itu aja terus terusan.dan hasi nya sampai sekarang ga ada yg tertarik,0,0,0,0,0,in
1798145211606163465,1798272350607286480,Wed Jun 05 08:35:13 +0000 2024,AnnisaFaze53556,@kompascom Blegedess ngapusi teross,0,0,0,0,0,in
1798145211606163465,1798269160994337148,Wed Jun 05 08:22:32 +0000 2024,fjr_rnt,@kompascom Ini presiden atau fenny rose ya,0,0,0,0,0,in
1798145211606163465,1798268863890751967,Wed Jun 05 08:21:22 +0000 2024,HalohoParl,@kompascom Bisa ga diusir aja makelar itu? Muak pula aku,0,0,0,0,0,in
1798145211606163465,1798267904011710734,Wed Jun 05 08:17:33 +0000 2024,HalohoParl,@kompascom Agen properti 🤣🤣🤣,0,0,0,0,0,es
1798145211606163465,1798266847403577754,Wed Jun 05 08:13:21 +0000 2024,ngumol,@kompascom Dia ngomong gitu sbg presiden??,0,0,0,0,0,in
1798145211606163465,1798263978008924446,Wed Jun 05 08:01:57 +0000 2024,Djuwan16,@kompascom Dipilih2 yang dekat jalan raya lebih mahal untuk hari ini ada potongan harga,0,0,0,0,0,in
1798145211606163465,1798263525993017638,Wed Jun 05 08:00:09 +0000 2024,belel1923,@kompascom Iki presiden opo salesman ???,0,0,0,0,0,in
1798145211606163465,1798262588146348497,Wed Jun 05 07:56:25 +0000 2024,rifbach1,"@kompascom Kayak sales-nya Pantai indah Kapuk ,😊",0,0,0,0,0,in
1798145211606163465,1798259746300174370,Wed Jun 05 07:45:08 +0000 2024,spocify,@kompascom Ga usah dibeli gais biar dia tinggal sendiri,0,0,0,0,0,in
1798145211606163465,1798258818306244850,Wed Jun 05 07:41:26 +0000 2024,allowballl,"@kompascom MAKELAR TANAH, GILIRAN BIAYA PENDIDIKAN LOO DIAM DIAM BAE 💩💩💩",0,0,0,0,0,in
1798145211606163465,1798258190611849217,Wed Jun 05 07:38:57 +0000 2024,Ibnurayyan2020,"@DarneNyoman @kompascom Tapi apa boleh buat pak, mayoritas masyarakat kita ga faham, dampak apa untuk 10 tahun kedepan, salam waras!!",2,0,0,0,0,in
1798145211606163465,1798257605317648627,Wed Jun 05 07:36:37 +0000 2024,melkisedekIO,@kompascom Pemimpin negara ta makelar 😒,0,0,0,0,0,in
1798145211606163465,1798257186759655484,Wed Jun 05 07:34:57 +0000 2024,Yens0906,"@KANGKOMENJKT @kompascom Ya, itulah tantangannya. Tapi yg namanya tantangan ekonomi lokal &amp; global itu akan selalu ada. Habis covid, terjadi perang antara Rusia &amp; Ukraina, Hamas &amp; Israel. Ini mempengaruhi ekonomi secara global. Seorg pemimpin mmg hrs berani ambil keputusan &amp; itu dilakukan Jokowi.",0,0,0,0,0,in
1798145211606163465,1798255810210042244,Wed Jun 05 07:29:29 +0000 2024,Yens0906,@KANGKOMENJKT @kompascom Transmigrasi itu mmg tuk meratakan populasi dari Jawa ke luar Jawa. Tapi transmigrasi saja gak akan bisa meratakan pembangunan infrastruktur ke seluruh pelosok negeri. Knp Jawa super padat? Krn jadi daerah tujuan org luar Jawa tuk cari nafkah juga lanjutkan sekolah.,0,0,0,0,0,in
1798145211606163465,1798255716131840020,Wed Jun 05 07:29:07 +0000 2024,KANGKOMENJKT,"@Yens0906 @kompascom wacana dan ide nya baik , cuman timing nya jelek , saat ini kondisi ekonomi lokal dan global sedang buruk sejak covid itu ekonomi tidak baik baik saja , daya beli rakyat ambruk dan banyak pengeluaran utk rumah tangga sendiri dan pajak pajak pemerintah. ☺️",3,0,1,0,0,in
1798145211606163465,1798254672144416771,Wed Jun 05 07:24:58 +0000 2024,Yens0906,"@KANGKOMENJKT @kompascom Sy kira pemerintah udah kaji semua lebih dulu sblm ambil keputusan itu. Wacana pemindahan ibu kota itu udh ada sejak zaman Soekarno, tapi baru Jokowi yg berani realisasikan itu. Kita lihat saja nanti... Moga aja apa yg diharapkan yakni pemerataan pembangunan luar Jawa bs terwujud",0,0,1,0,0,in
1798145211606163465,1798253751503094100,Wed Jun 05 07:21:18 +0000 2024,KANGKOMENJKT,"@Yens0906 @kompascom kalo dulu itu ada program transmigrasi , itu justru lebih bagus , coba deh baca soal program transmigrasi , utk meratakan populasi",1,0,1,0,0,in
1798145211606163465,1798253248773779822,Wed Jun 05 07:19:19 +0000 2024,LovANI_Lah,"@kompascom Tanah aja naik, apakabar rumah yg dimaksudkan TAPERA. Masih waras kan",0,0,0,0,0,in
1798145211606163465,1798253134231515155,Wed Jun 05 07:18:51 +0000 2024,aricksand,@kompascom jadi sales skg,0,0,0,0,0,in
1798145211606163465,1798252524430053430,Wed Jun 05 07:16:26 +0000 2024,_jeonsoul_,@Oey121 @kompascom LMAOOO,0,0,0,0,0,ht
1798145211606163465,1798252261740884071,Wed Jun 05 07:15:23 +0000 2024,sr4cr7zul,"@kompascom @jokowi ngapunten pak, njenengan apakah sales propertinya IKN?dpt fee juga pak kl berhasil jualan?",0,0,0,0,0,in
1798145211606163465,1798250941126467781,Wed Jun 05 07:10:08 +0000 2024,txtbacod,@gumpnhell @kompascom Ta perah,0,0,0,0,0,in
1798145211606163465,1798250828706599313,Wed Jun 05 07:09:42 +0000 2024,zenstrive,@kompascom emang makelar proyek banget kecelakaan sejarah satu ini,0,0,0,0,0,in
1798145211606163465,1798249801127166015,Wed Jun 05 07:05:37 +0000 2024,suharjo99,@kompascom Kebiasaan sales emang tukang bohong !!!,0,0,0,0,0,in
1798145211606163465,1798249663449186490,Wed Jun 05 07:05:04 +0000 2024,Bravo_munte,"@kompascom Kalau hanya ngomong soal kenaikan harga tanah, berarti kita belum ada kemajuan ekonomi.",0,0,0,0,0,in
1798145211606163465,1798248648628936859,Wed Jun 05 07:01:02 +0000 2024,Muhaminu,@kompascom Ayo buruan beli sebelum naik...,0,0,0,0,0,in
1798145211606163465,1798245408067690932,Wed Jun 05 06:48:09 +0000 2024,DenasIdn1,"@kompascom Ke inget meykarta.. jor jor an salesnya promosi hampir disetiap mol luar dan dlm kota, PD banget mereka meykarta itu akn jdi kawasan metropolitan baru di Bekasi, sekarang jdi proyek mangkrak tuh ?",3,0,0,0,0,in
1798145211606163465,1798244909633470540,Wed Jun 05 06:46:10 +0000 2024,KANGKOMENJKT,"@Yens0906 @kompascom jadi sebetulnya yang lebih diperlukan itu pemerataan , jadi bukan bikin ibukota baru , masalah manajemen kekayaan saja , seperti wealth management dalam suatu portfolio saja , saya rasa bukan ibukota baru solusinya 😀",2,0,1,0,0,in
1798145211606163465,1798243898567077972,Wed Jun 05 06:42:09 +0000 2024,DenasIdn1,"@kompascom Speechless sama pa jkw .. ko jualan tanah ? Mau bangun ibu kota apa mau jualan properti ? 
Bkn kah seharus nya seluruh kawasan ibu kota tanah &amp; bangunan nya hrus milik negara mengingat daerah radius sekian adalah kawasan vital istana yg tentu hrs djga dg tingkt kamnan yg tinggi",1,0,0,0,0,in
1798145211606163465,1798243650834686433,Wed Jun 05 06:41:10 +0000 2024,didi28capri,@kompascom Rakyat tidak suka kalau dibohongi.,0,0,0,0,0,in
1798145211606163465,1798243587991499090,Wed Jun 05 06:40:55 +0000 2024,Ari4diS,@kompascom Nggedabrus dodolan tapi ga ada yg beli.,0,0,0,0,0,in
1798145211606163465,1798242845318590897,Wed Jun 05 06:37:58 +0000 2024,firly_rassat,@kompascom Pake kredit tahu perkedel ayam ga bisa doooong,0,0,0,0,0,in
1798145211606163465,1798241606614814939,Wed Jun 05 06:33:03 +0000 2024,SelebMagang,"@kompascom berarti minggu depan ga naik 🗿
gitu ga sih konsepnya",4,0,2,0,0,in
1798145211606163465,1798240626473058353,Wed Jun 05 06:29:09 +0000 2024,sadamhus120791,@kompascom Gaya jualannya..mirip calo 🤭,0,0,0,0,0,in
1798145211606163465,1798239696327434641,Wed Jun 05 06:25:27 +0000 2024,s_mulyatie,"@kompascom Jadi keinget sama real estate yg kepepet cash flow

""Ya ayo segera booking dan miliki sekarang juga karena mulai bulan depan harga akan naik. Berbagai fasilitas melengkapi fasilitas properti anda""

Ayooo ngguyu  . . . . . . ‼️‼️‼️
Ok gass Ok gass https://t.co/GRhXBKrsNy",0,0,0,0,0,in
1798145211606163465,1798238685772828739,Wed Jun 05 06:21:27 +0000 2024,Djarum_Penthul,"@kompascom Ayo...ayo beli....bulan depan naik....
Dan  di IKN itu satu aja yg bukan tanah saya, yang lain tanah orang semua.",0,0,0,0,0,in
1798145211606163465,1798238674116850029,Wed Jun 05 06:21:24 +0000 2024,heryogey,@kompascom Panic detected..😁 selamat meratapi kegagalan..🤡,0,0,0,0,0,in
1798145211606163465,1798237822874521711,Wed Jun 05 06:18:01 +0000 2024,Yens0906,@KANGKOMENJKT @kompascom Ini usaha pemerintah tuk meratakan pembangunan ke luar Jawa juga...,0,0,1,0,0,in
1798145211606163465,1798237669346197756,Wed Jun 05 06:17:24 +0000 2024,Yens0906,"@KANGKOMENJKT @kompascom Tapi pembangunan itu Jawa sentris. Hasil bumi daerah luar Jawa ngalir ke ibu kota yg juga gak punya sumber daya alam apa2 selain status sebagai ibu kota. Tapi dia yg ""nikmati"". Makanya daerah2 seperti Papua &amp; Aceh bergejolak Krn mrk punya SDA tapi daerah mrk tertinggal jauh.",0,0,1,0,0,in
1798145211606163465,1798236780954796134,Wed Jun 05 06:13:52 +0000 2024,adlinur,@kompascom Pidato rasa iklan properti,0,0,0,0,0,in
1798145211606163465,1798236188916207855,Wed Jun 05 06:11:31 +0000 2024,MardiSiswoyo15,@kompascom Kalau kenaikan hutangmu semakin membubung tinggi siapkah pak @jokowi menanggungnya melunasi..?,0,0,0,0,0,in
1798145211606163465,1798235954643374503,Wed Jun 05 06:10:35 +0000 2024,AuroraXrypt,@kompascom Udah naik 15 juta per kavling bulan ini di ring 2 IKN,0,0,0,0,0,in
1798145211606163465,1798235916038996049,Wed Jun 05 06:10:26 +0000 2024,gumpnhell,"@kompascom Senin harga naik. 🤣

https://t.co/tRk5yiG0rL",6,0,1,0,0,in
1798145211606163465,1798235185361903972,Wed Jun 05 06:07:32 +0000 2024,PapzLif23,@kompascom Ayo buruan beli... takut keburu naik harganya😄,0,0,0,0,0,in
1798145211606163465,1798234472099573935,Wed Jun 05 06:04:42 +0000 2024,Edo_ShehB,@kompascom Kalah @FeniRose_  🤭,0,0,0,0,0,in
1798145211606163465,1798233412173812020,Wed Jun 05 06:00:29 +0000 2024,MaulaIkhwan,"@kompascom Sebenarnya @jokowi ini sangat berbakat sbg sales.. tp @PDI_Perjuangan tlah merusak bakat @jokowi tersebut dgn menjadikannya sebagai walikota, gubernur, hingga presiden.. untuk itu @PDI_Perjuangan hrs tanggung jwb atas kerusakan itu.. @puanmaharani_ri @AdianNapitupul1 @Masinton",0,0,0,0,0,in
1798145211606163465,1798231682887426192,Wed Jun 05 05:53:37 +0000 2024,echoPiR,"@kompascom 10 tahun lagi,warga asli akan susah memiliki rumah 👀",0,0,0,0,0,in
1798145211606163465,1798231066064679235,Wed Jun 05 05:51:10 +0000 2024,soelung77,"@kompascom Masyarakat bisa beli gak? Pasti tidak, apalagi orang pas2an, minggir sajalah",0,0,0,0,0,in
1798145211606163465,1798230552753143868,Wed Jun 05 05:49:07 +0000 2024,KANGKOMENJKT,"@Yens0906 @kompascom kalo udah pindah ke IKN , apakah bakal lowong ??",1,0,1,0,0,in
1798145211606163465,1798230453855625437,Wed Jun 05 05:48:44 +0000 2024,KANGKOMENJKT,@Yens0906 @kompascom sebetulnya indonesia tengah dan timur itu lebih kaya raya sumber daya nya dari jawa hehehehehehe,1,0,1,0,0,in
1798145211606163465,1798230272531660854,Wed Jun 05 05:48:01 +0000 2024,ItbRonny2,"@kompascom Maknai aja sebaliknya... 
INGAT ESEMKA....",0,0,0,0,0,in
1798145211606163465,1798229742048715049,Wed Jun 05 05:45:54 +0000 2024,y4n_yodas,@kompascom setiap calon investor pasti sdh memprediksi jauh kedepan baik dan buruknya berinvestasi disuatu tempat dgn segala aspek geopoliti politik ditempat tsb,0,0,0,0,0,in
1798145211606163465,1798229565351022643,Wed Jun 05 05:45:12 +0000 2024,ubatciret,"@kompascom dek gibran, bapak ente sales ya?",0,0,0,0,0,ht
1798145211606163465,1798229176040005815,Wed Jun 05 05:43:39 +0000 2024,Fellen011,@kompascom Kenapa gak Senin harga naik?,0,0,0,0,0,in
1798145211606163465,1798229153478853070,Wed Jun 05 05:43:34 +0000 2024,JJhonpres,"@kompascom Memalukan Banget Wi @jokowi ,    Ketua IKN Saja Gak Mampu Bayar , https://t.co/aDbMTYgoxr",1,0,0,0,0,in
1798145211606163465,1798228901472469127,Wed Jun 05 05:42:34 +0000 2024,as16067013,@kompascom Ini presiden apa makelar tanah.,0,0,0,0,0,in
1798145211606163465,1798228425523761461,Wed Jun 05 05:40:40 +0000 2024,Yens0906,@KANGKOMENJKT @kompascom Jakarta udah terlalu sumpek dan sesak. Lagian diprediksi tahun sekian Jakarta bakal tenggelam. Jadi ini langkah antisipasi sekaligus sebagai pertimbangan kemajuan sektor perekonomian untuk Indonesia Tengah dan Timur.,0,0,2,0,0,in
1798145211606163465,1798227547328815502,Wed Jun 05 05:37:11 +0000 2024,Yens0906,"@kompascom Btw, apakah harga tanah rakyat yg udah lebih dulu diklaim pemerintah untuk diambil bakalan naik juga Krn belum kunjung dibayar sampai saat ini? Moga aja ya @PresidenJokowi.",0,0,0,0,0,in
1798145211606163465,1798226794686144677,Wed Jun 05 05:34:11 +0000 2024,makdatuak02,@kompascom Feni rose resign jadi host jual rumah,0,0,0,0,0,in
1798145211606163465,1798226349087469871,Wed Jun 05 05:32:25 +0000 2024,jankerzone,@el_jastip @kompascom 😂,0,0,0,0,0,qme
1798145211606163465,1798225250662195242,Wed Jun 05 05:28:03 +0000 2024,noviandrieanto,@kompascom Presiden rasa marketing podomoro awokawokawok,0,0,0,0,0,pl
1798145211606163465,1798224848050966594,Wed Jun 05 05:26:27 +0000 2024,irenkraw,@kompascom Dah kayak iklan properti,0,0,0,0,0,in
1798145211606163465,1798222585093820875,Wed Jun 05 05:17:28 +0000 2024,beulangong174,@kompascom Tanah Kuburan  ??? https://t.co/uW9j3Kv3Pg,1,0,0,0,0,in
1798145211606163465,1798222524180005061,Wed Jun 05 05:17:13 +0000 2024,maharmega,"@kompascom Kwkwkwk bahasa sales perumahan kompleks 🤣🤣.. Setelah menjadi Bapak Bansos Nasional, sekarang menjadi Bapak Makelar Tanah Nasional.. Duuuh presiden ku, nape jadi gini 😅😅",0,0,0,0,0,in
1798145211606163465,1798221846430830950,Wed Jun 05 05:14:32 +0000 2024,RJack55660,@kompascom Ga ada yg bener omongannya...,0,0,0,0,0,in
1798145211606163465,1798221708283027525,Wed Jun 05 05:13:59 +0000 2024,ceovoc,@kompascom Yg dijual.....tanah punya siapa,0,0,0,0,0,in
1798145211606163465,1798220458866942049,Wed Jun 05 05:09:01 +0000 2024,afrizhallubis,"@kompascom Wih, ngiler juga ya dengernya, tapi apasih beneran cuan?",0,0,0,0,0,in
1798145211606163465,1798220378415997091,Wed Jun 05 05:08:42 +0000 2024,budi_j52,@kompascom Ini presiden rasa makelar tanah...,0,0,0,0,0,in
1798145211606163465,1798219036452655575,Wed Jun 05 05:03:22 +0000 2024,roshanfaro,@kompascom Ini lah dari pembangunan yg kejar setoran. Belum tentu banyak yg minat. Pembangunan ugal2an akhirnya terbengkalai &amp; cuma jd sarang dedemit.,0,0,0,0,0,in
1798145211606163465,1798218733573578796,Wed Jun 05 05:02:10 +0000 2024,sunyihujan,@kompascom the next Las Vegas 😎🤘https://t.co/aFYX5hLn6s https://t.co/E70RJ5rCHR,0,0,0,0,0,en
1798145211606163465,1798218239081881724,Wed Jun 05 05:00:12 +0000 2024,ArdiannArd,@kompascom Presiden aja punya side hustle jadi sales properti.,0,0,0,0,0,in
1798145211606163465,1798217805323731033,Wed Jun 05 04:58:28 +0000 2024,d380no,@kompascom Tapi susah air 😎,0,0,0,0,0,in
1798145211606163465,1798216580096208987,Wed Jun 05 04:53:36 +0000 2024,pillarezha,"@kompascom Muncul keputusan
Dana Tapera dialokasikan untuk IKN

Kok bisa gitu pak? 

Yah sekali² kita gotong royong membangun negri, jangan bermusuhan mari bersatu. 

Tapi paling mungkin dananya dikorup lagi untuk nyewa LC.",2,0,0,0,0,in
1798145211606163465,1798216255524253844,Wed Jun 05 04:52:19 +0000 2024,sikumannakal,@kompascom Harusnya yg bilang gini @FeniRose_,0,0,0,0,0,in
1798145211606163465,1798215449546801352,Wed Jun 05 04:49:07 +0000 2024,Oskar_Odding,@kompascom @FeniRose_ lebih dipercaya omongannya kalau soal ginian daripada Jokowi.,0,0,0,0,0,in
1798145211606163465,1798215282449867053,Wed Jun 05 04:48:27 +0000 2024,Inter_richard30,"@kompascom Yg 58% beli dong, kesian ga laku",0,0,0,0,0,in
1798145211606163465,1798215001859375118,Wed Jun 05 04:47:20 +0000 2024,Asooyy9,@kompascom Buseng jualan pulau,0,0,0,0,0,in
1798145211606163465,1798214877594759500,Wed Jun 05 04:46:50 +0000 2024,kangronee,"@kompascom Kemungkinan : senang sekali dengan mikro manajemen, atau ketidakmampuan melakukan makro manajemen. Ini bukan lingkup kelurahan atau perusahaan pribadi. Ini lingkup negara dan bangsa, dimana lingkup kebutuhan yg harus diurus luas dan banyak sekali.",0,0,0,0,0,in
1798145211606163465,1798213796269543785,Wed Jun 05 04:42:32 +0000 2024,_Fadhilllll,@kompascom Anjir lah🤣,0,0,0,0,0,in
1798145211606163465,1798213554971230255,Wed Jun 05 04:41:35 +0000 2024,man_tan_x,@jankerzone @kompascom Tenang... ada tapera,0,0,0,0,0,in
1798145211606163465,1798213410716606541,Wed Jun 05 04:41:00 +0000 2024,man_tan_x,@kompascom RI1 merangkap makelar tanah 🤣🫵,0,0,0,0,0,in
1798145211606163465,1798213251706323295,Wed Jun 05 04:40:23 +0000 2024,zuljoelzul,@kompascom Feny widodo,0,0,0,0,0,cy
1798145211606163465,1798213063172407395,Wed Jun 05 04:39:38 +0000 2024,fikriwirahman,@kompascom ambisi banget sama IKN,0,0,0,0,0,in
1798145211606163465,1798212917843902636,Wed Jun 05 04:39:03 +0000 2024,Agung372Agung,@kompascom Wkwkwkwk laku ..????,0,0,0,0,0,in
1798145211606163465,1798212502121263601,Wed Jun 05 04:37:24 +0000 2024,mindcraft88,"@kompascom Harga property itu linier dengan kehidupan masyarakat.Bila kehidupan masyarakat petani,pekebun,jauh dr perkantoran,industri.pastilah harganya murah.Andai tanah DKI Jakarta n sekitarnya, dipindah ke kalimantan.otomatis harga tinggi.krn proses kehidupan msyarakatnya sudah kompleks",0,0,0,0,0,in
1798145211606163465,1798211585519063376,Wed Jun 05 04:33:45 +0000 2024,el_jastip,"@jankerzone @kompascom Our presidente ahli goreng harga tanah ya, pakai Tapera lalu IKN war biasakkk.",0,0,1,0,0,in
1798145211606163465,1798211008378683816,Wed Jun 05 04:31:28 +0000 2024,aneselalubenar,@kompascom Ud kek Agung Sedayu ae. 😌,0,0,0,0,0,in
1798145211606163465,1798210690479710470,Wed Jun 05 04:30:12 +0000 2024,ismael_xyz,"@kompascom Senin harga naik
Kali ini beneran bukan bercanda",0,0,0,0,0,in
1798145211606163465,1798210423432613903,Wed Jun 05 04:29:08 +0000 2024,frendygh,@kompascom Berarti minggu depan harga turun.,0,0,0,0,0,in
1798145211606163465,1798207775711117776,Wed Jun 05 04:18:37 +0000 2024,DarneNyoman,"@Ibnurayyan2020 @kompascom Nafsu melebihi kemampuan ..
Baik kemampuan mengolah /menangani/menata dan membangun (berdasarkan kajian &amp;kelayakan) serta kemampuan finansial (perencanaan anggaran terstruktur &amp;terukur ) ..

Sekali lagi Ambisi /nafsu berlebih ,mengalahkan akal sehat !!!",3,0,1,0,0,in
1798145211606163465,1798207502091501847,Wed Jun 05 04:17:32 +0000 2024,gunwbz,@kompascom awas biasanya 180°,0,0,0,0,0,in
1798145211606163465,1798205385238876577,Wed Jun 05 04:09:07 +0000 2024,derrys_v,@elmamattt @kompascom 🙈🙈,0,0,0,0,0,qme
1798145211606163465,1798205060780019843,Wed Jun 05 04:07:50 +0000 2024,tukangtoeroe,"@derrys_v @kompascom Yo upgrade, bien jare mebelan",0,0,1,0,0,en
1798145211606163465,1798204797377749266,Wed Jun 05 04:06:47 +0000 2024,Ales21070844,@kompascom Calo neh....😷,0,0,0,0,0,in
1798145211606163465,1798204764708352419,Wed Jun 05 04:06:39 +0000 2024,gusbenk,@kompascom https://t.co/XjV0SWxFHG,8,3,0,0,0,qme
1798145211606163465,1798204071297568877,Wed Jun 05 04:03:54 +0000 2024,Her_d_Brankas,@kompascom jualan tanah😅,0,0,0,0,0,in
1798145211606163465,1798203208780984699,Wed Jun 05 04:00:28 +0000 2024,trhrtw,@kompascom Tumbas mom @elikuskus wkkww,0,0,0,0,0,in
1798145211606163465,1798202469920727335,Wed Jun 05 03:57:32 +0000 2024,UIsriati,"@Oey121 @kompascom bs mengancam eksistensi kak @FeniRose_ ini, senin harga naik. 😂",0,0,0,0,0,in
1798145211606163465,1798202298516332922,Wed Jun 05 03:56:51 +0000 2024,derrys_v,@elmamattt @kompascom Fix makelar lemah👌🏼,0,0,1,0,0,in
1798145211606163465,1798201910950048243,Wed Jun 05 03:55:19 +0000 2024,fannanarch,@kompascom Dia sendiri beli gak??,0,0,0,0,0,in
1798145211606163465,1798201228410999015,Wed Jun 05 03:52:36 +0000 2024,wagraha,@kompascom Saya borong sekarang Pak.. tapi nGutang sek,0,0,0,0,0,in
1798145211606163465,1798200850042814797,Wed Jun 05 03:51:06 +0000 2024,SyawalSora,"@kompascom Feni Rose banget ini , Senin harga naik",1,0,0,0,0,in
1798145211606163465,1798200065460473972,Wed Jun 05 03:47:59 +0000 2024,tukangtoeroe,@kompascom Pinter mblantik 😂 @derrys_v,0,0,1,0,0,in
1798145211606163465,1798199519286640890,Wed Jun 05 03:45:48 +0000 2024,Ibnurayyan2020,@DarneNyoman @kompascom Karena ga ada studi kelayakan yg akurat kenapa harus pindah,1,0,1,0,0,in
1798145211606163465,1798199121779827073,Wed Jun 05 03:44:14 +0000 2024,Ibnurayyan2020,"@kompascom Ayok dong beli dong investor, udah mau habis waktu nih 😂😂",1,0,0,0,0,in
1798145211606163465,1798198430864666829,Wed Jun 05 03:41:29 +0000 2024,Gus_Mail,"@5teV3n_Pe9eL @kompascom @FeniRose_ Terbukti kan pernah pada masanya, tiap weekend wajah doi nongol muluk di tipi dgn pesan yg sama ""senin harga naik"". 🤣",2,0,0,0,0,in
1798145211606163465,1798198425475031517,Wed Jun 05 03:41:28 +0000 2024,Gunawan53722139,"@kompascom Kayak agen property aja... 
Kayaknya lumayan nih penghasilan broker",1,0,0,0,0,in
1798145211606163465,1798198407754063936,Wed Jun 05 03:41:23 +0000 2024,jozzgandoz3,@kompascom agen property lagi promosi,0,0,0,0,0,in
1798145211606163465,1798197916278174043,Wed Jun 05 03:39:26 +0000 2024,ZaemKribo,"@kompascom Bubar saja lah IKN, proyek tak ada manfaatnya, cuma bikin rakyatnya di peras.",0,0,0,0,0,in
1798145211606163465,1798197660652028388,Wed Jun 05 03:38:25 +0000 2024,WorldDelegation,@kompascom senin harga naik,0,0,0,0,0,in
1798145211606163465,1798196590005653605,Wed Jun 05 03:34:10 +0000 2024,pinarta,@kompascom Udah kaya sales marketing aja,0,0,0,0,0,in
1798145211606163465,1798194882567405753,Wed Jun 05 03:27:23 +0000 2024,WillaFernando,@kompascom Ci mehong terperanjat melihat ini,0,0,0,0,0,in
1798145211606163465,1798194811016753355,Wed Jun 05 03:27:06 +0000 2024,guust96,@kompascom Malah jadi broker tanah,1,0,0,0,0,in
1798145211606163465,1798194698005471281,Wed Jun 05 03:26:39 +0000 2024,NailatunMa26995,@kompascom Ini gmn maksudnya,0,0,0,0,0,in
1798145211606163465,1798193870771286156,Wed Jun 05 03:23:22 +0000 2024,dabelyu97,@kompascom Ini presiden ato calo tanah..,1,0,0,0,0,in
1798145211606163465,1798193818522849428,Wed Jun 05 03:23:09 +0000 2024,rullyramone,@kompascom Sebagai broker ikn dia dapet komisi berapa ya tiap tanah yg kejual,1,0,0,0,0,in
1798145211606163465,1798193358722289795,Wed Jun 05 03:21:20 +0000 2024,ianeldoger,@kompascom Sales meikarta 😂😂😂,0,0,0,0,0,lv
1798145211606163465,1798193309179076912,Wed Jun 05 03:21:08 +0000 2024,adngfattah,@kompascom Kan jualan properti,0,0,0,0,0,in
1798145211606163465,1798192874707927179,Wed Jun 05 03:19:24 +0000 2024,susahketemu,"@kompascom Adalah orang yang sama waktu bilang 11rb trilyun di kantong, 6000 esemka sudah dipesan",0,0,0,0,0,in
1798145211606163465,1798192242664038810,Wed Jun 05 03:16:54 +0000 2024,pvndvmlvks,@kompascom presiden atau sales,0,0,0,0,0,in
1798145211606163465,1798192068868927566,Wed Jun 05 03:16:12 +0000 2024,dimazyud1,"@kompascom Dah..mulai dagang, ngibul lg",1,0,0,0,0,in
1798145211606163465,1798191855886311439,Wed Jun 05 03:15:21 +0000 2024,AnakMasKu,"@kompascom Dia sadar harga tanah akan naik, knapa tetep kekeh bikin TAPERA yang bisa di cairkan sampai pensiun?? Mo bikin rumah ayam??",1,0,0,0,0,in
1798145211606163465,1798191492022034468,Wed Jun 05 03:13:55 +0000 2024,Americanonogula,@kompascom Koyok iklan feny rose,0,0,0,0,0,in
1798145211606163465,1798189396833058871,Wed Jun 05 03:05:35 +0000 2024,deni_hermawanto,"@kompascom Bodo amat, beras dll nya naik dah biasa koq jok",0,0,0,0,0,in
1798145211606163465,1798188846154481865,Wed Jun 05 03:03:24 +0000 2024,Kzonna889,"@kompascom Mbok pun pak sare mawon, malah  tambah giduh kahanane",0,0,0,0,0,in
1798145211606163465,1798188771059675420,Wed Jun 05 03:03:06 +0000 2024,MurdowoH020257,"@kompascom Santai aja, tahun depan harga turun drastis.",1,0,0,0,0,in
1798145211606163465,1798188366309269734,Wed Jun 05 03:01:29 +0000 2024,tangguhniti,"@kompascom Lah gimana sih, mau jualan tanah?",0,0,0,0,0,in
1798145211606163465,1798188269131452620,Wed Jun 05 03:01:06 +0000 2024,rezatalks,"@kompascom Kenapa yg ditawarkan harga tanah akan naik?
Makin gak jelas ini arah IKN. Ini kota yang mau dibangun pusat pemerintahan atau pusat perekonomian sih?",0,0,0,0,0,in
1798145211606163465,1798187647325872167,Wed Jun 05 02:58:38 +0000 2024,diedadarajat,@kompascom Cocok selesai tugas nanti jadi sales IKN dan pensiun tinggal disana menikmati keheningan hutan Kalimantan,1,0,0,0,0,in
1798145211606163465,1798186952539414736,Wed Jun 05 02:55:52 +0000 2024,JelangPensiun,@kompascom Jual aja semua,0,0,0,0,0,in
1798145211606163465,1798186785861935476,Wed Jun 05 02:55:13 +0000 2024,ubinhasnanto1,@kompascom naik hutangnya paling,0,0,0,0,0,in
1798145211606163465,1798186717914206550,Wed Jun 05 02:54:56 +0000 2024,khidlirkarawita,@kompascom Cie makelar tanah @jokowi,1,0,0,0,0,in
1798145211606163465,1798186700537319710,Wed Jun 05 02:54:52 +0000 2024,PrabangkaraMhdr,"@kompascom Naik kalau ramai dan orang mau tinggal di sana pak, kalau sepi ya ga akan naik, gak ada demand",13,1,0,0,0,in
1798145211606163465,1798184975147454883,Wed Jun 05 02:48:01 +0000 2024,maxcomreturns,@kompascom pinter banget,0,0,0,0,0,in
1798145211606163465,1798183795893600501,Wed Jun 05 02:43:20 +0000 2024,luvena290,@kompascom 😂😂  BIKIN BLUNDER SENDIRI SETELAH RAJIN NGIBUL DAN BO'ONG ..... MUMET KAN   🤣😅🤣,1,0,0,0,0,in
1798145211606163465,1798183779393294719,Wed Jun 05 02:43:16 +0000 2024,wandytan_,@kompascom Wah presiden kita jadi makelar tanah…,0,0,0,0,0,in
1798145211606163465,1798183095268696301,Wed Jun 05 02:40:33 +0000 2024,P3gEl,"@Gus_Mail @kompascom Aturanbak @FeniRose_  yg ngomong ya, meyakinkan 😁",1,0,1,0,0,in
1798145211606163465,1798182642271281368,Wed Jun 05 02:38:45 +0000 2024,Gus_Mail,@5teV3n_Pe9eL @kompascom Ngomong gini mah kasih ke feni rose malah lebih meyakinkan,2,0,1,0,0,in
1798145211606163465,1798182484603261417,Wed Jun 05 02:38:07 +0000 2024,fathulmunir50,@kompascom Goreng teruss,0,0,0,0,0,in
1798145211606163465,1798182448721002888,Wed Jun 05 02:37:59 +0000 2024,nomadennn09,@kompascom Strategi agung sedayu,0,0,0,0,0,in
1798145211606163465,1798182054427050245,Wed Jun 05 02:36:25 +0000 2024,Muchlischlistr1,@kompascom Makelar skaligus maf1a,1,0,0,0,0,in
1798145211606163465,1798182038937440429,Wed Jun 05 02:36:21 +0000 2024,AriskaPutraS,@kompascom Boong mulu lu Jok… lu kira badan lu ngga mempan kebakar api neraka?,0,0,0,0,0,in
1798145211606163465,1798181771512860940,Wed Jun 05 02:35:17 +0000 2024,AffryS,@kompascom Kayak iklan Properti 7tahun lalu di TV 😂,0,0,0,0,0,in
1798145211606163465,1798181758724387040,Wed Jun 05 02:35:14 +0000 2024,P3gEl,@skyboomingsky @kompascom Duh Tapera,1,0,0,0,0,in
1798145211606163465,1798181508605501914,Wed Jun 05 02:34:14 +0000 2024,DE_JUNHE,@kompascom Buseeettt... woy ini lagi butuh uang banget ini 😄😄🤣🤣,0,0,0,0,0,in
1798145211606163465,1798180790330970255,Wed Jun 05 02:31:23 +0000 2024,ibad_here,"@kompascom Ho'oh njuk APBN refocusing terus.......
Dusssssssss",0,0,0,0,0,in
1798145211606163465,1798180522969219357,Wed Jun 05 02:30:19 +0000 2024,erickyoma52,"@kompascom Manusia apa ini? Apa kau pencipta negeri ini, sesuka hati kau jualan tanah di negeri ini, telek lah",0,0,0,0,0,in
1798145211606163465,1798180042624929886,Wed Jun 05 02:28:25 +0000 2024,Byll_Upg,@kompascom Menjadi calo tanah menjadi pekerjaan serta mengisi waktu masa pensiun.,0,0,0,0,0,in
1798145211606163465,1798179645625676147,Wed Jun 05 02:26:50 +0000 2024,KalkunAlc,@kompascom Presiden nyambi tukang jualan,0,0,0,0,0,in
1798145211606163465,1798179616768880758,Wed Jun 05 02:26:43 +0000 2024,Bro_B1N,"@kompascom Kenapa kok jadi broker tanah ya?
Yg pasti investor akan masuk jika PS sdh bekerja. Wait &amp; see itu patut dimaklumi. 
Masalahnya...bukan pabrik Mabel yg mau dibangun...pasti jauh lebih besar investasinya.",0,0,0,0,0,in
1798145211606163465,1798178742008942811,Wed Jun 05 02:23:15 +0000 2024,andri_parcox,@kompascom Maunya apa sih ni orang..  cari2 perkara aee.. kyk'e negara udah sejahtera aja rakyatnya.. pake sgala bikin kota baru hadeuhhhhh 😭😭,0,0,0,0,0,in
1798145211606163465,1798177251076587866,Wed Jun 05 02:17:19 +0000 2024,RitaDesmi,@5teV3n_Pe9eL @kompascom Jadi ingat Feni Rose di iklan property,2,0,0,0,0,in
1798145211606163465,1798176975854645308,Wed Jun 05 02:16:14 +0000 2024,BagusBagle70435,"@kompascom Biarin saja dia ngoceh, tar lg lewat ga ada yg nyapa",1,0,0,0,0,in
1798145211606163465,1798176938462429543,Wed Jun 05 02:16:05 +0000 2024,diledhub,@kompascom Buk Feni Rose lewat ini,1,0,0,0,0,in
1798145211606163465,1798176712666316845,Wed Jun 05 02:15:11 +0000 2024,tukangjagahati,"@kompascom Nglunjak ni orang, dikira tanah punya nenek lu",1,0,0,0,0,in
1798145211606163465,1798176612095266962,Wed Jun 05 02:14:47 +0000 2024,kuliteijo,"@kompascom IKN bener"" dikomirsilkan ya. Katanya IKN bakal jadi pusat pemerintahan, nilai investasinya dimana?",0,0,0,0,0,in
1798145211606163465,1798176359505904006,Wed Jun 05 02:13:47 +0000 2024,SemutRangrangGO,@kompascom Sales properti ya,0,0,0,0,0,es
1798145211606163465,1798176124482224474,Wed Jun 05 02:12:51 +0000 2024,bayuwicak14,@kompascom Kl cuma info harga senin naik ini ke feni rose aja pak,0,0,0,0,0,in
1798145211606163465,1798175032792981812,Wed Jun 05 02:08:30 +0000 2024,the1flash474996,"@kompascom Harga beli dr rakyat 50k, dijual ke asing 400k-800k ....pantesan PD demo",0,0,0,0,0,in
1798145211606163465,1798174626268516356,Wed Jun 05 02:06:54 +0000 2024,dom_adee,@kompascom Njirrr ini presiden atau MAKELAR TANAH ???🤣,0,0,0,0,0,in
1798145211606163465,1798174527509451114,Wed Jun 05 02:06:30 +0000 2024,prastyagalih,@kompascom Giliran rakyatnya gamampu beli rumah disuruh patungan,1,0,0,0,0,in
1798145211606163465,1798174499076227410,Wed Jun 05 02:06:23 +0000 2024,D002832,"@kompascom Hahahaha, marketing manager IKN lagi jualan..",0,0,0,0,0,tl
1798145211606163465,1798173562387439982,Wed Jun 05 02:02:40 +0000 2024,niconico_jak,@kompascom Kenapa nggak BUMN yg masuk? 😂😂😂,0,0,0,0,0,in
1798145211606163465,1798173552895721557,Wed Jun 05 02:02:38 +0000 2024,Sessy_dy,"@kompascom Lalu bilang wajib tapera agar tdk susah beli rumah, lah dia bikin harga tanah mahal, yakin itu tanah gusuran masy lokal blm dibayar",3,0,0,0,0,in
1798145211606163465,1798173365594948032,Wed Jun 05 02:01:53 +0000 2024,VillageJaguar,@kompascom Investor ragu karena UU di Konoha ini mudah diubah demi kepentingan pribadi,1,1,0,0,0,in
1798145211606163465,1798173025944363163,Wed Jun 05 02:00:32 +0000 2024,udinnsp12,@kompascom Bikin pers sendiri dan umumkan sesuai kemauan dan pikiran sendiri. Cara gampang untuk bodohi para investor🤣,0,0,0,0,0,in
1798145211606163465,1798172737195946291,Wed Jun 05 01:59:23 +0000 2024,BeginiCeritany1,@kompascom Lho lho...mau nyaingi Ibu @FeniRose_ senin harga naik jare 😄😄😄,0,0,0,0,0,in
1798145211606163465,1798172215718142063,Wed Jun 05 01:57:19 +0000 2024,adnrxst,"@kompascom Pendukungnya beliow nggak ada yg niat patungan buat beli kah? Kasihan beliow, jadi mirip sales perumahan yg buka stand di mall.",3,0,1,0,0,in
1798145211606163465,1798172204343156942,Wed Jun 05 01:57:16 +0000 2024,Manuk_Emprit76,"@kompascom Bentar lagi lengser, pindah haluan jadi sales tanah + rumah 🏡",0,0,0,0,0,in
1798145211606163465,1798172114928980113,Wed Jun 05 01:56:55 +0000 2024,bernardwee13,@5teV3n_Pe9eL @kompascom Tanah nenek moyangnya ya? Bukan punya masyarakat adat Kalimantan??,4,0,0,0,0,in
1798145211606163465,1798172095756804220,Wed Jun 05 01:56:50 +0000 2024,mynameishendry,"@kompascom Anjir kaya telemarketer property hari minggu, wkwkwkwkw.",1,0,0,0,0,in
1798145211606163465,1798171705116119508,Wed Jun 05 01:55:17 +0000 2024,GanGanManUtd,@kompascom Klo harga tanah segitu Tapera bisa ngover gak ? 😃,0,0,1,0,0,in
1798145211606163465,1798171359220211996,Wed Jun 05 01:53:55 +0000 2024,ryuwinsanyway,"@kompascom Tugas pak presiden bukan jualan, harus nya sejahterain rakyat dong. Dengan membuka lapangan pekerjaan",0,0,0,0,0,in
1798145211606163465,1798170653402763654,Wed Jun 05 01:51:06 +0000 2024,kikikipung,"@kompascom kalau di ikn tanah sdh seharga 400-800rb/m2, bagaimana di kota lain utk beli rumah dgn program tapera? nanya aja…",0,0,0,0,0,in
1798145211606163465,1798169618202423343,Wed Jun 05 01:47:00 +0000 2024,samrodenh,@kompascom obral tanah obral tanah murah.,0,0,0,0,0,sl
1798145211606163465,1798169232427081944,Wed Jun 05 01:45:28 +0000 2024,OngisSiang,"@kompascom The real, senin harga naik

Btw yg cari fotografer cek profil yaaa🙏",3,0,0,0,0,in
1798145211606163465,1798169231378546804,Wed Jun 05 01:45:27 +0000 2024,DeanSofyan,@ArenarIsmyname @SenoIttalk @kompascom Definisi menikmati IKN gimana boss? Kasih tau dong,0,0,0,0,0,in
1798145211606163465,1798168684630102283,Wed Jun 05 01:43:17 +0000 2024,Dejenderalober1,"@kompascom Waaks
https://t.co/cXuEYeo7Hk",0,0,0,0,0,nl
1798145211606163465,1798168481554464979,Wed Jun 05 01:42:29 +0000 2024,bhotix23,"@CeritanyaForFun @kompascom Duit taperanya besok"" cuman mampu kebeli tanah ukuran 2x1 doang!🤣",0,0,0,0,0,in
1798145211606163465,1798168385760772178,Wed Jun 05 01:42:06 +0000 2024,banyakblabur,"@jankerzone @kompascom Jangan dijual semua papres....
Sisain juga buat bangun Tapera...",1,0,0,0,0,in
1798145211606163465,1798168012014637514,Wed Jun 05 01:40:37 +0000 2024,bhotix23,"@kompascom Lah kalo trus naek tapera bijimana pak??
Bisa"" duit tapera cuman bisa kebeli tanah 2x1 doank dong pak..🤣🤣🤣🤣",0,0,0,0,0,in
1798145211606163465,1798167900832038959,Wed Jun 05 01:40:10 +0000 2024,babyborn98,"@kompascom Kalo IKN prospectnya bagus, ga mungkin sampe presiden turun tangan jadi marketing properti, diketawain investor lu.",3,0,0,0,0,in
1798145211606163465,1798167828341911990,Wed Jun 05 01:39:53 +0000 2024,bayusetiawwan,@kompascom Kayak mba @FeniRose_ aja ini pakde 🤣🤣,0,0,0,0,0,in
1798145211606163465,1798167775028158940,Wed Jun 05 01:39:40 +0000 2024,MuhammadDjazul1,@kompascom Bangun kota untuk pemerintahan bukan kota bisnis. Pantas ga laku.,1,0,0,0,0,in
1798145211606163465,1798167663199596679,Wed Jun 05 01:39:13 +0000 2024,Ondoafi4,"@kompascom investor seperti ragu, khawatir, cemas.. mrka paham bhwa joko ini penuh tipu daya.. kelicikannya nyundul langit. investasi yg sangat beresiko tinggi

bagi penjilat dan parasit lainnya.. si joko ini adalah asuu yg baik hati nan budiman",2,0,0,0,0,in
1798145211606163465,1798167434861683042,Wed Jun 05 01:38:19 +0000 2024,kevinarigic,"@Oey121 @kompascom Yo ndak (mau) tau, kan dikit lagi saya udahan main presiden presidenan nya",0,0,0,0,0,in
1798145211606163465,1798167331853701367,Wed Jun 05 01:37:54 +0000 2024,gorengpatut84,@kompascom presiden ato makelar tanah ya??,0,0,0,0,0,in
1798145211606163465,1798167232973038046,Wed Jun 05 01:37:31 +0000 2024,KANGKOMENJKT,"@kompascom sebetulnya kenapa sih ibukota harus pindah ?? jakarta akan tetap macet , jakarta akan tetep banjir , emang kalo ibukota pindah , macet nya ilang ??? wkwkwkwkwkwkwkw",4,0,1,0,0,in
1798145211606163465,1798167166493278390,Wed Jun 05 01:37:15 +0000 2024,baqiebaka,@kompascom Gini ini yang bikin TAPERA jadi scam. 10 tahun (walaupun bisa cair) tapi rumah ga kebeli 😃,0,0,0,0,0,in
1798145211606163465,1798167078333231606,Wed Jun 05 01:36:54 +0000 2024,sled27644589,@kompascom Makelar tanah,0,0,0,0,0,in
1798145211606163465,1798167048864010241,Wed Jun 05 01:36:47 +0000 2024,aruna_bayu,@kompascom Jadi salesman tanah sekarang...,0,0,0,0,0,in
1798145211606163465,1798166636245184989,Wed Jun 05 01:35:09 +0000 2024,ldwx1454,@5teV3n_Pe9eL @kompascom ketauan biangnya siapa. https://t.co/UCIQu4TJKT,2,0,1,0,0,in
1798145211606163465,1798166230584742119,Wed Jun 05 01:33:32 +0000 2024,dedenadnk,@kompascom Sales in house,0,0,0,0,0,en
1798145211606163465,1798165475152851372,Wed Jun 05 01:30:32 +0000 2024,AndyRizaldy,@kompascom kecap gak ada yang nomer 2.....,0,0,0,0,0,in
1798145211606163465,1798165333829894357,Wed Jun 05 01:29:58 +0000 2024,P3gEl,"@kompascom Ayo buruan beli, Senin harga naik🙂",57,1,6,0,0,in
1798145211606163465,1798165056158589189,Wed Jun 05 01:28:52 +0000 2024,tukangbotol,@kompascom Gentrifikasi 4.0,0,0,0,0,0,in
1798145211606163465,1798164965775540473,Wed Jun 05 01:28:30 +0000 2024,papanaya13,@kompascom Menjijikan,1,0,0,0,0,in
1798145211606163465,1798164618604642787,Wed Jun 05 01:27:08 +0000 2024,Amal81gmailcom1,@kompascom https://t.co/u2wQqho8Ie,0,0,0,0,0,qme
1798145211606163465,1798164503504523573,Wed Jun 05 01:26:40 +0000 2024,menza1,@kompascom Ha ha ha ha . . . . https://t.co/smmXJuwRSv,0,0,0,0,0,tl
1798145211606163465,1798163783661306260,Wed Jun 05 01:23:48 +0000 2024,icukprayogi,@kompascom Hoahm.... *Tarik selimut,0,0,0,0,0,in
1798145211606163465,1798163615536779369,Wed Jun 05 01:23:08 +0000 2024,abang85652543,"@kompascom Terlanjur basah,ya udah skalian jd makelar..makelarin anak,mantu,sodara, kroni orba hgg negara dlm keadaan terpuruk dan byk utang",0,0,0,0,0,in
1798145211606163465,1798162796171194538,Wed Jun 05 01:19:53 +0000 2024,ArsipMedia,"@kompascom Goreng terus, semangat Pak. Biar nambah investor nya 😁 https://t.co/wLjv7kbeuI",3,0,0,0,0,in
1798145211606163465,1798162698557157521,Wed Jun 05 01:19:30 +0000 2024,Syaifud54254804,"@kompascom Mantappp satu satu di dunia yang bisa mengatur naik turunnya harga tanah hanya presiden Indonesia,, tp giliran harga beras dan BBM di tanya dia hanya bisa jawab KOK TANYA SAYA,,,, hancurrrr hancueeerrrrrr,, hayo hamba PROJO rApatkan barusan Tuhanmu telah menurunakan titah",2,0,0,0,0,in
1798145211606163465,1798161158668743134,Wed Jun 05 01:13:23 +0000 2024,kopiwungkul,@kompascom Kebeli pake tapera ga pak?,0,0,0,0,0,in
1798145211606163465,1798159880668520644,Wed Jun 05 01:08:18 +0000 2024,JakaGolook71,"@ronnyw_jaya @kompascom Yg dari Cina, Korea, Jepang , Singapur, keknya cocok tuh... Klo ada.",0,0,1,0,0,in
1798145211606163465,1798159578687062261,Wed Jun 05 01:07:06 +0000 2024,ondarnis07,@kompascom 🤣🤣🤣🤣,0,0,0,0,0,qme
1798145211606163465,1798159410868650115,Wed Jun 05 01:06:26 +0000 2024,muroda95,"@kompascom Promosi terus ga laku ya wi jualan proyek IKN nya dgn investor ? 
Ibu kota negara kok di tawar-tawarakan kayak ga ada harga dirinya ini bangsa Indonesia",0,0,0,0,0,in
1798145211606163465,1798159341763363212,Wed Jun 05 01:06:09 +0000 2024,yagus83,@kompascom Tukang palak &amp; tukang tipu,1,0,0,0,0,in
1798145211606163465,1798158639418708256,Wed Jun 05 01:03:22 +0000 2024,anakodok2009,@ArenarIsmyname @SenoIttalk @kompascom Krak krak krak krak,0,0,0,0,0,tr
1798145211606163465,1798158469159399497,Wed Jun 05 01:02:41 +0000 2024,sulaimanariefst,@kompascom Kek iklan podomoro group aja bang,0,0,0,0,0,in
1798145211606163465,1798158399395528885,Wed Jun 05 01:02:25 +0000 2024,Blue_oceanan,@kompascom Ini tujuan mau pindahkan ibu kota atau jualan properti sih,0,0,0,0,0,in
1798145211606163465,1798158340457136164,Wed Jun 05 01:02:11 +0000 2024,nandar5758,"@kompascom lg digorwng terus nih, faktanya masyarakat setempat tdk mendptkan byk manfaat, yg diperhatikan pendidikan sekitar aja dl dan peningkatan ekonomi, lah kebutuhan hidup std aja tinggi banget harga2nya dibanding kota jawa",0,0,0,0,0,in
1798145211606163465,1798158274061337030,Wed Jun 05 01:01:55 +0000 2024,lenny1_rose,@kompascom buat para penjilat dan pendukung silahkan tinggal di IKN bersama keluarga ini👇 https://t.co/nZW6V6v7Uy,0,0,0,0,0,in
1798145211606163465,1798158248807464981,Wed Jun 05 01:01:49 +0000 2024,yulianto_fredi,"@kompascom Jadi inget Feni rose jualan rumah. 
Senen harga naik",4,0,0,0,0,in
1798145211606163465,1798157867922686192,Wed Jun 05 01:00:18 +0000 2024,Msutarjo1897,@kompascom Presiden rasa sales 😀😀,0,0,0,0,0,es
1798145211606163465,1798157582798037205,Wed Jun 05 00:59:10 +0000 2024,1hsan,@kompascom Segitunya Pak....😅😅😅,0,0,0,0,0,in
1798145211606163465,1798157409397129715,Wed Jun 05 00:58:29 +0000 2024,adittyajulmi,@kompascom Bodo amat😂,0,0,0,0,0,in
1798145211606163465,1798157073286627508,Wed Jun 05 00:57:09 +0000 2024,ariftnugroho,@kompascom Wkwkwk udh kyk apaan aja.,0,0,0,0,0,in
1798145211606163465,1798157058329751799,Wed Jun 05 00:57:05 +0000 2024,adarhitect,@kompascom Iming-iming harga tanah naik. Untuk memacu investor. Kapan rakyat jelata bisa punya rumah jika pendekatannya tanah adalah komoditi? Yang dikejar itu kesuksesan pendanaan IKN. Artinya kesuksesan rezim. Persetan kesejahteraan rakyat secara merata.,0,0,0,0,0,in
1798145211606163465,1798156950640939300,Wed Jun 05 00:56:39 +0000 2024,kanjengGondoku1,@kompascom ibarat seorang PNS menjelang pensiun nekat bangun hotel bintang 5 dg modal hanya tanah warisan ya akhirnya cuma jadi kost kost an,0,0,0,0,0,in
1798145211606163465,1798156673426890861,Wed Jun 05 00:55:33 +0000 2024,ronnyw_jaya,@kompascom Apakah ada ciwi2 Rusia Ukraine Turkey Venezuela Belarusia disana ? Aku mau ah pindah.,1,0,2,0,0,in
1798145211606163465,1798156482229551125,Wed Jun 05 00:54:48 +0000 2024,janetez69,@kompascom Setelah lengser gak payu.. IKN proyek gagal total. Kepala nya aja pada kaburrr,1,0,0,0,0,in
1798145211606163465,1798156317930233973,Wed Jun 05 00:54:08 +0000 2024,PoliticIsBS,@jankerzone @kompascom Udah kayak RCTI (Rombongan Calo Tanah Indonesia),0,0,0,0,0,in
1798145211606163465,1798156155598086173,Wed Jun 05 00:53:30 +0000 2024,adejoon,"@kompascom Kelebihan jokowi emang gini, dihina2 mulu, dikata culun, planga plongo, tapi strategi politik dan kebijakannya sejauh ini winrate msh 99%, 1% nya buat pengesahan ruu perampasan aset yg dicuekin DPR dari tahun lalu",0,0,0,0,0,in
1798145211606163465,1798156093912404463,Wed Jun 05 00:53:15 +0000 2024,yana17030502,"@kompascom Diobral tanah, air , udara beserta isinya hubungi mas joko",0,0,0,0,0,in
1798145211606163465,1798155932855304297,Wed Jun 05 00:52:37 +0000 2024,Areredsg1,@kompascom Lah jualan tanah,0,0,0,0,0,in
1798145211606163465,1798155868900639029,Wed Jun 05 00:52:21 +0000 2024,tonysugiantono,"@kompascom mau dibalut pake ginmick apa juga , tuh gk bakalan laku !! , masalah nya bukan harga mau naik trus orang berebut beli !! , tapi orang gk percaya bakalan ada kelanjutan nya , entar Oktober jga jadi kota hantu !!! , jadi akuilah rencana ente AMBYAAR !!! 🤣😅😂 https://t.co/CtMiUUDHn3",6,0,0,0,0,in
1798145211606163465,1798155740659732669,Wed Jun 05 00:51:51 +0000 2024,anakodok2009,"@ArenarIsmyname @SenoIttalk @kompascom Ya lo beli sono tanahnya buruan, lo aje gk beli krak krak krak",0,0,1,0,0,in
1798145211606163465,1798155468986359994,Wed Jun 05 00:50:46 +0000 2024,AgungBasoeki,@kompascom Sudah mirip Sales Agung Sedayu pak @jokowi 🤣,0,0,0,0,0,in
1798145211606163465,1798155433909399814,Wed Jun 05 00:50:38 +0000 2024,IanP_12,"@kompascom Mencontohkan mark up harga tanah, tp ngotot bikin tapera. Mantap",1,0,0,0,0,in
1798145211606163465,1798155384349462891,Wed Jun 05 00:50:26 +0000 2024,thezulks,@Oey121 @kompascom cest a’ux pride.. ✊🏻,0,0,0,0,0,en
1798145211606163465,1798155253453668369,Wed Jun 05 00:49:55 +0000 2024,SunJonath,@kompascom Marketing title S-teler,0,0,0,0,0,en
1798145211606163465,1798155109467295984,Wed Jun 05 00:49:20 +0000 2024,Pecel_Lele5678,@kompascom Tanah hasil rampokan rakyat dijual mahal rejim begal. Udah kebal API NERAKA ya.,2,0,0,0,0,in
1798145211606163465,1798154697150525524,Wed Jun 05 00:47:42 +0000 2024,astost,@kompascom Mirip PIK,1,0,0,0,0,in
1798145211606163465,1798154559015321923,Wed Jun 05 00:47:09 +0000 2024,jankerzone,@kompascom My presidente mencontohkan praktik markup harga tanah gila2an yg jadi biang warganya susah cari rumah😔,243,41,7,0,0,in
1798145211606163465,1798154481370276312,Wed Jun 05 00:46:51 +0000 2024,smpn4alumn40409,@kompascom Kagak ngurus,0,0,0,0,0,in
1798145211606163465,1798154206299480297,Wed Jun 05 00:45:45 +0000 2024,arnsuasanaseger,@kompascom demand ga ada kok harga naik pak https://t.co/KyTvyWIwiJ,0,0,0,0,0,in
1798145211606163465,1798154191975981079,Wed Jun 05 00:45:42 +0000 2024,AlfaRez76789551,@kompascom Bodo amat pk gk tergiur sama sekali.,0,0,0,0,0,in
1798145211606163465,1798153493905277404,Wed Jun 05 00:42:55 +0000 2024,Imamsan98674902,@kompascom Koq masih sales mebel wae cara pemasarannya,1,0,0,0,0,in
1798145211606163465,1798153486145909102,Wed Jun 05 00:42:53 +0000 2024,DjonyRusman,@kompascom Hard selling,0,0,0,0,0,en
1798145211606163465,1798153180351803412,Wed Jun 05 00:41:40 +0000 2024,kukuh_irianto,@kompascom Harga tanah dibiarkan bergerak dgn pure bisnis tp habis itu dgn alasan ngeluh rakyat akan susah pny rumah krn harga rumah naik yg ujung2 keluarlah jurus tapera,9,0,0,0,0,in
1798145211606163465,1798153110847943067,Wed Jun 05 00:41:24 +0000 2024,mgppap,@kompascom Kaya gini mulu yg di andelin,0,0,0,0,0,in
1798145211606163465,1798152934817153224,Wed Jun 05 00:40:42 +0000 2024,abinenobanne,@kompascom Jualan tanah pak sekarang pak?,2,0,0,0,0,in
1798145211606163465,1798152427277017351,Wed Jun 05 00:38:41 +0000 2024,Balola72,"@kompascom Udah kaya sales Property .
Saking ga lakunya",1,0,0,0,0,in
1798145211606163465,1798152226831278371,Wed Jun 05 00:37:53 +0000 2024,DarneNyoman,"@kompascom Logika org waras ..
Ingat logika org waras ini ..
Kalo investor berminat investasi di IKN ,tak Mungkin Presiden Jd ""Sales"" tawarkan ""barang "" kemana mana bahkan sampai ke LN,
Artinya org3 dr berbagai kalangan meragukan Prospek&amp; keberlanjutan Proyek ambisius IKN kan??

Paham kan?? https://t.co/ceeNDO8TEH",15,7,1,0,0,in
1798145211606163465,1798152140168515935,Wed Jun 05 00:37:32 +0000 2024,deBUGsy,@kompascom Salesman,0,0,0,0,0,lv
1798145211606163465,1798151508875513967,Wed Jun 05 00:35:02 +0000 2024,rayen_farmasi,@kompascom @FeniRose_ punya saingan nih,0,0,0,0,0,in
1798145211606163465,1798151336208597168,Wed Jun 05 00:34:21 +0000 2024,Cuexbe2k,@kompascom udah laku brp meter pak?....,1,0,0,0,0,in
1798145211606163465,1798151253345837115,Wed Jun 05 00:34:01 +0000 2024,AgusRac99565746,@kompascom Mengemis pada para konglo... Miris!,1,0,0,0,0,in
1798145211606163465,1798150553064862007,Wed Jun 05 00:31:14 +0000 2024,_jamkecil,"@kompascom IKN yang sekarang lagi dibangun itu berarti kira2 kalau di jakarta sekarang medan merdeka dan sekitarnya, bayangin aja tanah sekitar situ dijual 400-800rb gak ada yang mau beli wkwkwkwkwk",1,0,0,0,0,in
1798145211606163465,1798150489739280752,Wed Jun 05 00:30:59 +0000 2024,celciusxyz,@kompascom @jokowi nih joko buat elu https://t.co/EK18d8dPkc,0,0,0,0,0,in
1798145211606163465,1798150445195821077,Wed Jun 05 00:30:48 +0000 2024,ansharullah_win,"@kompascom Berbagai cara dilakukan utk menarik minat investor nanam saham di IKN, tapi tak ada jg yang mau. Bahkan kepala otorita IKN mundur yg menimbulkan tanda tanya publik, ada apa sebenarnya dgn IKN.",0,0,0,0,0,in
1798145211606163465,1798150399549222984,Wed Jun 05 00:30:37 +0000 2024,Satritadi,"@kompascom Murah aja kagak ada yg beli apalagi mahal,mana ada investor mau bisnis di hutan...heu heu",2,0,0,0,0,in
1798145211606163465,1798150161094545463,Wed Jun 05 00:29:41 +0000 2024,IsmauAlim,"@kompascom Maaf saya mau menabung saja pak......

Blm invest dulu, lagi banyak kebutuhan.",0,0,0,0,0,in
1798145211606163465,1798149742859555023,Wed Jun 05 00:28:01 +0000 2024,SenoIttalk,@ArenarIsmyname @kompascom Udah ditransfer kah uang bulanan buat jajan,1,0,1,0,0,in
1798145211606163465,1798148628596584715,Wed Jun 05 00:23:35 +0000 2024,Oey121,"@kompascom Ya ampun jok 😂😂
Lu presiden, bicara lu gk lebih dr spanduk cluster di cisauk..",43,0,4,0,0,in
1798145211606163465,1798148578093019317,Wed Jun 05 00:23:23 +0000 2024,Puji_Original,@kompascom Sales?,0,0,0,0,0,es
1798145211606163465,1798148360932856008,Wed Jun 05 00:22:31 +0000 2024,BanggMi,@kompascom lah kok malah jadi sales,0,0,0,0,0,in
1798145211606163465,1798148250790420655,Wed Jun 05 00:22:05 +0000 2024,justb3n,@kompascom Sales,0,0,0,0,0,es
1798145211606163465,1798148116010713207,Wed Jun 05 00:21:33 +0000 2024,SenoIttalk,@kompascom Klo smpek mangkrak..ini akan jadi sejarah terhebat didunia.selain piramida,1,0,2,0,0,in
1798145211606163465,1798147934988714234,Wed Jun 05 00:20:50 +0000 2024,PribumiD,@kompascom Jadi ingat Veni Rose promosi perumahan : SENIN DEPAN HARGA NAIK😃😀😃,15,2,0,0,0,in
1798145211606163465,1798147748547703149,Wed Jun 05 00:20:05 +0000 2024,NDASHmuuu,@kompascom Bodo amat!! 🤣,0,0,0,0,0,in
1798145211606163465,1798147194593378550,Wed Jun 05 00:17:53 +0000 2024,machrilmachril1,"@kompascom Gak level lah Kalau cara begini, bikin Tambah males saja Investor.
Investor akan datang ke IKN nanti jika sudah lengkap semua.",1,0,0,0,0,in
1798145211606163465,1798147166600671361,Wed Jun 05 00:17:47 +0000 2024,Mas_Jhooe,@kompascom Siapa penikmatnya...?,0,0,0,0,0,in
1798145211606163465,1798145888885576049,Wed Jun 05 00:12:42 +0000 2024,Whyd801,@kompascom Selesai jadi Presiden jadi makelar tanah,0,0,0,0,0,in
1798145211606163465,1798145211606163465,Wed Jun 05 00:10:01 +0000 2024,kompascom,"Di hadapan para investor, Presiden Joko Widodo (Jokowi) menawarkan prospek Ibu Kota Nusantara (IKN) dengan mengacu pada kenaikan harga tanah yang terus berubah terus seiring pesatnya pembangunan infrastruktur.

Baca di https://t.co/Lncx5ZpxRi https://t.co/Wa64rnuzej",171,65,508,0,0,in
2058171132541354262,2058500466225590597,Sun May 24 10:48:50 +0000 2026,SarungLove,@tanyarlfes Proyek yang harusnya bisa buat jalan di Kalimantan biar bagus semua sama kereta biar ada kereta tol juga eh malah bikin kota hantu,3,0,0,0,0,in
2058171132541354262,2058415480587915657,Sun May 24 05:11:08 +0000 2026,mahlukstghwaras,"@papalapaya @tanyarlfes Tapi daerah ikn itu bukan hutan loh, itu hutan industri",3,0,1,0,0,in
2058171132541354262,2058404430945665091,Sun May 24 04:27:14 +0000 2026,lynjess_lyn,"@Chareezee7 @Dwiermaofficial @tanyarlfes kalo misal dulu dri usulan dr bpk jokowi soal giant sea wall ga di tolak rakyat DKI, mungkin ibu kota tetap di jakarta kak, kalo mau mencegah jga butuh waktu lama kan sementara itu sekarang tanah jkt bisa turun 10cm-20cm/tahun,sebentar lgi jga thn 2030, CMIIW https://t.co/Dinj3rnQUn",2,0,0,0,0,in
2058171132541354262,2058391453144096939,Sun May 24 03:35:40 +0000 2026,Chareezee7,"@lynjess_lyn @Dwiermaofficial @tanyarlfes jakarta itu bukan berarti pasti tenggalam besok kak, jakarta masih bisa di cegah. kemarin putusan mk aja ibu kota ttp di jkrta, dan ikn ini malah ngabisin anggaran menurutku. klo anggaran di alokasikan pencegahan jkrta menurutku lebih baik.",3,0,1,0,0,in
2058171132541354262,2058333249152160110,Sat May 23 23:44:23 +0000 2026,Ramdayanti5256,"@tanyarlfes gak jadi ibukota wkwk, puas dah prediksi gw jadi kenyataan🤣",2,0,0,0,0,in
2058171132541354262,2058331401674768801,Sat May 23 23:37:02 +0000 2026,aanniinnd,"@Dwiermaofficial @tanyarlfes Kl hambalang mangkraknya keliatan bgt sih, gedungnya beneran cm jd cor2an aja.

Kl IKN udah keliatan ada bangunan jadi.

Cm kl liat grand design nya, masih jauuuuhh...
Dari 400an T, kan baru 90an T yg kepake.

Sisanya dr investor. Tp gak dapet2. 🤣🤣🤣",6,0,1,0,0,in
2058171132541354262,2058323695987531816,Sat May 23 23:06:25 +0000 2026,Misuta_kuroashi,"@holoidlovers @Dwiermaofficial @tanyarlfes Dude
Dari jaman sekolah pun yang dinotice guru pas ujian kan jawaban yang salah
Karena itu yang perlu diperbaiki

Apalagi skala besar seperti negara
Kebijakan baik emang seharusnya berjalan begitu, jadi tinggal ngurusin yang ga baik lainnya",3,0,1,0,0,in
2058171132541354262,2058249096599876026,Sat May 23 18:09:59 +0000 2026,iyaiyainajalahy,@vvenuzs @tanyarlfes Menetap disana kah kak? ._.,0,0,1,0,0,in
2058171132541354262,2058244673303646297,Sat May 23 17:52:25 +0000 2026,iyaiyainajalahy,@tanyarlfes Masih ada orang yang tinggal disana ga sih? Katanya mau jadi ibu kota 🙃🫪,0,0,2,0,0,in
2058171132541354262,2058241026985476343,Sat May 23 17:37:55 +0000 2026,annisarm23,"@tanyarlfes Siang: Desember
Malam: April
Aku perhatikan masih ada wara wiri proyek, ada event kuliner malam juga skrg. ni cuma selisih 4 bulan kesananya karna mau ke masjid ikn dan jembatan kaca yg baru dibuka https://t.co/yleUJIWvSo",13,0,1,0,0,in
2058171132541354262,2058238958619005106,Sat May 23 17:29:42 +0000 2026,PuputTrisnawat7,"@tanyarlfes Terakhir lewat IKN bulan februari, proses pembangunannya masih berlanjut . Tapi seperlihatan ku waktu itu yang lewat sana jam 9 pagi sumpah sepi banget . Pekerjanya dikit banget , mereka naik mobil bak gt waktu berangkat terus masih banyak bangunan yang belum selesai . Mangkrak",3,0,2,0,0,in
2058171132541354262,2058225902623105530,Sat May 23 16:37:49 +0000 2026,kimmyexp,@tanyarlfes jadi gudang spx katanya,721,14,24,0,0,in
2058171132541354262,2058222985518199086,Sat May 23 16:26:14 +0000 2026,Bttrflypiink,@tanyarlfes triliunan kl mangkrak gini buat apa?,2,0,0,0,0,in
2058171132541354262,2058222324030300564,Sat May 23 16:23:36 +0000 2026,lynjess_lyn,"@Dwiermaofficial @tanyarlfes IKN udh di sahkan? masi tahap pembangunan kan? soalnya kalo menurut ku sendiri ya IKN bagus, semisal ibu kota tetap di jakarta ngga tau ya brp thn kedepannya pasti tengelam apalagi tanggul nya bocor"", dulu waktu smp gw pernah di ajarin ips guru ku bilang kalo tanah jkt 1 hari -",15,0,7,0,0,in
2058171132541354262,2058221646557938110,Sat May 23 16:20:55 +0000 2026,sweetyyypiieee,"@jakerajajowas @tanyarlfes mereka emang bantuin umkm banget kok kak, dan pasar pasar di tata agar rapi. tapi karena mereka bangun gedung terus itu, dimana mana proyek dan lahan hutan pada gundul",6,0,0,0,0,in
2058171132541354262,2058209128083021965,Sat May 23 15:31:10 +0000 2026,tysperm,"@tanyarlfes Awal th ini baru kesana, rame kaya tempat wisata sih
Bersih dan tertata
Tapi yaa, menuju kesananya harus melewati hutan2
Kalo malem ya ga da lampu tuh hutan 
Jalannya kaya perbukitan gunung kidul gitu lah
Kurang ajar emang yg ngide tuh",118,0,3,0,0,in
2058171132541354262,2058204200295879165,Sat May 23 15:11:35 +0000 2026,soonbanyakduit,"@tanyarlfes Ga tau deh, kalau akhirnya gini biaya2 yang keluar buat ngebangun IKN = merugikan negara ga sih?

Padahal duitnya bisa buat perbaikin banyak sekolah, ngegaji guru dan nakes daerah lebih layak, banyak ketimbang proyek ga jelas gini 😮‍💨",2,0,0,0,0,in
2058171132541354262,2058200877706719660,Sat May 23 14:58:23 +0000 2026,sweetyyypiieee,"@JijizReyy @tanyarlfes di daerah pusat ikn nya kah? kalo dipusat itu pure isinya gedung gedung gede gitu sih kak, kalo sekitaran nya baru ada rumah warga",3,0,1,0,0,in
2058171132541354262,2058200544280469735,Sat May 23 14:57:03 +0000 2026,ice_tea05,@tanyarlfes Kenapa sihh sukanya buang-buang duit aja heran https://t.co/l8CRsIHFMH,28,0,0,0,0,in
2058171132541354262,2058199381506150674,Sat May 23 14:52:26 +0000 2026,crystlinblue,"@tanyarlfes It's not even ibu kota negara anymore. This place should be called proyek mangkrak or proyek gagal. 
Pembangunan di stop karna semua dana fokus untuk ngasih makanan 'bergizi' untuk anak sekolah.",2,0,0,0,0,in
2058171132541354262,2058197179463049658,Sat May 23 14:43:41 +0000 2026,Rahmat_dudud,@Dwiermaofficial @tanyarlfes Kalau udh makan 400t mah udh mapan atuh kotanya😏 skrng pembangunan baru 100+T,2,0,1,0,0,in
2058171132541354262,2058196518629445769,Sat May 23 14:41:04 +0000 2026,lastcermin,@tanyarlfes Sampe sekarang penggagas nya masih santai di rumah padahal udah buang-buang anggaran,7,0,0,0,0,in
2058171132541354262,2058192912849256581,Sat May 23 14:26:44 +0000 2026,yfs199,@tanyarlfes Jadi sarang 👻 ibu kota tetep jakarta biar kata katanya jakarta mau tenggelam jg tetep jakarta pokoknya,2,0,0,0,0,in
2058171132541354262,2058190637368008711,Sat May 23 14:17:41 +0000 2026,sweetyyypiieee,"@tanyarlfes sebagai orang yg dari lahir udah di sekitaran ikn (sekarang). ada pembangunan trus kak, dimana mana perbaikan",4,0,2,0,0,in
2058171132541354262,2058189921496736167,Sat May 23 14:14:51 +0000 2026,farhm_,"@tanyarlfes dibiarkan aja paling.
soalnya proyek ini gak dianggap merugikan negara. jadi bakal aman nyaman tentram semuanya.",1,0,0,0,0,in
2058171132541354262,2058189553572463022,Sat May 23 14:13:23 +0000 2026,namasayakai,@tanyarlfes Proyek ratusan triliun yg awalnya digadang2 jadi pusat masa depan sekarang malah kayak candi ambisi politik doang,2,0,0,0,0,in
2058171132541354262,2058187877218242979,Sat May 23 14:06:43 +0000 2026,ykbh_,"@tanyarlfes Mangkrak, kabarnya buruk soalnya ibu kota tetep Jakarta.",3,0,0,0,0,in
2058171132541354262,2058187857026777580,Sat May 23 14:06:39 +0000 2026,melonpea01,"@tanyarlfes Memindahkan ibu kota tuh ga segampang kita pindah rumah, wacana ini pun sdh ada dri presiden pertama, bpk ir. Soekarno. Tpi saat presiden jokowi trlalu dipaksakan tanpa pertimbangn yg matang, Makanya sampai saat ini status ibukota msih di jakarta.",7,0,0,0,0,in
2058171132541354262,2058186342522302564,Sat May 23 14:00:37 +0000 2026,maggiehere_,"@tanyarlfes IKN udah bagus bgt bjierrr, udh kayak objek wisataa😭",3,0,0,0,0,in
2058171132541354262,2058184063773733061,Sat May 23 13:51:34 +0000 2026,adit_yarii,"@tanyarlfes Mau buat camp glamping gitu disana, gua bingung kok malah jdi tmpt wisata",2,0,0,0,0,in
2058171132541354262,2058179757708300782,Sat May 23 13:34:28 +0000 2026,sinrmsaid,"@tanyarlfes klo pun selesai jg buat apa, ibu kota tetep di jakarta kok, ikn ide tolol",5,0,0,0,0,in
2058171132541354262,2058179584219283592,Sat May 23 13:33:46 +0000 2026,syahsyaraf,"@tanyarlfes Kata rekan gue sih yang kesana masih pembangunan (ada bbrp yang belum dibangun, ntah bakal dibangun atau engga) tapi orang kesana pada ngapain? Wisata. Iya jadi kayak tempat wisata aja wkwkwk",4,0,0,0,0,in
2058171132541354262,2058178646603596044,Sat May 23 13:30:03 +0000 2026,d43g4l,"@tanyarlfes yahaha MK udh nolak perpindahan ibukota ke IKN, Satu-satunya kejelasan cmn dri Peraturan presiden yg kejelasan nya ga ada.",2,0,0,0,0,in
2058171132541354262,2058178505628889200,Sat May 23 13:29:29 +0000 2026,ChristyCharts,@tanyarlfes bukannya ini udah ada aturan khusus gitu ya buat dilanjutin dan bakal fix ibu kota pindah disini? makanya kemaren sempet dipertanyakan kan gmn nasibnya kalo j word udah ga jadi presiden. tapi ngeliat p word juga kyk yaudah gt padahal ada g word yg jadi wapres,17,0,0,0,0,in
2058171132541354262,2058177759562928436,Sat May 23 13:26:31 +0000 2026,hpblackdoff,"@tanyarlfes Ibukota tetep di jakarta nder, kenapa anggaran segede itu ga dipake buat kesehatan pendidikan aja yaa, jangan sampe uangg sendiri salah prioritas yaa https://t.co/z1yse5cmQu",104,8,3,0,0,in
2058171132541354262,2058177502351409318,Sat May 23 13:25:30 +0000 2026,shavyre,@tanyarlfes Bentar lagi mungkin jadi wahana rumah hantu terbesar,2,0,0,0,0,in
2058171132541354262,2058177408059289855,Sat May 23 13:25:07 +0000 2026,AHGALAIK,@tanyarlfes kan udah fix nder ibu kota ttp jkt iknnya jadi kota mati keknya,20,0,0,0,0,in
2058171132541354262,2058177286588002688,Sat May 23 13:24:38 +0000 2026,seerafinaaa,"@obosh @tanyarlfes Nanti habis dibongkar, dijadiin sekolahan. Terus ntar anak sekolahannya pada ngomong ""dulu tanah ini bekas kuburan/RS""",2,0,0,0,0,in
2058171132541354262,2058177090823069710,Sat May 23 13:23:52 +0000 2026,pjmluv___,@tanyarlfes udah jd legenda doang nder,2,0,0,0,0,in
2058171132541354262,2058176272308765035,Sat May 23 13:20:37 +0000 2026,Halofikri_,@tanyarlfes next candi hambalang,2,0,0,0,0,in
2058171132541354262,2058175766630936804,Sat May 23 13:18:36 +0000 2026,flowermoonesty,@tanyarlfes Aku deket sih tapi gak pernah nengokin,26,0,0,0,0,in
2058171132541354262,2058173588688290124,Sat May 23 13:09:57 +0000 2026,kcckkans,@tanyarlfes Gak pernah baca maknya bnykan liat tiktod,2,0,0,0,0,in
2058171132541354262,2058173361130480012,Sat May 23 13:09:02 +0000 2026,AfaElsha,@tanyarlfes Kayaknya jadi tempat pembuangan jin deh,2,0,0,0,0,in
2058171132541354262,2058173105378672977,Sat May 23 13:08:01 +0000 2026,RLive1665,@tanyarlfes Jokowi: https://t.co/x7TD6BSQ1j,2,0,0,0,0,in
2058171132541354262,2058172827749220683,Sat May 23 13:06:55 +0000 2026,obosh,"@tanyarlfes katanya mo dibongkar aja kak. bekasnya mo dikiloin ajah. btw, banyak kontraktor/supplier yg belom dibayar. entah gimana nasibnya nanti.",118,0,4,0,0,in
2058171132541354262,2058172096547885151,Sat May 23 13:04:01 +0000 2026,huwaaahun72614,@tanyarlfes Kabarnya lagi g baik² aja,2,0,0,0,0,in
2058171132541354262,2058171132541354262,Sat May 23 13:00:11 +0000 2026,tanyarlfes,💚 btw IKN apa kabar njir? udah lama gak dengar kondisinya sekarang gimana. pembangunan IKN udah selesai tah? https://t.co/oADUa4SlMQ,3484,78,208,0,0,in
2054218459266027642,2055129506487394597,Fri May 15 03:33:51 +0000 2026,maudears,"@Jakartalk Buzzer Anies kalo baca putusan yg lengkap. MK itu menolak gugatan terhadap UU IKN, dan justru karena menolak, maka UU IKN makin kuat. Putusan MK: Jakarta tetap sbg ibukota, sampai ada keppres yg mengatur IKN sbg ibukota. Jadi ketika presiden bikin keppres, ikn sah jadi ibukota.",2,0,0,0,0,in
2054218459266027642,2054985153949380755,Thu May 14 18:00:15 +0000 2026,m_wealthy95,"@Jakartalk Entah apa yg ada di kepala orang-orang yang menjadi inisiator, yang menyetujui, dan yang menyepakati serta memutuskan untuk memindahkan ibu kota negara ke IKN. 

Jika ini tidak jadi, maka sia-sia kemarin uang dianggarkan untuk membangun IKN. Padahal duitnya bisa bangun hal lain",2,0,0,0,0,in
2054218459266027642,2054824834136514635,Thu May 14 07:23:11 +0000 2026,guesswho1333,@salmontriyaki @Jakartalk Even jakarta aja kalo boleh jujur masih jelek banget buat standard ibu kota 🤣🤣🤣🤣,3,0,0,0,0,in
2054218459266027642,2054813731838914656,Thu May 14 06:39:04 +0000 2026,rano_budi,@Jakartalk https://t.co/MI7vrlqDJp,2,0,0,0,0,qme
2054218459266027642,2054809362884096139,Thu May 14 06:21:43 +0000 2026,salmontriyaki,@guesswho1333 @Jakartalk Ketimpangan infrastruktur dsb di kota lain aja masi kurang ini malah buat ikn🤣,5,0,1,0,0,in
2054218459266027642,2054783263558992112,Thu May 14 04:38:00 +0000 2026,muonsleil,@bumbelbi1999 @Jakartalk @GunawanAryaPutr sedih bgt dah bacanya,3,0,0,0,0,in
2054218459266027642,2054778666052448589,Thu May 14 04:19:44 +0000 2026,Maverick_6666,"@Jakartalk Gw pikir org Jakarta itu pinter semua. Ternyata ada jg yg otak sengklek macam elu. Keputusan MK tidak membatalkan proses pembangunan IKN, IKN jalan terus, sampai Kepres pemindahan Ibu kota diteken…
Wkwkwkwkwk Goblog! https://t.co/28EVYIEuqN",2,0,0,0,0,in
2054218459266027642,2054650181497622947,Wed May 13 19:49:11 +0000 2026,d3N1_4,"@Jakartalk Gugatan Ditolak artinya UU IKN Menang. 
MK ""Menolak Gugatan Pemohon"", artinya isi UU IKN 100% benar &amp; gk ada yg diubah.
Saat IKN siap (target 3 thn), Jakarta bkn lg sbg ibukota Indonesia.
Klompok yg bersorak seolah IKN batal justru sdg rayakan kekalahan argumen mrka sendiri. 😆",2,0,0,0,0,in
2054218459266027642,2054600959616311607,Wed May 13 16:33:36 +0000 2026,Cryptocius,"@Jakartalk Gak gitu konsepnya. Tadi gw sempat baca, ternyata putusan itu berarti :
Selama belum terbitnya Keppres tentang IKN jadi Ibukota negara, maka Jakarta tetap menjadi Ibukota.
Jadi IKN harus selesai dulu semuanya sampai siap menjadi Ibukota.
Kemarin kan ada dualisme yang bikin kacau.",5,0,0,0,0,in
2054218459266027642,2054582812888711671,Wed May 13 15:21:29 +0000 2026,hendikhermanto,"@Jakartalk Centang biru tapi literasi rendah, baca berita tidak utuh, dituduh buzzer tidak terima.. 👎 https://t.co/OK22tP83Aj",3,0,0,0,0,in
2054218459266027642,2054575947375149517,Wed May 13 14:54:12 +0000 2026,beritadakwahku,"@Jakartalk Kemarin itu ngotot IKN itu ngapain? Foya-foya pakai duit rakyat? Bikin utang negara makin meroket? Kok ada ngatur negara kek begini Ya Alloh... 
https://t.co/uNVJiAoXtR",3,1,1,0,0,in
2054218459266027642,2054569883237822864,Wed May 13 14:30:06 +0000 2026,damarandiii,"@bumbelbi1999 @Jakartalk @GunawanAryaPutr Sejak ada embege kebanggaan lord wowox,  semua program lord Wiwi (IKN, whoosh, dll) berasa kecil dan ga ada apa2nya",19,0,0,0,0,in
2054218459266027642,2054568901049290902,Wed May 13 14:26:12 +0000 2026,zaaenaall,@Jakartalk kontol @jokowi,3,0,0,0,0,in
2054218459266027642,2054560247147352553,Wed May 13 13:51:49 +0000 2026,Pandurhmttllh,@bumbelbi1999 @Jakartalk @GunawanAryaPutr masih gk ada apa2nya dihadapan MBG,6,0,0,0,0,in
2054218459266027642,2054557841101574630,Wed May 13 13:42:15 +0000 2026,anisltva,"@Jakartalk Bodoh, baca isi putusan aja ga becus, nyebar hoax akun ga guna, follower juga tolol langsung percaya aja",5,0,0,0,0,in
2054218459266027642,2054546707099312261,Wed May 13 12:58:01 +0000 2026,clinophileeyy,"@BukanKaumMuna @guesswho1333 @Jakartalk kota di indonesia yg udah sumpek dan banyak gedung tingginya itu cuma sedikit, kota lainnya masih banyak yg belum semaju itu namun tetap potensial untuk dimajukan menjadi ibukota negara",3,0,0,0,0,in
2054218459266027642,2054544912478318830,Wed May 13 12:50:53 +0000 2026,wr_qum,@kafkahi8 @aoi_ookami11 @wonjwox @Jakartalk Bukan orang luar yg ngotot tapi termul2 yg ngotot,2,0,0,0,0,in
2054218459266027642,2054524017479131535,Wed May 13 11:27:51 +0000 2026,Zeinelarham,"@Jakartalk Berawal dari Hasad pada Anies, maka dibangunlah IKN.
trus Hasad dibumbuin korupsi Proyek IKN tentunya, buat nambah pundi² kekayaan pejabat yang berkuasa semasa IKN",2,0,0,0,0,in
2054218459266027642,2054507901025403100,Wed May 13 10:23:49 +0000 2026,NsarHaq,"@Jakartalk Kalau mimin ada waktu dan uang, cobalah jalan ke IKN. 
Kamu akan merasakan kota yang berbeda. 
Keren dan tertata rapih. 
Dibangun pakai uang rakyat didesain oleh anak bangsa sayang banget kalau hanya karena kepentingan politik jadi gak difungsikan maksimal",2,0,1,0,0,in
2054218459266027642,2054478524195672129,Wed May 13 08:27:05 +0000 2026,odygiribibil,"@fitsa_ranger @Jakartalk Bener, kayanya semua pemerintah udh jadi 1 kubu semua koruptor",2,0,0,0,0,in
2054218459266027642,2054476192695341247,Wed May 13 08:17:49 +0000 2026,asn_1412,"@Jakartalk Cuma setara 7 bulan mbg.
Mbg udah berjalan 1 tahun lebih. Udah bisa bikin 2 ikn berarti. https://t.co/8FPgEV5Qpn",7,0,0,0,0,in
2054218459266027642,2054475887404544311,Wed May 13 08:16:36 +0000 2026,shintaeffendi,"@Jakartalk Ya memang di pasal 39 pemindahan status ibu kota menunggu keppres. 😅
https://t.co/xyohgx6ba3 https://t.co/6uJKxIkd96",9,2,0,0,0,in
2054218459266027642,2054475611222294761,Wed May 13 08:15:30 +0000 2026,masmadsun63908,@p_o_berubah @Jakartalk Satu tahun kalender 2028 kan bisa Januari bisa Desember ☺️ Lagian gedung legislatif dan yudikatif being built now.,2,0,1,0,0,in
2054218459266027642,2054475334792425531,Wed May 13 08:14:24 +0000 2026,Denyap13Pratama,"@Jakartalk Klo ada yg bertanya ikn, tanyakan ke mereka para artis influencer ikn https://t.co/MAYqi9IGjD",3,0,1,0,0,in
2054218459266027642,2054470932513882282,Wed May 13 07:56:55 +0000 2026,dutcheastindo,"@Kirin_id_ @aoi_ookami11 @Jakartalk Dijadiin penangkaran primata terbesar di dunia aja buat nampung orangutan, lutung dan owa-owa yg habitatnya hancur dirusak wowo",3,0,1,0,0,in
2054218459266027642,2054461463360872912,Wed May 13 07:19:17 +0000 2026,w111s1n_,"@LahUdahan @aoi_ookami11 @de_kinemon @Jakartalk Betul, dipakai yg bisa dipakai saja. 
Tapi dimaksimalkan.",5,0,1,0,0,in
2054218459266027642,2054458671611150516,Wed May 13 07:08:11 +0000 2026,LahUdahan,"@w111s1n_ @aoi_ookami11 @de_kinemon @Jakartalk Untuk kondisi sekarang sudah dihentikan saja
Dipakai yg bs dipakai toh ujung ujungnya kan kota hantu dan emg dr awal salah perencanaan
Mending buat pembangunan lainnya, pendidikan, kesrhatan, sosial, etc",7,0,1,0,0,in
2054218459266027642,2054433881387147585,Wed May 13 05:29:41 +0000 2026,masryana1791395,"@Yens0906 @aoi_ookami11 @Jakartalk pernah ke Sepaku tahun 96an lewat Waru,ada teman yang punya PT bergerak ditransportasi darat,dia punya armada truk warna hijau 10-12 unit...",2,0,0,0,0,in
2054218459266027642,2054433058745725430,Wed May 13 05:26:25 +0000 2026,rosandi_irwan,@keadilanmyass @cesar1st @aoi_ookami11 @Jakartalk Terpantau sdh 6jam blm ada jawaban,2,0,0,0,0,in
2054218459266027642,2054431928539877702,Wed May 13 05:21:55 +0000 2026,Dihandri1,@Jakartalk https://t.co/sRXLWjNAPA,9,2,2,0,0,qme
2054218459266027642,2054429113587482854,Wed May 13 05:10:44 +0000 2026,MediaZerg,"@Jakartalk Hanya Dewa Solo yg bisa pindahkan Jakarta. 😷

 Maksudnya, bisa menyuruh Wowo untuk tandatangan Keppres Pemindahan Ibukota.

Barulah bisa pindah 🤣
Kata @prabowo suka suka ikke

https://t.co/Ak9XPm3s0X",2,1,0,0,0,in
2054218459266027642,2054425193679143194,Wed May 13 04:55:10 +0000 2026,ddaiifuku,@Jakartalk Emg ini negara hobinya cuma enghambur hamburkan duit negara buat kepuasan ego petinggi dan elit aja. Proyek mangkrak skala nasional ini wkwkwk cocok jdi rumah kuyang dan para dedemit kalimantan,9,4,0,0,0,in
2054218459266027642,2054423584349856089,Wed May 13 04:48:46 +0000 2026,buruhidol,@kiqi01 @Jakartalk Hiatus dulu bang masih ganti kulit nanti road shownya dilanjut Juni nanti https://t.co/cwZK49U58P,15,0,1,0,0,in
2054218459266027642,2054422096303075501,Wed May 13 04:42:51 +0000 2026,aoi_ookami11,"@w111s1n_ @de_kinemon @Jakartalk Balik lagi, proyeksinya IKN itu 2 juta jiwa penduduk, dengan kondisi sekarang rasanya gak cukup luas buat nampung 2 jt jiwa. Otomatis bakal buka lahan lagi. Berkembang pun harus selaras, secara manfaat pun gak bisa optimal kalau cakupannya cuma itu2 saja.",29,1,1,0,0,in
2054218459266027642,2054421208570192215,Wed May 13 04:39:20 +0000 2026,w111s1n_,@aoi_ookami11 @de_kinemon @Jakartalk Berkembang bukan dalam arti bertambah luas area. Berkembang = pemanfaatan yg sudah ada dengan semakin baik.,5,0,1,0,0,in
2054218459266027642,2054417481541013547,Wed May 13 04:24:31 +0000 2026,aoi_ookami11,"@jumalikarto @Jakartalk Saat ini ya IKN masih proses pembangunan. Gak mungkin di stop karena sudah berjalan. Makanya gak tepat kalau dibilang mangkrak, lebih tepatnya gak ada urgensinya pembangunan IKN secepat itu.",10,0,0,0,0,in
2054218459266027642,2054417381905301965,Wed May 13 04:24:07 +0000 2026,KedaiGadgetDjb,"@wonjwox @aoi_ookami11 @Jakartalk Wapres sering mantau karna target nya 2026 dia kerjanya emang di IKN makanya sempat diisukan dia dibuang kesana, tp KL menurut Perpres sendiri 2028 baru aktif jadi Ibukota Politik, 2026 ini pemindahan bertahap dimulai",2,0,0,0,0,in
2054218459266027642,2054416990341853330,Wed May 13 04:22:34 +0000 2026,aoi_ookami11,"@Fajar_EpEp @Jakartalk Yups, gak mungkin el monokotil satu itu melepas bahan kampanye dia buat 2029.",6,1,1,0,0,in
2054218459266027642,2054416439914971156,Wed May 13 04:20:23 +0000 2026,aoi_ookami11,"@kafkahi8 @wonjwox @Jakartalk Masih segar dalam ingatan dulu banyak yg bilang kalau IKN bakal berdampak positif bagi Kalimantan Timur, kenyataannya gak seperti itu. Yg ada malah IKN berdiri sendiri, tidak terikat sama sekali Provinsi KalTim.",20,0,1,0,0,in
2054218459266027642,2054413923848491347,Wed May 13 04:10:23 +0000 2026,kafkahi8,"@popezcuu @Jakartalk Lu berpikir para pejabat beserta keluarganya yang hedon itu sudi dipindahtugaskan ke ""kota kecil""?",2,0,0,0,0,in
2054218459266027642,2054413613402841412,Wed May 13 04:09:09 +0000 2026,kafkahi8,"@aoi_ookami11 @wonjwox @Jakartalk Orang2 luar kok pada ngotot ya IKN bakal berguna. Kita yang satu provinsi aja ga ngerasain dampak apa2 kok, Trus ngarep punya dampak skala nasional 😪",18,0,3,0,0,in
2054218459266027642,2054410552542445730,Wed May 13 03:56:59 +0000 2026,masmadsun63908,"@asbackretack @Jakartalk Tanda²: 1200 pegawai otorita IKN sudah bekerja di sana, gedung legislatif dan yudikatif mulai dibangun, bandara mulai aktif, TNI Polri mulai membangun markas.",2,0,0,0,0,in
2054218459266027642,2054409164609495451,Wed May 13 03:51:28 +0000 2026,NJackson911,@Jakartalk OTW di hambalang kan nih. Karena merugikan negara. Uang rakyat jadi sia2. Apalagi kerugian negara di kasus hambalang 400an miliar aja dibanding IKN ini sudah makan APBN 75 trilliun 😭,2,0,1,0,0,in
2054218459266027642,2054406983437234248,Wed May 13 03:42:48 +0000 2026,orangharat,"@Jakartalk kemaren baru ada kegiatan di IKN. 
jalur darat menuju sana ngelewatin gunung kalau dr luar provinsi (Kal-Sel), kalau jalur udara ada pesawat, tp dr bandaranya ke IKN bisa 2-3 jam perjalanan darat.

Penginapan masih ada 3 setauku di dalam IKN sana. 

IKN saat ini memang masih terlihat seperti objek wisata, tp ku liat kemaren ada pegawai di kantor sana. Rusunnya sudah siap huni kelihatannya kalau dari luar.

di dalamnya masih ada pengerjaan yg terlihat cukup intens untuk pembangunan IKN-nya. 

dibilang mangkrak tp masih pembangunan juga, beberapa gedung sudah dipkai untuk kegiatan2.

yaaah begitulah.",2,0,0,0,0,in
2054218459266027642,2054406358821396866,Wed May 13 03:40:19 +0000 2026,aoi_ookami11,"@fidisini @de_kinemon @w111s1n_ @Jakartalk Tolnya sendiri, Tol Balikpapan-Samarinda udah 24 jam. Jalur ke IKN nya yg gak 24 jam karena belum 100% selesai.",11,0,2,0,0,in
2054218459266027642,2054404069331202244,Wed May 13 03:31:13 +0000 2026,fidisini,@aoi_ookami11 @de_kinemon @w111s1n_ @Jakartalk Alasan gak 24 jam kenapa tuhh?,3,0,1,0,0,in
2054218459266027642,2054401070999482835,Wed May 13 03:19:18 +0000 2026,guesswho1333,"@BukanKaumMuna @Jakartalk Transum masal g harus bawah tanah, ga harus juga gusur warga padahal se simple lu banyakin bis aja wqwq skrg kota2 indo aja masi banyak yt gapunya transport umum yg layak",17,0,0,0,0,in
2054218459266027642,2054401048534769797,Wed May 13 03:19:13 +0000 2026,ketrupuk,@Jakartalk KETAMBAHAN BERITA INI ALAH KAMPANG PUKIMAK SIAL JAHANAM UDAH MAH KESAYANGAN GUA KENA HUJAT TRUS UJIAN SOALNYA NYAWIT DAN LU LEWAT TL GUA???? DOLAR NOH PAN BELAS REBU BABI FAKKKKKKK TAI BANGET HARI INI ANJING,70,4,0,0,0,in
2054218459266027642,2054399408243093684,Wed May 13 03:12:42 +0000 2026,aoi_ookami11,@w111s1n_ @de_kinemon @Jakartalk Berkembang dengan cara pembukaan lahan secara masif? Gak dulu kayaknya kalau mesti ngorbanin hutan sekitar dalam prosesnya.,65,0,3,0,0,in
2054218459266027642,2054398953182146615,Wed May 13 03:10:53 +0000 2026,Hanifwildanwin,@bumbelbi1999 @Jakartalk @GunawanAryaPutr Baru mau ngomong gini,2,0,0,0,0,in
2054218459266027642,2054398492731462124,Wed May 13 03:09:04 +0000 2026,BukanKaumMuna,"@guesswho1333 @Jakartalk Masalahnya ibukota province lainnya juga sudah sumpek, penggusuran tanah warga akan memakan biaya besar. Transum massal bawah tanah pun akan sulit dibangun juga krn sudah banyak gedung"" tinggi disana. 

Yg paling benar mmg itu, cari lahan kosong yg luas. Kl bisa yg suhu dingin!!",4,0,2,0,0,in
2054218459266027642,2054397872188313649,Wed May 13 03:06:36 +0000 2026,w111s1n_,@aoi_ookami11 @de_kinemon @Jakartalk Kalau mau IKN hidup dan berkembang seharusnya dibuka 24 jam ya....,5,0,1,0,0,in
2054218459266027642,2054397719285059942,Wed May 13 03:05:59 +0000 2026,Tukangtamb64271,"@Jakartalk Lu kata, mindahin ibukota negara kaya pindah kontrakan ? Hellow, bangun kota, jg bisa sampe 10 thn, sabar woy, ada waktu nya bertahap, ga bisa kaya lu mo berak, mules langsung ke WC 🤦 puas2in aja dulu jakarta jd ibukota 🤣",1,0,1,0,0,in
2054218459266027642,2054396939173798340,Wed May 13 03:02:53 +0000 2026,eggcka,"@Jakartalk @aoi_ookami11 rapih kak cenderung bagus sekarang 2024 ke 2026 pesat banget, apalagi lewat semoi bisa wisata monyet. ada monyet  monyet di pinggir jalan free wisata wkwkw",6,0,0,0,0,in
2054218459266027642,2054395901645558249,Wed May 13 02:58:46 +0000 2026,1997_9kg,@Jakartalk saudaranya setan https://t.co/fjKjp2lrbz,9,0,1,0,0,in
2054218459266027642,2054395861493485575,Wed May 13 02:58:36 +0000 2026,hendrie_1985,"@Jakartalk Yah berarti udah resmi dong IKN jadi candi kesekian melebihi Hambalang, si kurus Mulyono memang perusak hanya mencari jadi diri saja, tanpa memikirkan nasib bangsanya, ditunggu nih kujungan pk SBY untuk menyindir balik si pria dajjal dari Oslo😏😏🤣😂",11,0,0,0,0,in
2054218459266027642,2054395242326163785,Wed May 13 02:56:09 +0000 2026,Gendoet3G,"@Jakartalk @qievo IKM, Ibu kota Mangkrak",5,0,0,0,0,in
2054218459266027642,2054395033978331582,Wed May 13 02:55:19 +0000 2026,AidiOrea24713,"@Jakartalk salah 1 ciri khas pejabat indo dr jaman apapun,
suka bikin program baru yang masif tanpa perencanaan jelas dan kepastian akan keberlanjutannya. Pokoknya mrk pingin menjadi pencetus, menjadi yang pertama dalam segala hal. G cmn d pemerintahan, tp d mana pun itu pasti gini.",3,0,0,0,0,in
2054218459266027642,2054394233285706211,Wed May 13 02:52:08 +0000 2026,febrikeys,@dipanggilarman @Jakartalk kalau itu orang gak blunder segitunya di akhir kayaknya gak bakalan segini nya orang orang ke dia tapi ya gitulah ya watak asli seseorang emang keliatan justru saat terakhir katanya,8,1,0,0,0,in
2054218459266027642,2054394135705162187,Wed May 13 02:51:45 +0000 2026,aoi_ookami11,"@Pawangmagang @Jakartalk Yo ndak tau, kok tanya saya 🤔",1,0,0,0,0,in
2054218459266027642,2054392847118500318,Wed May 13 02:46:38 +0000 2026,dyastt,@dipanggilarman @Jakartalk Project IKN itu pintu masuknya korupsi mulyono. We'll see...,3,1,0,0,0,in
2054218459266027642,2054391364553683060,Wed May 13 02:40:44 +0000 2026,aoi_ookami11,"@Kirin_id_ @Jakartalk Gak mungkin dikonversi jadi peruntukkan yg lain. Emang sudah pasti IKN nantinya, cuma ya untuk saat ini emang dominan hanya jadi destinasi wisata turis lokal.",2,0,0,0,0,in
2054218459266027642,2054390333409255668,Wed May 13 02:36:38 +0000 2026,qinchehoney,@guesswho1333 @Jakartalk kalo pemerintah nya waras mungkin akan seperti ini tapi kan adanya yg edan semua,8,0,0,0,0,in
2054218459266027642,2054389959277351159,Wed May 13 02:35:09 +0000 2026,hamsterimutz,"@Jakartalk Bisa renovasi sekolah, bikin sekolah, kasih beasiswa ke yang ngga mampu untuk kuliah, bisa naikin UMR di 8-15 juta/bulan, bisa bikin perpustakaan yang bagus tiap kecamatan, bisa bikin rumah dinas untuk nakes dan guru. Arrrrggghhhhh banyak bangetlah itu uang yang bisa dipake untuk rakyat.",2,0,0,0,0,in
2054218459266027642,2054389561057595421,Wed May 13 02:33:34 +0000 2026,aoi_ookami11,"@de_kinemon @w111s1n_ @Jakartalk Tol nya 24 jam, tapi untuk jalur keluar masuk ke IKN via tolnya hanya untuk waktu tertentu.",179,1,4,0,0,in
2054218459266027642,2054389058378629610,Wed May 13 02:31:34 +0000 2026,aoi_ookami11,"@wonjwox @Jakartalk Ya sejauh ini saya yg tinggal jaraknya 1 jam dari IKN ya gak liat urgensinya apa bangun kota yg ujung2nya hanya jadi tujuan wisata dan untuk sementara ini pun yg tinggal di IKN hanyalah ASN atau yg kerjanya ngurusin proyek pembangunan IKN. 

Mas nya kira2 tau gak daerah penunjang sekitar IKN dan IKN sendiri itu sekarang masuk wilayah endemik Malaria, karena penebangan masif setiap waktu.

Pertanyaannya sekarang, siapa yg mau tinggal disana selain ASN atau yg kerjain proyek IKN kalau IKNnya sendiri bermasalah. Itu baru 1 alasan, belum lagi faktor lain.

Potensi jadi kota hantu itu selalu ada, selama kita belum bisa nentukan apa urgensinya bangun IKN.",44,2,2,0,0,in
2054218459266027642,2054388121001996458,Wed May 13 02:27:51 +0000 2026,areefin_putra,"@masmadsun63908 @Jakartalk Ya goreng dulu aja, click bait berita emang gitu. 
Sumbernya setengah-setengah, lebih ke giring opini tertentu saja sih.",3,0,0,0,0,in
2054218459266027642,2054387726645117312,Wed May 13 02:26:17 +0000 2026,gekaz_,"@Jakartalk Ya emg gitu kan sesuai dengan UU IKN, dia jadi ibu kota apabila ditetapkan oleh keppres, dalam hal ini bola panas di tangan Prabowo, mau teken keppres kapan, kalo udah diteken ya secara de facto dan de jure ibukota negara dan di Nusantara",2,0,0,0,0,in
2054218459266027642,2054386597915922682,Wed May 13 02:21:48 +0000 2026,aoi_ookami11,"@cesar1st @Jakartalk Sorry lupa kasi disclaimer, datangnya kemaren emang pas musim libur, tapi ya masih lumayan sering di luar musim libur. Toh Samarinda - IKN lewat tol cuma 1 jam lebih dikit. Kalau yg kerjanya di IKN terutama ASN ya pasti tinggal disana. Selebihnya gak mungkin kesana selain buat wisata 😄",10,0,2,0,0,in
2054218459266027642,2054386124949541245,Wed May 13 02:19:55 +0000 2026,22Trijp,"@bumbelbi1999 @Jakartalk @GunawanAryaPutr bjir baru lagi, goyang robot",5,0,0,0,0,in
2054218459266027642,2054385538350870770,Wed May 13 02:17:35 +0000 2026,sonsonice,"@Jakartalk tanya ke ChatGPT, kalo ada uang 75 T bisa bangun berapa SMA, Kampus, RS, Stasiun, atau Terminal

Mendidih gw bacanya :) https://t.co/6A712Ve9IK",6,0,0,0,0,in
2054218459266027642,2054382883280990473,Wed May 13 02:07:02 +0000 2026,Yens0906,@kiqi01 @Jakartalk Kenapa dia gak tinggal di sana aja selamanya?,5,0,0,0,0,in
2054218459266027642,2054382808379134364,Wed May 13 02:06:44 +0000 2026,Rendy20967590,"@Jakartalk Ironisnya gaada yg bertanggung jawab sama masalah ini
Minimal harus ada yg masuk penjara sih",2,0,0,0,0,in
2054218459266027642,2054381349356925042,Wed May 13 02:00:56 +0000 2026,Yens0906,@aoi_ookami11 @Jakartalk Emg susah sih klo di tengah hutan gitu. Knp bkn Balikpapan or Palangkaraya aja yg disulap jadi ibu kota baru? Kan tinggal bangun yg blom ada di sana krn berbagai fasilitas lain dah ada. Jokowi si keras kepala. Tp prnh bc klo tanah IKN itu punyanya Prab/Hasyim dibeli sama negara.,4,0,2,0,0,in
2054218459266027642,2054380543324934198,Wed May 13 01:57:44 +0000 2026,PMultiverses,@Jakartalk https://t.co/i3HgxsoidU,2,0,0,0,0,qme
2054218459266027642,2054380443584352709,Wed May 13 01:57:20 +0000 2026,Jakartalk,https://t.co/9uT2XVMgMA https://t.co/TKboT5eVGl,12,2,3,0,0,zxx
2054218459266027642,2054379667000533376,Wed May 13 01:54:15 +0000 2026,rzlhmdfz,@Jakartalk 3 bulan mbg,4,0,0,0,0,in
2054218459266027642,2054375934535623126,Wed May 13 01:39:25 +0000 2026,wawandudit,"@Jakartalk Coba 75 Trilyun itu untuk bangun sekolah, bangun kesejahteraan rakyat.. Ngurus duit negara tapi tidak tahu skala Prioritas. Truss.. kemana uang 75 Trilyun itu menguaap??",5,1,0,0,0,in
2054218459266027642,2054375439565799596,Wed May 13 01:37:27 +0000 2026,shiryuuugold,"@Jakartalk @jokowi perusak konstitusi

Bajingan Politik
Bajingan Politik
Bajingan Politik
Bajingan Politik

Wok @prabowo brengsek, tai lah hidup jokowi

Bran, Gibran. bapakmu ki sialan dalam bernegara dan dalam menggunakan anggaran.

BAJINGAN POLITIK!! KALIAN + BUZZER KETENGAN",2,0,0,0,0,in
2054218459266027642,2054372145229402363,Wed May 13 01:24:22 +0000 2026,de_kinemon,@aoi_ookami11 @w111s1n_ @Jakartalk kek nya cuman ada di indonesia tol gak buka 24 jam ya? 🤣,258,0,3,0,0,in
2054218459266027642,2054367067810431285,Wed May 13 01:04:11 +0000 2026,Mi73Hel,@aoi_ookami11 @w111s1n_ @Jakartalk Tolnya sdh full atau masih seperti pasca lebaran. Lampu jalan juga masih minim bahkan bbrp tempat tdk ada. Jalur jalan utama cukup bagus.,2,0,0,0,0,in
2054218459266027642,2054366274789204006,Wed May 13 01:01:02 +0000 2026,digne001,"@Jakartalk Logikanya digunakan, 75 T jadi apa? Kamu ini masih tidur apa ngimpi? Masjid IKN saja sudah jadi, Gereja juga sudah Jadi, gedung utama juga jadi, bisa dibilang semua area sudah hampir selesai, IKN itu targetnya kan 2045 semua jadi, dan target pindah itu bergantian hingga 2029",3,0,3,0,0,in
2054218459266027642,2054365511161663747,Wed May 13 00:58:00 +0000 2026,bumbelbi1999,@Davelyuuu @Jakartalk @GunawanAryaPutr Woiya.... Kata pak mahfud cumak 32T yg masup septictank eeaaa 👍👍👍,24,0,0,0,0,in
2054218459266027642,2054364941013143777,Wed May 13 00:55:44 +0000 2026,bangherwin,@Jakartalk Anggaplah DUFAN versi Kalimantan Timur,4,0,0,0,0,in
2054218459266027642,2054364848126087438,Wed May 13 00:55:22 +0000 2026,Dolphin_2602,@Jakartalk Meikarta part 2,8,2,0,0,0,lt
2054218459266027642,2054364168057442384,Wed May 13 00:52:40 +0000 2026,keluhkesacrypto,@Jakartalk https://t.co/YxAlJSd8fo,6,0,0,0,0,qme
2054218459266027642,2054364106732568881,Wed May 13 00:52:25 +0000 2026,Davelyuuu,"@bumbelbi1999 @Jakartalk @GunawanAryaPutr Kak, kata siapa 325T itu septic tank semua? Masuk brankas dan kantong2 koruptor kok, Kak. :’)",57,0,1,0,0,in
2054218459266027642,2054363333558681724,Wed May 13 00:49:21 +0000 2026,Iwanwawan26,"@Jakartalk @msaid_didu Di balik kemeja putih yg selalu di pakai nya agar terlihat sederhana dan Ndeso , tersimpan ketamakan dan rakus akan harta serta kekuasaan . Suatu saat kehancuran dan kenistaaan akan keluarga Jokowi rasakan . IKN adalah contoh hasil karya yg sangat mubazir",5,0,1,0,0,in
2054218459266027642,2054361264625967131,Wed May 13 00:41:08 +0000 2026,sastrotingkir,"@Jakartalk Berdasarkan putusan terbaru per 12 Mei 2026, Mahkamah Konstitusi menegaskan bahwa Jakarta Ibu Kota Negara Indonesia.

FYI, anggaran untuk MBG per 2026 aja udah 350 triliun. Terus gak jadi apa-apa. 

Bisa angkat guru PNS sekolah itu harusnya😭😭😭",12,0,1,0,0,in
2054218459266027642,2054360819077640519,Wed May 13 00:39:22 +0000 2026,loveisbestt,"@fajriabdillah93 @Jakartalk harusnya sebelum IKN di buat, pembangunan fasilitas untuk masyarakat yg terlebih dahulu yg di bangun. Pemukiman, kesehatan, pendidikan dan keamanan, tp mereka malahan langsung bangun ""pusat"". Pusat gak akan jalan kalau gak ada penggerak di segala sektor yg di butuhkan manusia.",43,2,0,0,0,in
2054218459266027642,2054360331531780511,Wed May 13 00:37:25 +0000 2026,freakihooman,@Jakartalk @Rattlekraph dongo bgtt emg,3,0,0,0,0,in
2054218459266027642,2054359009776578649,Wed May 13 00:32:10 +0000 2026,cicakbukankadal,"@aoi_ookami11 @Jakartalk temen saya yg ambil c*ns penempatan IKN sampe skrg masih di jkt, dan beliau jg ogah pindah ke IKN. Mereka rencana mogok kerja kalau disuruh pindah ke IKM",2,0,1,0,0,in
2054218459266027642,2054358277870563800,Wed May 13 00:29:16 +0000 2026,aoi_ookami11,@w111s1n_ @Jakartalk Buat yg jalur ke IKN gak 24 jam.,178,0,4,0,0,in
2054218459266027642,2054357897585606720,Wed May 13 00:27:45 +0000 2026,ameyzid,"@Jakartalk Kan ada tuh Menteri yang katanya ditangkap dan disidang karena dianggap merugikan negara...
Bisa ga si yang mengusulkan IKN ini juga ditangkap dan diadili kalau nanti IKN ga jadi ibukota :v",5,0,1,0,0,in
2054218459266027642,2054357697013944751,Wed May 13 00:26:57 +0000 2026,tanamkebun,@Jakartalk Real jadi destinasi wisata doang wkwkwk padahal banyak banget buzzernya ini proyek,2,0,1,0,0,in
2054218459266027642,2054357020556550562,Wed May 13 00:24:16 +0000 2026,gilangrmdhn,@jeffreysantio @Jakartalk Wkwkkw anggaran segitu mending bantu umkm aja ga sih,26,2,0,0,0,in
2054218459266027642,2054356405164077563,Wed May 13 00:21:49 +0000 2026,jeffreysantio,@Jakartalk @gilangrmdhn Anaknya aja ga mau ngantor di sana..,66,0,2,0,0,in
2054218459266027642,2054355692988104763,Wed May 13 00:18:59 +0000 2026,wonjwox,"@aoi_ookami11 @Jakartalk gue bukan org politik, tapi ya kalo mau jujur IKN beneran jalan dan bagus, bahkan menurut gue dan temen gue yg org jkt aja IKN bagus desain dan governance nya rapih. dan setau gue wapres sering ke IKN mantau projek disana. jadi gue gk paham kenapa lu bilang IKN potensi kota hantu",8,0,2,0,0,in
2054218459266027642,2054354636187095512,Wed May 13 00:14:47 +0000 2026,nauvalarif14579,"@BrandZe1 @cesar1st @Kutlah88 @aoi_ookami11 @Jakartalk ""pejabat"" berati dia eselon 1 
kalo kuli yg bangun mah bukan pejabat, 🫢",0,0,2,0,0,in
2054218459266027642,2054353679004881381,Wed May 13 00:10:59 +0000 2026,RaObahRaMamah,"@Jakartalk @SutrisnoYohanes Udah baca amar putusannya ? bagus2 aja sih IKJ, namun keliatannya admin salah baca

MK bukan membatalkan status IKN, MK menegaskan perubahan IK masih menunggu Kepres",7,0,1,0,0,in
2054218459266027642,2054353287198171456,Wed May 13 00:09:26 +0000 2026,CakRedi,"@Jakartalk Tapi lumayan buka lapangan pekerjaan baru.

https://t.co/hcJu09MOvF",36,5,6,0,0,in
2054218459266027642,2054352351822307332,Wed May 13 00:05:43 +0000 2026,kaatnice,@Jakartalk @ANNYAOBAKE ke sini aja buat uji nyali,1,0,0,0,0,in
2054218459266027642,2054351010114728398,Wed May 13 00:00:23 +0000 2026,auahcpq,"@Jakartalk Lah pindah lagi ke jakarta, udah pdhl gua ngira bisa jadi banyak lapangan kerja disana. Jakarta udah sepadet ini jg. Buang buang uang rakyat aja sia sia. Udah bener program pak Anies me-revitalisasi berbagai daerah di indo.",2,0,0,0,0,in
2054218459266027642,2054350678919884989,Tue May 12 23:59:04 +0000 2026,s_mulyatie,"@Jakartalk Akhirnya tempat GAK JELAS itu dibatalkan @officialMKRI

Gimana dong dengan puluhan kontraktor/subkon yang ditahan pembayarannya?
Syukurin. Biar tahu rasa gimana kalau ikut nimbrung dukung Mulyoyon Kemplo

https://t.co/lqc4YMrOS0",7,2,1,0,0,in
2054218459266027642,2054349698123932024,Tue May 12 23:55:10 +0000 2026,Mardob_,@cesar1st @aoi_ookami11 @Jakartalk Dari kementrian apa aja yg udah tinggal di rusun ASN mase ?,9,0,0,0,0,in
2054218459266027642,2054349693778628975,Tue May 12 23:55:09 +0000 2026,submh,@Jakartalk https://t.co/xa1Ahgvwed,448,132,8,0,0,qme
2054218459266027642,2054349543748321394,Tue May 12 23:54:33 +0000 2026,telor91431,@dipanggilarman @Jakartalk whooop..... apa ini?? kenapa terlalu teranggg???,5,0,0,0,0,in
2054218459266027642,2054349160405717153,Tue May 12 23:53:02 +0000 2026,guesswho1333,"@Jakartalk W ampe skrg gatau urgency nya apaan bikin ibu kota baru sedangkan masi banyak kota2 di Indonesia yg masih bisa di bikin potensial 😂, kembangin aja semua kota di indo setara jakarta, ya otomatis orang2 entah bakal keluar sendiri dr jakarta atau ya gabakal mau ke jakarta",361,22,6,0,0,in
2054218459266027642,2054348884701479413,Tue May 12 23:51:56 +0000 2026,fjolmrkzhi051a3,@aoi_ookami11 @Jakartalk Ada jam operasional itu kota apa dufan,6,0,2,0,0,in
2054218459266027642,2054346556674015314,Tue May 12 23:42:41 +0000 2026,Epixurus8,@Jakartalk Aneh kalau ga masuk penjara,8,0,0,0,0,in
2054218459266027642,2054345282771730440,Tue May 12 23:37:37 +0000 2026,ahas4j4,"@tfkakbarr @Jakartalk Anis sekarang rakyat biasa, bukan pejabat. Ijin tanya kenapa Jokowi Dan pendukungnya benci sekali ke Anis yg lama2 kelihatan ketakutan sama Anis",7,0,0,0,0,in
2054218459266027642,2054344388957078010,Tue May 12 23:34:04 +0000 2026,kiqi01,@Jakartalk jadi inget dulu ada yang bilang mau rutin ke ikn setelah pensiun. sampe sekarang ga ada beritanya dia ke sono lagi https://t.co/2MXh0jPmSr,299,20,6,0,0,in
2054218459266027642,2054343517842067704,Tue May 12 23:30:37 +0000 2026,cupang_fish,"@Jakartalk Terus pencanang proyek yang gak jadi apa - apa ini gak ada yang berani mengadili? Jelas merugikan negara lho ini. 
Dipikir 75 TRILIUN itu pale duit siapa? Ya duit kita lha dari pajak.",3,0,0,0,0,in
2054218459266027642,2054343360853467436,Tue May 12 23:29:59 +0000 2026,wwrizki,"@Jakartalk ibukota negara belum pernah pindah dari Jakarta sampai sekarang walaupun ada UU IKN dan UU DKJ, soalnya kedua UU tersebut terikat ketentuan peralihan bahwa kedua UU berlaku efektif setelah ada Keppres pindahan ibukota~ jadi ya udah bener dan gak berubah dr keadaan sebelumnya~",17,1,1,0,0,in
2054218459266027642,2054342594365448530,Tue May 12 23:26:56 +0000 2026,harusbekerja,@Jakartalk Jadi aslinya kita bisa mengratiskan sekolah sampai s3 yaa kalau gaada ikn sama mbg.,2,0,0,0,0,in
2054218459266027642,2054342458998469003,Tue May 12 23:26:24 +0000 2026,habe39,"@Jakartalk Kekhilafan mbg pada akhirnya akan menaikkan derajat ikn.
Karena generasi yg hidup lebih di 2030 hanya akan membandingkan ke 7 dan 8.
Maka akan menentukan siapa ke 9 dst.",3,0,0,0,0,in
2054218459266027642,2054341279094608331,Tue May 12 23:21:43 +0000 2026,DenasIdn1,"@Jakartalk @ryotamhn Liat foto ikn ini, dg 2 gerbang sayap itu aura nya seperti padepokan dukun mistis.. alih alih menciptakan suasana metropolitan tapi malah mundur ke era sauron dlm ring of fire..",6,0,1,0,0,in
2054218459266027642,2054341125142646898,Tue May 12 23:21:06 +0000 2026,tawakkaI,@Jakartalk cuma beberapa hari MBG doang itu. gausah lebay min,3,0,0,0,0,in
2054218459266027642,2054339777374392349,Tue May 12 23:15:45 +0000 2026,Kasayanto_,"@Jakartalk @ahkhoazmi Dan sekelompok orang menggiring supaya yang diributin hanya ijasahnya bukan pemborosan anggaran, belum lagi bangun bandara sepi ... eh data 11.000 trilyun ada di kantong saya",7,0,0,0,0,in
2054218459266027642,2054339532326322202,Tue May 12 23:14:46 +0000 2026,EdyGunawan11829,"@Jakartalk Sejak IKN di mulai rakyat semakin sengsara karena pajak progresif yg diterapkan pemerintah anggaran negara terkuras seperti keringat bercucuran,satu hal lagi pasti korupsi pengadaan barang dan jasa sangat massive",3,0,0,0,0,in
2054218459266027642,2054339422968295555,Tue May 12 23:14:20 +0000 2026,KarunaNilamm,"@Jakartalk Setara 2,5 bulan mbg https://t.co/poUFrNfnm6",8,0,0,0,0,in
2054218459266027642,2054338177117347892,Tue May 12 23:09:23 +0000 2026,Muhamma87748717,"@Jakartalk Lagian kalau mau pindah ibukota harusnya ke kota yang udah ada kayak Palangkaraya, Samarinda, Balikpapan, dll.",3,0,0,0,0,in
2054218459266027642,2054336722054574165,Tue May 12 23:03:36 +0000 2026,fajarnugros,@Rio_Ramabaskara @Jakartalk Ngga jadi apa2 gimana sih maksudnya? Lha itu kan ada fotonya diposting juga..,0,0,1,0,0,in
2054218459266027642,2054336199796654236,Tue May 12 23:01:32 +0000 2026,GhaneshRM,"@Jakartalk IKN rame, temen gw kerja disana, orang kalimantan gk buang sampah sembarangan lebih maju otak2nya ketimbang orang jkt yg kebanyakan pendatang, gara2 sistem yg dibuat dah kek singapore, tenant UMKM pake AC ama exhaust anjir, ring 1 udah laku semua, ring 2 mahal bet tanahnya🥲",3,0,0,0,0,in
2054218459266027642,2054335131176014300,Tue May 12 22:57:17 +0000 2026,Mastriza,@Jakartalk Sebenernya bagus IKN untuk mindahin kepadatan penduduk dari Jawa ke Kalimantan. Nantinya Kalimantan jadi pusat pembangunan. Ini lebih rasional daripada MBG 1T/hari tanpa dasar UU.,5,2,0,0,0,in
2054218459266027642,2054334889194037559,Tue May 12 22:56:19 +0000 2026,Ailu_Phile,"@Jakartalk @dipanggilarman Klo di English kan, lebih cocok gelar ""infamous"" dripada ""famous""",5,0,1,0,0,in
2054218459266027642,2054333554310709326,Tue May 12 22:51:01 +0000 2026,krankenhausseu,@Jakartalk @dipanggilarman Wkwl sampe di neraka bakal kekal kok,4,0,0,0,0,in
2054218459266027642,2054333023211114638,Tue May 12 22:48:55 +0000 2026,AlbbiNugroho,"@dipanggilarman @Jakartalk Emang dia mah perusak negara bang, anehnya masih banyak pendukungnya dan ga sadar""",4,1,1,0,0,in
2054218459266027642,2054332893380641096,Tue May 12 22:48:24 +0000 2026,lilaccountz,@Jakartalk @Aceh bisa gaji guru dan ngasih makan org miskin brp banyak ya itu…,593,33,0,0,0,in
2054218459266027642,2054332789408043503,Tue May 12 22:47:59 +0000 2026,rahkainiskala,@Jakartalk halah berisik...cm 2 bulanan MBG doang,3,0,0,0,0,in
2054218459266027642,2054331678211068231,Tue May 12 22:43:34 +0000 2026,Sudrajat_85,@Jakartalk Si Omon2 emang pantas diberi 11 / 100.. 🤣💨 https://t.co/On2S9XzKIv,73,0,0,0,0,in
2054218459266027642,2054331493116473780,Tue May 12 22:42:50 +0000 2026,BrandZe1,"@cesar1st @Kutlah88 @aoi_ookami11 @Jakartalk Kerjanya ngapain bang? 
Kepo",1,0,1,0,0,in
2054218459266027642,2054330192211128532,Tue May 12 22:37:40 +0000 2026,aliando2023cuy,@popezcuu @Jakartalk Gada yang salah mindahin ibu Kita. Yang  jadi masalah adalah mindahin dan bangun Kota dari nol. Kalo ga salah banyak heran kenapa ga Balikpapan/Samarinda aja yang jadi ibu kota baru. Karena ga perlu Bangun dari nol,5,0,2,0,0,in
2054218459266027642,2054324970034274347,Tue May 12 22:16:55 +0000 2026,fitsa_ranger,"@Jakartalk Ini kagak ditahan ya orang yg buat kebijakan mubazir gini? Padahal pak Lembong ama pak Dahlan dulu kena. Oh ya, musuh utamanya kan rakyat yg jadi oposisi 🤣",570,46,1,0,0,in
2054218459266027642,2054324815784554790,Tue May 12 22:16:18 +0000 2026,bumbelbi1999,"@Jakartalk @GunawanAryaPutr Cuman 1,5 bulan MBG, kecil itu 

Yg 325 T mau dibuang ke sptictank aja slay kok

Nga usa takud, duit kita banyak (kata si goyang robot)",1161,75,10,0,0,in
2054218459266027642,2054324363294539956,Tue May 12 22:14:30 +0000 2026,cesar1st,"@aoi_ookami11 @Jakartalk Masnya datang pas musim libur ya. Pas hari kerja udah ada yg tinggal di Rusun ASN, termasuk saya",5,0,11,0,0,in
2054218459266027642,2054319645780492384,Tue May 12 21:55:45 +0000 2026,kayakeii,@Jakartalk @gilangrmdhn najis bgt ya allah npd final boss,2,0,2,0,0,in
2054218459266027642,2054317639535845612,Tue May 12 21:47:47 +0000 2026,DenasIdn1,"@Jakartalk @ryotamhn Alhamdulillah, Jakarta ikon perjuangan bangsa ini dalam sejarah Nusantara sejak berabad abad lamanya. Siapapun yg ingin menghapus sejarahnya dia hanya akn binasa. Jakarta ibukota Indonesia dulu, sekarang dan selamanya.",22,1,0,0,0,in
2054218459266027642,2054315915752431732,Tue May 12 21:40:56 +0000 2026,ranrats,@Jakartalk @dipanggilarman Sejarah gorong2,2,0,0,0,0,in
2054218459266027642,2054314815116526040,Tue May 12 21:36:33 +0000 2026,ABalfas22204,"@SabrinaAyu75052 @Jakartalk Terbukti selama jadi walikota solo terlibat korupsi : hotel maliyawan, videotron manahan, revovasi THR Sriwedari, korupsi renovasi pasar klitihan, korupsi BPPMS, korupsi dana hibah KONI, korupsi PPJU yg bikin listrik penerangan jalan di solo mati.",3,0,0,0,0,in
2054218459266027642,2054309480075231635,Tue May 12 21:15:21 +0000 2026,moechaaliem,"@Jakartalk @dipanggilarman Dengan masa pemimpinan sampai 2 periode tentunya mau bkin legacy yg bakal jdi tonggak sejarah bangsa, sayangnya tu orang maen labrak aja bangun ini itu",9,0,0,0,0,in
2054218459266027642,2054308381012513049,Tue May 12 21:10:59 +0000 2026,gerysaputra,"@aoi_ookami11 @Jakartalk gua pernah ke IKN tugas dari kantor, jalur non toll nya gokil. konturnya naik turun. waktu itu ketemu gelap pas lewat jalur alternatif nya. ngebelah hutan gelap minim penerangan. di jalan ketemu kendaraan2 proyek yg gede2. perjalanannya 2 jam lebih dari balikpapan wkwk",25,0,2,0,0,in
2054218459266027642,2054298491070152978,Tue May 12 20:31:41 +0000 2026,w111s1n_,@Jakartalk @dipanggilarman Tapi kenyataannya jadi diingat dalam konotasi yang berbeda.,5,0,0,0,0,in
2054218459266027642,2054298421935419693,Tue May 12 20:31:25 +0000 2026,SabrinaAyu75052,@Jakartalk https://t.co/sGgvFJnVi4,78,15,3,0,0,qme
2054218459266027642,2054298272215531835,Tue May 12 20:30:49 +0000 2026,w111s1n_,@aoi_ookami11 @Jakartalk Tol nya nggak dibuka 24 jam?,85,0,1,0,0,in
2054218459266027642,2054296896139911386,Tue May 12 20:25:21 +0000 2026,albertsiman01,"@Jakartalk Mungkin agar ada kepastian sebenarnya bisa diatur bahwa Jakarta berstatus sebagai Ibukota Negara Indonesia dan Nusantara sebagai Ibukota Pemerintahan Indonesia, Mencontoh Malaysia dengan Kuala Lumpur dan Putra Jaya atau Belanda dengan Amsterdam dan Den Haag",3,0,0,0,0,in
2054218459266027642,2054292906748572150,Tue May 12 20:09:30 +0000 2026,Ag_Crypto0,"@Jakartalk Lah ga jadi pindah ibu kota negara, trus buat apa di bangun IKN, niat pria solo kemarin itu bangun IKN buat apa ya??!! https://t.co/3DaFbYv07L",3,0,0,0,0,in
2054218459266027642,2054290025937068467,Tue May 12 19:58:03 +0000 2026,Dipszz1,@dipanggilarman @Jakartalk Yang bikin mending tinggal disana aja daripada pulang ke tembok ratapan solo jadi maskot,2,0,0,0,0,in
2054218459266027642,2054289405280723453,Tue May 12 19:55:35 +0000 2026,Fajar_EpEp,"@aoi_ookami11 @Jakartalk nanti di 2028 dibangun kemcemg lagi kok, Prabowo pasti jampanye juga mau lanjutin program Jokowim

Supaya Jokowi mania dukung Prabowo.",12,0,1,0,0,in
2054218459266027642,2054288242154053940,Tue May 12 19:50:58 +0000 2026,middnaid,@dipanggilarman @Jakartalk serius tanya kenapa ga dilanjutin aja? kan sayang udh dibangun,3,0,6,0,0,in
2054218459266027642,2054283703996838112,Tue May 12 19:32:56 +0000 2026,jeff23greenwood,"@dipanggilarman @Jakartalk Si pria solo itu aja tinggalnya balik ke solo, ga mau tinggal di IKN yg dia bikin 🤣",8,0,1,0,0,in
2054218459266027642,2054276442771566698,Tue May 12 19:04:05 +0000 2026,Serenz0_,"@tfkakbarr @Jakartalk apa2 anies, anak tolol",2,0,1,0,0,tl
2054218459266027642,2054274445532131600,Tue May 12 18:56:09 +0000 2026,touyolav,"@aoi_ookami11 @Jakartalk iyees, temen aku yang dlunya seneng banget bisa jdi nurse disana skarang memilih buat pulkam krna katanya sepi parah ngada apa” dan gajinya mandet",11,1,0,0,0,in
2054218459266027642,2054273878822965326,Tue May 12 18:53:53 +0000 2026,Pawangmagang,"@aoi_ookami11 @Jakartalk Kalo tim uka uka , Risa saraswati cs &amp; Sara Wijayanto udah datang bang?",19,0,1,0,0,in
2054218459266027642,2054271810938814534,Tue May 12 18:45:40 +0000 2026,popezcuu,@Jakartalk lu mau selamanya jadiin Jakarta yg pusat macet sama mau tenggelam itu tetap jadi ibukota? coba berpikir jauh kedepan ke masa depan gimana nantinya..,2,0,10,0,0,in
2054218459266027642,2054270987374584234,Tue May 12 18:42:24 +0000 2026,sungchanana,"@Jakartalk @dipanggilarman Pasti kok di ingett, terlalu banyak jejak kotor nya 🫩
Malah ninggalin bnyk hal lagi 
Satunya tuh fufuufafa di pemerintahan",30,1,0,0,0,in
2054218459266027642,2054265320144261148,Tue May 12 18:19:53 +0000 2026,beembooss,"@Jakartalk Ironis banget antara ambisi sama kesejahteraan, ADILI MUKIDI. https://t.co/B84sVR6WX8",33,1,1,0,0,in
2054218459266027642,2054263433319919891,Tue May 12 18:12:23 +0000 2026,zuzumbabi,"@Jakartalk cuma 75 hari MBG doang itu, kecil itu mah 75 triliun",2,0,0,0,0,in
2054218459266027642,2054263373970440656,Tue May 12 18:12:09 +0000 2026,rr_blue99,"@Qalzzrr @Jakartalk Sejak ada MBG, IKN keliatan kecil ya, padahal 75 T ya besar juga 😭😭😭",3,1,1,0,0,in
2054218459266027642,2054261718059274659,Tue May 12 18:05:34 +0000 2026,ExpeditorRasa,@Jakartalk sekilas anggaran IKN jadi tampak kecil dibanding program MukBanG yang sangat suci nan mulia itu~,5,0,0,0,0,in
2054218459266027642,2054261487892566440,Tue May 12 18:04:39 +0000 2026,masmadsun63908,"@Jakartalk Ya ga gitu juga, om. Kan diputusan MA dikatakan selama belum ada keputusan presiden. Sementara di Perpres no 79/2025 dikatakan pemerintah akan pindah tahun 2028 setelah gedung Legislatif dan yudikatif selesai. Pindah kota kan ga kayak pindah rumah seminggu selesai.",44,1,3,0,0,in
2054218459266027642,2054257448182231547,Tue May 12 17:48:36 +0000 2026,Kutlah88,@aoi_ookami11 @Jakartalk Sudah ada PNS PEJABAT NEGARA dll yg berkantor disana ?,9,0,4,0,0,in
2054218459266027642,2054254883319263459,Tue May 12 17:38:25 +0000 2026,dbyuda,"@Jakartalk Gpp, udah sekian lama uang kami dikirim ke jakarta untuk ngebangun infrastruktur di jakarta. Sekali2 kami mau gunain uang kami untuk bangun daerah kami. Uang segitu ga seberapa dibanding hasil alam yg dikeruk dari bumi kami.",5,0,1,0,0,in
2054218459266027642,2054254168974721513,Tue May 12 17:35:34 +0000 2026,JBjamesbond07,@Jakartalk @dipanggilarman ijazah dia palsu dan anaknya yg dongo jd wapres itu aja udh masuk catatan sejarah kok 😂,60,0,0,0,0,in
2054218459266027642,2054252991382016005,Tue May 12 17:30:53 +0000 2026,ashaabull,"@Jakartalk Click bait. Lihat dulu permohonannya
MK menolak permohonan tentang pengujian UU IKN. Di UU IKN memang tertulis kalau ibu kota negara masih di DKI Jakarta sampai ada keputusan presiden tentang pemindahan ibu kota ke IKN",48,4,1,0,0,in
2054218459266027642,2054252429911503269,Tue May 12 17:28:40 +0000 2026,konspirasy,@Jakartalk @gilangrmdhn “Kalau berhasil” lah kalau gagal? Aib sampai 7 turunan tuh,3,0,1,0,0,in
2054218459266027642,2054250209723728318,Tue May 12 17:19:50 +0000 2026,Karin_Rawa,@Jakartalk Cepetan pindah member pemerintah biar Jakarta berkurang sumpeknya.,3,0,0,0,0,in
2054218459266027642,2054249195989827619,Tue May 12 17:15:49 +0000 2026,dani_dosed,"@aoi_ookami11 @Jakartalk Harusnya yg pertama tinggal di sana orang yg ngebet tuk IKN itu dibikin, pasti banyak yang akan nyusul",8,0,3,0,0,in
2054218459266027642,2054248007449923998,Tue May 12 17:11:05 +0000 2026,containsclouds,@Jakartalk Orang Jakarta kenapa sih anti-banget sama IKN? Macam anak-anak padahal rencana pindah ibukota sudah ada sejak lama karena trauma invasi sekutu dan terlalu Jawa-sentris 😐,1,0,0,0,0,in
2054218459266027642,2054245895697482106,Tue May 12 17:02:42 +0000 2026,pandutrihrtnto,"@Jakartalk menurutku ikn tetap bakal jadi kota beneran kok, tapi untuk menjadi ibu kota mungkin butuh puluhan tahun, kalau mau cepet jadi ibu kota ya wajib kasih subsidi ke ikn biar orang mau tinggal disana, tanpa itu berat.",2,0,0,0,0,in
2054218459266027642,2054242808681353686,Tue May 12 16:50:26 +0000 2026,Rio_Ramabaskara,"@Jakartalk MK menegaskan Jakarta saat ini masih sebagai Ibu Kota Negara RI. Oleh karena itu, MK menilai permohonan pemohon tidak beralasan.

""Sehingga berdasarkan pertimbangan hukum tersebut, dikaitkan dengan petitum Pemohon a quo, menurut Mahkamah, tanpa penafsiran terhadap Pasal 39 ayat (1) UU 2/2024 sebagaimana yang dimohonkan oleh Pemohon, kedudukan, fungsi, dan peran Ibu Kota Negara tetap berada di Provinsi Daerah Khusus Ibukota Jakarta sampai dengan ditetapkannya keputusan presiden mengenai pemindahan Ibu Kota Negara Kesatuan Republik Indonesia dari Provinsi Daerah Khusus Ibukota Jakarta ke Ibu Kota Nusantara. Sehingga dalil Pemohon yang pada pokoknya menyatakan norma Pasal 39 ayat (1) UU 3/2022 bertentangan dengan Pasal 1 ayat (3) dan Pasal 28D ayat (1) UUD NRI Tahun 1945 adalah tidak beralasan menurut hukum”",14,3,2,0,0,in
2054218459266027642,2054242719342678511,Tue May 12 16:50:04 +0000 2026,fajriabdillah93,@Jakartalk Yg aneh dri IKN ini mrk ingin memindahkan pusat Pemerintahan ato mau bikin kota baru kek Jakarta? Klo pusat Pemerintahan doang hrsny pragib beserta kabinet ny udh bsa berkantor dsna skg. Statement ny berubah2,221,5,2,0,0,in
2054218459266027642,2054242263996453239,Tue May 12 16:48:16 +0000 2026,aegis00000,"@Jakartalk Kyknya pemimpin2 kita gak belajar dari pemimpin2 sebelumnya, udah tau sering bermasalah setiap bangun sesuatu yang megah, tapi tetap aja dibangun.",22,0,0,0,0,in
2054218459266027642,2054238124386177144,Tue May 12 16:31:49 +0000 2026,pribadibaiq,@Jakartalk @dipanggilarman Sejarah kelam wkwk,4,0,0,0,0,in
2054218459266027642,2054237882815336897,Tue May 12 16:30:51 +0000 2026,Mudiiinn,"@Jakartalk ""terus gak jadi apa-apa""

Waduh masih ada sentimen negatif yg gini ya 😢😢😢😮‍💨

Tau ga kalau disana sedang dibangun dan revitalisasi banyak sekolah baru di sekitar IKN? Bahkan nanti ada sekolah taruna nusantara disana, ada Nusantara international school, n sekolah negeri lainnya.",3,0,1,0,0,in
2054218459266027642,2054229542362026437,Tue May 12 15:57:43 +0000 2026,TribunMilano,"@Jakartalk Buang-buang duit iya, ngerusak hutan dan habitat hewan udah pasti.

 Jokowi bgst.",2,0,0,0,0,in
2054218459266027642,2054223534252240926,Tue May 12 15:33:50 +0000 2026,0x_RCP,@Jakartalk Sumpah pria solo itu berawal dari gorong gorong menjadi pembawa kehancuran,2,0,0,0,0,in
2054218459266027642,2054222446799266188,Tue May 12 15:29:31 +0000 2026,dipanggilarman,"@Jakartalk gausah buat IKN juga udah diingat sepanjang masa, jadiin anaknya jadi wapres aja udah bakal diinget seumur hidup",885,35,6,0,0,in
2054218459266027642,2054221779732934824,Tue May 12 15:26:52 +0000 2026,aoi_ookami11,"@Jakartalk Akses bagus kok, lewat tol tapi cuma bisa dari 6 pagi ke 6 sore. Kalau lebih dari itu lewat jalur alternatif. Ramadhan kemaren banyak rombongan yg niat ke IKN cuma buat Tarawih di Mesjid IKN yg baru jadi.",1021,16,22,0,0,in
2054218459266027642,2054221134401552734,Tue May 12 15:24:18 +0000 2026,Jakartalk,"@aoi_ookami11 Btw, akses jalan kesana gimana kak? Maksudnya udah sepenuhnya rapih kah?",601,6,5,0,0,in
2054218459266027642,2054220778552594653,Tue May 12 15:22:53 +0000 2026,aoi_ookami11,"@Jakartalk IKN sekarang cuma jadi destinasi turis lokal, gak lebih dari itu. Ane yg tinggal 1 jam dari IKN aja paham kok IKN itu berpotensi jadi kota hantu. Kotanya jadi tapi gak ada yg mau tinggal.",5241,252,43,0,0,in
2054218459266027642,2054220340805726512,Tue May 12 15:21:09 +0000 2026,gilangrmdhn,"@Jakartalk Dan ga semua orang politik seneng sama dia juga, harusnya nyadar kalau nurunin legacy itu harus natural ga dibuat buat. Legacy kesederhaan dan ketulusan misalnya. Tapi ya ga tau lah orang politik ini",29,2,0,0,0,in
2054218459266027642,2054220137600053261,Tue May 12 15:20:21 +0000 2026,Jakartalk,@dipanggilarman Kalo menurut gw dia mau namanya diingat sepanjang masa dalam catatan sejarah Indonesia,2742,67,49,0,0,in
2054218459266027642,2054219883576238142,Tue May 12 15:19:20 +0000 2026,dipanggilarman,@Jakartalk emang pria solo itu cuma mau buang buang duit negara aja biar pada mau transmigrasi ke sana,4654,91,22,0,0,in
2054218459266027642,2054219820158394676,Tue May 12 15:19:05 +0000 2026,Jakartalk,"@gilangrmdhn Kalo Ibukota dipindah, namanya bakal tercatat di sejarah sepanjang masa Indonesia, mungkin ini alasan doi maksa banget proyek ini harus jadi.",530,12,9,0,0,in
2054218459266027642,2054219140500689284,Tue May 12 15:16:23 +0000 2026,Jakartalk,https://t.co/3eazxNcvjL,293,41,4,0,0,zxx
2054218459266027642,2054218821108674639,Tue May 12 15:15:07 +0000 2026,gilangrmdhn,"@Jakartalk Dan ada yang ngajukan ke MK terkait UU IKN, memang sih ini politik jahat banget 😭",403,5,1,0,0,in
2054218459266027642,2054218459266027642,Tue May 12 15:13:40 +0000 2026,Jakartalk,"Berdasarkan putusan terbaru per 12 Mei 2026, Mahkamah Konstitusi menegaskan bahwa Jakarta Ibu Kota Negara Indonesia.

FYI, anggaran untuk IKN per 2025 aja udah 75 triliun. Terus gak jadi apa-apa. 

Bisa bangun berapa sekolah itu harusnya😭😭😭 https://t.co/fKZcBRhOac",56465,17101,2350,0,0,in
1884550207398097193,1884992118118379896,Thu Jan 30 15:48:37 +0000 2025,idedherianto,"@kompascom Era @jokowi  alam dirusak,  mental generasi muda dirusak dg revolusi mental,  sistim pendidikn dirusak dr program kurikulum 13, Konstitusi di kangkangi,  pencitraan dijadikn model utk laporan kinerja.  Luarbiasa slama 10 thn trus skrg mo dilanjuti oleh @prabowo . STOP STOP STOP",7,0,0,0,0,in
1884550207398097193,1884960672142008649,Thu Jan 30 13:43:39 +0000 2025,gilanoo,"@kompascom Yang mau mampir nih koordinatnya 
https://t.co/ySLAUv3SV9",37,8,0,0,0,in
1884550207398097193,1884927035765907598,Thu Jan 30 11:30:00 +0000 2025,DavidWijaya82,@kompascom Ada yang tahu pohon kayu yang ditebang kemana?,4,0,0,0,0,in
1884550207398097193,1884859899525665246,Thu Jan 30 07:03:13 +0000 2025,bravetrackindo,"@kompascom @OtoritaIkn mana bacot nya otorita IKN yg masuk akal? Ga ada !!!

Adanya lidah OIKN jilatin pantat Mulyono",2,0,0,0,0,in
1884550207398097193,1884844669768761357,Thu Jan 30 06:02:42 +0000 2025,ustadchen,@kompascom 😥,0,0,0,0,0,qme
1884550207398097193,1884782068292272482,Thu Jan 30 01:53:57 +0000 2025,cahy4nto,"@kompascom Mulyono, kroni &amp; oligarki perusak negeri malah dipuja-puji lewat pengerahan buzzer2 biadab pengadu domba anak bangsa. Tugas tidak ringan pak @prabowo   memberantas buzzer provokator, karena dibiayai pemodal besar. Buzzer itu bukan suara kritis rakyat, mereka alat oligarki",13,0,2,0,0,in
1884550207398097193,1884778742582816850,Thu Jan 30 01:40:44 +0000 2025,irfandyKah37768,"@kompascom Mau klarifikasi bagaimanapun memang faktanya hutan menyusut, ini akan bertambah lagi penyusutannya jika program pembabatan hutan sekitar 2 juta Ha jadi dilakukan oleh 
Kementrian kehutanan RI !",0,0,0,0,0,in
1884550207398097193,1884738553613345019,Wed Jan 29 23:01:02 +0000 2025,harkitnasver2,"@kompascom Digambarkan dlm Al Qur'an
Dan apabila dikatakan kepada mereka, “Janganlah berbuat kerusakan di bumi! ”Mereka menjawab, “Sesungguhnya kami justru orang-orang yang melakukan perbaikan.” 2-11
Ingatlah, sesungguhnya merekalah yang berbuat kerusakan, tapi mereka tidak menyadari. 2-12",2,0,0,0,0,in
1884550207398097193,1884660215121064157,Wed Jan 29 17:49:45 +0000 2025,fatzx2,@kompascom Sakit ngeliatnya ya Allah..,2,0,1,0,0,in
1884550207398097193,1884649994831245785,Wed Jan 29 17:09:08 +0000 2025,Imrajula2,"@iskandarsiakk @kompascom Lah, bencana alam disamakan dgn illegal loging  ! Lu mau reading dgn mulyono juga ya ? , 🤣🤣🤣",9,0,0,0,0,in
1884550207398097193,1884649877772395000,Wed Jan 29 17:08:40 +0000 2025,monamonitamon,"@anachmad75 @kompascom Satir ini, liat klarifikasi mul pas nanggepin pager laut deh",1,0,0,0,0,in
1884550207398097193,1884637729864184229,Wed Jan 29 16:20:24 +0000 2025,eratWYH1203,"@RifkyLutfy @kompascom Butuh kayunya secara kalau tebang terang-terangan masuk pidana,sedangkan kalau ini namanya mencuri secara halus",10,2,0,0,0,in
1884550207398097193,1884634967436931195,Wed Jan 29 16:09:25 +0000 2025,Duren___,"@Abdoeljegger202 @kompascom @RajaJuliAntoni Menhut mah, menjaga... Bukan membabad/buka hutan...",3,0,2,0,0,in
1884550207398097193,1884619532091953548,Wed Jan 29 15:08:05 +0000 2025,bambang314,"@kompascom Jika disebut siklus tanaman industri eucalyptus pendek/cepat, kenapa buka lahannya sampai ribuan hektar?

Yakin tanaman asli sebelumnya di hutan eucalyptus?

Kenapa sebagai produsen tidak mengontrol jumlah yg dipanen supaya harga tinggi dan bisa untung, bukan malah diobral",3,0,0,0,0,in
1884550207398097193,1884617185760596062,Wed Jan 29 14:58:46 +0000 2025,cikohours,"@kompascom ""Percaya NASA? Satelit aja ga bisa tembus kubah bumi"" .... 

🥲",0,0,2,0,0,in
1884550207398097193,1884614313069183163,Wed Jan 29 14:47:21 +0000 2025,NdoeL_2011,@kompascom Telah nampak kerusakan di muka  bumi akibat keserakahan manusia. Pada saatnya nanti bencana akan menimpa manusia akibat ulahnya dan ambisinya. https://t.co/B6pe2qjYuP,126,11,1,0,0,in
1884550207398097193,1884612518607454357,Wed Jan 29 14:40:13 +0000 2025,txtdrfry,"@kompascom Ada Palangkaraya yang tinggal dipoles jadi ibukota, malah ngide babat hutan.",2,0,1,0,0,in
1884550207398097193,1884612252361466232,Wed Jan 29 14:39:10 +0000 2025,archvidz,@anachmad75 @kompascom ini sarkas guyssss chill,2,0,0,0,0,in
1884550207398097193,1884610094450839667,Wed Jan 29 14:30:35 +0000 2025,sutan_bisma,@anachmad75 @kompascom njir banyak yg ke gocek..padahal ini bahasa satir.Seperti yg diomongin orang OSLO🤣,2,0,0,0,0,in
1884550207398097193,1884609122710262160,Wed Jan 29 14:26:43 +0000 2025,shintaeffendi,"@kompascom Perubahan wilayah sekitar area bandara #IKN 2021 sd 2024.
*Gimana ga banjir coba 😌 https://t.co/q4VUeomhZ8",283,40,2,0,0,in
1884550207398097193,1884609064233312259,Wed Jan 29 14:26:29 +0000 2025,z_ourly,"@RifkyLutfy @kompascom Krn itu buat ""trofi"" nya jokontol",4,0,0,0,0,in
1884550207398097193,1884608902547042777,Wed Jan 29 14:25:51 +0000 2025,Underpressure86,"@anachmad75 @kompascom Awokwok, jelas dong. Legal dan ilegal kan yang ngaturnya pemerintah juga",1,0,0,0,0,in
1884550207398097193,1884607108047663287,Wed Jan 29 14:18:43 +0000 2025,Sorayaame,@kompascom Sawit jg pohon😂🏃,5,1,1,0,0,in
1884550207398097193,1884604547483697549,Wed Jan 29 14:08:33 +0000 2025,NewTriyana,@iskandarsiakk @kompascom emang apa urusannya kita dengan LA dan Kanada? Ini bicara tentang negara kita Indonesia.,2,0,0,0,0,in
1884550207398097193,1884604069471551669,Wed Jan 29 14:06:39 +0000 2025,NewTriyana,@Tokopedika @kompascom goblok. sejak kapan keterbelakangan ditandai dengan wilayahnya banyak hutan?,7,0,0,0,0,in
1884550207398097193,1884603997560152430,Wed Jan 29 14:06:21 +0000 2025,pelat_baja,@kompascom klarifikasi ngeles apa lagi sih anjing,2,0,1,0,0,in
1884550207398097193,1884602914548937005,Wed Jan 29 14:02:03 +0000 2025,kpgnj,"@kompascom Itu baru kerusakan di Paser Penajam Utara saja. Di pulau seberang ada pula kerusakan lingkungan parah dari tambang galian C yang memasok material batu dan kerikil buat IKN.
👇🏾

https://t.co/pzSGBv4tyh",156,39,2,0,0,in
1884550207398097193,1884601335066276116,Wed Jan 29 13:55:47 +0000 2025,SmokesOnMyHead,@kompascom Jokowi bajingan 🤬,5,0,0,0,0,in
1884550207398097193,1884598941066674615,Wed Jan 29 13:46:16 +0000 2025,ari29_kop,@iskandarsiakk @kompascom https://t.co/NLrNxzA5WD,2,0,0,0,0,qme
1884550207398097193,1884598522823250206,Wed Jan 29 13:44:36 +0000 2025,KFukoshi,@anachmad75 @kompascom Yang kepancing belum lihat ngelesan Mulyono,4,0,0,0,0,in
1884550207398097193,1884596306326548970,Wed Jan 29 13:35:48 +0000 2025,012Meidy,"@kompascom Ini kah proyek maha ambisius itu, gak pakai uji akademik sat set langsung dikerjakan, yg penting ambisi tercapai. Ujung ujungnya beginilah bisa saja jadi kota mati, dan kegagalan dalam relokasi ibu kota negara.",2,0,0,0,0,in
1884550207398097193,1884595248535654500,Wed Jan 29 13:31:35 +0000 2025,arlandilandjono,@kompascom nanti juga diambil lagi oleh alam. liat aja nanti 2026 kayak apa.,3,1,0,0,0,in
1884550207398097193,1884594987612217452,Wed Jan 29 13:30:33 +0000 2025,cupang_fish,"@kompascom Di peta aja sejelas itu,gimana aktualnya? Berapa ratus ribu hektar yang di babat? Udah gitu sekarang kota - kotaan itu jadi candi doank,buat masyarakat sekitar juga gak ada faedahnya
Babi emang semua yang terlibat pembangunan",275,3,1,0,0,in
1884550207398097193,1884594984210534623,Wed Jan 29 13:30:32 +0000 2025,wietj4k,@kompascom Ini karena ulah dan syahwat 1 makhluk durjana https://t.co/bH1f7kbhQV,48,1,2,0,0,in
1884550207398097193,1884594890295910644,Wed Jan 29 13:30:10 +0000 2025,VirdazY,"@xxyayaxx_19 @anachmad75 @kompascom Itu  dia sarkas aja, ngikutin perkataan Jokowi gitu, waktu ditanya tentang sertifikat laut 😊",9,0,1,0,0,in
1884550207398097193,1884593518414536763,Wed Jan 29 13:24:43 +0000 2025,Redgerbil5,@anachmad75 @kompascom Satir/sarkasme membuat orang2 pendek akal kegocek.😂,15,0,1,0,0,in
1884550207398097193,1884591935031324974,Wed Jan 29 13:18:25 +0000 2025,Flankerchan,"@kompascom Bandingin ma Hambalang, gedean mana tuh ?",2,0,0,0,0,in
1884550207398097193,1884590905266745646,Wed Jan 29 13:14:20 +0000 2025,netoismine,@anachmad75 @kompascom gini amat penjilat pemerintah 😭🙏🏻,8,0,2,0,0,in
1884550207398097193,1884590662458499333,Wed Jan 29 13:13:22 +0000 2025,ArisPriyono_SPd,@anachmad75 @kompascom Legal dan Begal beda dikit ya broooo 😋😋😋😋😋,2,0,0,0,0,in
1884550207398097193,1884586898536226932,Wed Jan 29 12:58:25 +0000 2025,ferizandra,@kompascom Dimana kayu hutannya...? 🤔,14,0,5,0,0,in
1884550207398097193,1884584197278646295,Wed Jan 29 12:47:41 +0000 2025,samsubur,@RifkyLutfy @kompascom Tanya mulkowi,2,0,0,0,0,in
1884550207398097193,1884581355201482943,Wed Jan 29 12:36:23 +0000 2025,robotbera,@iskandarsiakk @kompascom yakaannn kita tinggal di bumi indonesya pa iskandaarrrrr aaakkhhgggg,11,0,1,0,0,in
1884550207398097193,1884580893622206866,Wed Jan 29 12:34:33 +0000 2025,kmpretoz,"@anachmad75 @kompascom Lebih ke begal, 
begal konstitusi
Begal hutan, 
begal laut",59,0,0,0,0,in
1884550207398097193,1884580808100643286,Wed Jan 29 12:34:13 +0000 2025,yogazzzt,@kompascom Untung ngga diliatin area Food Estate. https://t.co/nHeEeonbG8,8,1,0,0,0,tl
1884550207398097193,1884579679958642731,Wed Jan 29 12:29:44 +0000 2025,maxwell_photon,@anachmad75 @kompascom legal dengan mengusir warga adat? 👀,125,0,0,0,0,in
1884550207398097193,1884575048981528653,Wed Jan 29 12:11:20 +0000 2025,yesmar_banu,"@kompascom Balikpapan siap2 tambah banjir, hutan2 itu utk mengurangi air yg masuk di Balikpapan, setelah Bukit Suharto habis hutannya, skrg IKN pun sama.",132,7,3,0,0,in
1884550207398097193,1884571351337549950,Wed Jan 29 11:56:38 +0000 2025,EndraSept,"@kompascom dari dulu hutan Kalimantan disebutnya ""Paru-Paru Dunia"", semoga aja dgn publikasi NASA ga ada yg minat invest disana.",3,0,0,0,0,in
1884550207398097193,1884570277008584980,Wed Jan 29 11:52:22 +0000 2025,wong_clayten,"@kompascom Klarifikasi opo ???? Fakta kok diklarifikasi.
Yg perlu diklarifikasi itu 120 investor dr Korea, puluhan investor Qatar dan investor2 lain termasuk yg dari Wakanda dan planet Titan itu pada kemana ?",136,1,2,0,0,in
1884550207398097193,1884569757526921630,Wed Jan 29 11:50:18 +0000 2025,SemutRangrangGO,"@kompascom Pejabat2 nya pada rakus, didunia silahkan berbahagia.di neraka pertanggungjawaban nya 🔥",3,0,0,0,0,in
1884550207398097193,1884567098346660319,Wed Jan 29 11:39:44 +0000 2025,Faturexbenz,@kompascom Tanggungjawab mul @jokowi  jangan cengar-cengir mulu!!!,18,0,0,0,0,in
1884550207398097193,1884566917421396045,Wed Jan 29 11:39:01 +0000 2025,iskandarsiakk,@kompascom Los angeles dan Kanada lebih luas hutan terbakar tak diributkan,4,0,65,0,0,in
1884550207398097193,1884563855642443889,Wed Jan 29 11:26:51 +0000 2025,p4piKRiS,@anachmad75 @kompascom Kalo proyeknya pemerintah pasti (di?)legal(kan?)... kalo proyeknya swasta wani piro? 🤭😂,5,0,0,0,0,in
1884550207398097193,1884563543984619941,Wed Jan 29 11:25:37 +0000 2025,FKRSM_,@kompascom digundulin ya jelas menyusut,1,0,0,0,0,in
1884550207398097193,1884560031959355405,Wed Jan 29 11:11:39 +0000 2025,asun_damai,@kompascom Belum lagi 20 ha yg akan di tebang @RajaJuliAntoni,10,0,5,0,0,in
1884550207398097193,1884559304629571617,Wed Jan 29 11:08:46 +0000 2025,TaliUdeng,@kompascom Gpp.. Nanti ditanami pohon toge..,17,0,1,0,0,in
1884550207398097193,1884559251089076507,Wed Jan 29 11:08:33 +0000 2025,Abdoeljegger202,@kompascom Pak menhut @RajaJuliAntoni  sudah tahu belum nih.. jangan² tempe lagi kek HGB laut 🤣,46,0,5,0,0,in
1884550207398097193,1884559192721412458,Wed Jan 29 11:08:19 +0000 2025,ShopeeDate,@kompascom Yang pelihara siapa.. yang rusak siapa.. adalagi yang sok sok an tanam hijau..  padahal mau babat habis yang di Hutan..,18,1,0,0,0,in
1884550207398097193,1884557223843492310,Wed Jan 29 11:00:30 +0000 2025,RifkyLutfy,@kompascom knapa kita harus membangun kota baru dengan babat hutan sementara Kota di indonesia sangat banyak dan kurang ke urus.,504,9,7,0,0,in
1884550207398097193,1884555658869256697,Wed Jan 29 10:54:17 +0000 2025,Achmadquu,@kompascom Yang terpenting prosesnya legal,125,1,42,0,0,in
1884550207398097193,1884554032775307337,Wed Jan 29 10:47:49 +0000 2025,nanthera_aurora,@kompascom Belum yang ditebang di Papua,384,6,2,0,0,in
1884550207398097193,1884553677484265909,Wed Jan 29 10:46:24 +0000 2025,Generasiosing,@kompascom Butuh pemulihan bukan klarifikasi,1271,17,6,0,0,in
1884550207398097193,1884551552775729617,Wed Jan 29 10:37:58 +0000 2025,Notonogoro67941,@kompascom Klarifikasi dengan bacot ngk jelas,1609,23,3,0,0,in
1884550207398097193,1884550207398097193,Wed Jan 29 10:32:37 +0000 2025,kompascom,"NASA Rilis Foto Hutan IKN Menyusut, Otorita Beri Klarifikasi

Baca di https://t.co/OLYHcp3sT4 https://t.co/H2uwwPHUMO",19729,3977,706,0,0,in
